ibge,municipio,ano,resolucao,data_publicacao,parcela,componente,valor,arquivo
350010,Adamantina,2024,Res SS 18/2024,2024-02-08,1,fixo,210918.0,E_R-SS-18_080224.pdf
350010,Adamantina,2024,Res SS 140/2024,2024-06-20,2,fixo,210918.0,E_R-SS-140_200624.pdf
350010,Adamantina,2024,Res SS 140/2024,2024-06-20,2,variavel,133018.95,E_R-SS-140_200624.pdf
350010,Adamantina,2024,Res SS 140/2024,2024-06-20,3,fixo,210918.0,E_R-SS-140_200624.pdf
350010,Adamantina,2024,Res SS 140/2024,2024-06-20,3,variavel,133018.95,E_R-SS-140_200624.pdf
350010,Adamantina,2025,Res SS 13/2025,2025-01-24,1,fixo,175765.0,E_R-SS-13_240125.pdf
350010,Adamantina,2025,Res SS 97/2025,2025-05-30,2,fixo,175765.0,E_R-SS-97_300525.pdf
350010,Adamantina,2025,Res SS 180/2025,2025-10-08,1+2,variavel,200372.1,E_RS-SS-180_081025.pdf
350010,Adamantina,2025,Res SS 230/2025,2025-12-09,2,ajuste,54487.15,E_RS-SS-230_091225.pdf
350010,Adamantina,2025,Res SS 230/2025,2025-12-09,2025,bonus,0.0,E_RS-SS-230_091225.pdf
350010,Adamantina,2025,Res SS 230/2025,2025-12-09,3,fixo,175765.0,E_RS-SS-230_091225.pdf
350010,Adamantina,2025,Res SS 230/2025,2025-12-09,3,variavel,99307.23,E_RS-SS-230_091225.pdf
350010,Adamantina,2026,Res SS 111/2026,2026-06-09,1,fixo,175765.0,E_RS-SS-111_090626.pdf
350010,Adamantina,2026,Res SS 111/2026,2026-06-09,1,variavel,163461.45,E_RS-SS-111_090626.pdf
350010,Adamantina,2026,Res SS 185/2026,2026-09-08,2,fixo,175765.0,E_RS-SS-185_080926.pdf
350010,Adamantina,2026,Res SS 185/2026,2026-09-08,2,variavel,157749.09,E_RS-SS-185_080926.pdf
350020,Adolfo,2024,Res SS 18/2024,2024-02-08,1,fixo,21270.0,E_R-SS-18_080224.pdf
350020,Adolfo,2024,Res SS 140/2024,2024-06-20,2,fixo,21270.0,E_R-SS-140_200624.pdf
350020,Adolfo,2024,Res SS 140/2024,2024-06-20,2,variavel,13726.24,E_R-SS-140_200624.pdf
350020,Adolfo,2024,Res SS 140/2024,2024-06-20,3,fixo,21270.0,E_R-SS-140_200624.pdf
350020,Adolfo,2024,Res SS 140/2024,2024-06-20,3,variavel,13726.24,E_R-SS-140_200624.pdf
350020,Adolfo,2025,Res SS 13/2025,2025-01-24,1,fixo,17725.0,E_R-SS-13_240125.pdf
350020,Adolfo,2025,Res SS 97/2025,2025-05-30,2,fixo,17725.0,E_R-SS-97_300525.pdf
350020,Adolfo,2025,Res SS 180/2025,2025-10-08,1+2,variavel,27651.0,E_RS-SS-180_081025.pdf
350020,Adolfo,2025,Res SS 230/2025,2025-12-09,2,ajuste,1675.01,E_RS-SS-230_091225.pdf
350020,Adolfo,2025,Res SS 230/2025,2025-12-09,2025,bonus,0.0,E_RS-SS-230_091225.pdf
350020,Adolfo,2025,Res SS 230/2025,2025-12-09,3,fixo,17725.0,E_RS-SS-230_091225.pdf
350020,Adolfo,2025,Res SS 230/2025,2025-12-09,3,variavel,17725.0,E_RS-SS-230_091225.pdf
350020,Adolfo,2026,Res SS 111/2026,2026-06-09,1,fixo,17725.0,E_RS-SS-111_090626.pdf
350020,Adolfo,2026,Res SS 111/2026,2026-06-09,1,variavel,14180.0,E_RS-SS-111_090626.pdf
350020,Adolfo,2026,Res SS 185/2026,2026-09-08,2,fixo,17725.0,E_RS-SS-185_080926.pdf
350020,Adolfo,2026,Res SS 185/2026,2026-09-08,2,variavel,17636.38,E_RS-SS-185_080926.pdf
350030,Aguaí,2024,Res SS 18/2024,2024-02-08,1,fixo,221886.0,E_R-SS-18_080224.pdf
350030,Aguaí,2024,Res SS 140/2024,2024-06-20,2,fixo,221886.0,E_R-SS-140_200624.pdf
350030,Aguaí,2024,Res SS 140/2024,2024-06-20,2,variavel,130173.12,E_R-SS-140_200624.pdf
350030,Aguaí,2024,Res SS 140/2024,2024-06-20,3,fixo,221886.0,E_R-SS-140_200624.pdf
350030,Aguaí,2024,Res SS 140/2024,2024-06-20,3,variavel,130173.12,E_R-SS-140_200624.pdf
350030,Aguaí,2025,Res SS 13/2025,2025-01-24,1,fixo,184905.0,E_R-SS-13_240125.pdf
350030,Aguaí,2025,Res SS 97/2025,2025-05-30,2,fixo,184905.0,E_R-SS-97_300525.pdf
350030,Aguaí,2025,Res SS 180/2025,2025-10-08,1+2,variavel,110943.0,E_RS-SS-180_081025.pdf
350030,Aguaí,2025,Res SS 230/2025,2025-12-09,2,ajuste,99109.08,E_RS-SS-230_091225.pdf
350030,Aguaí,2025,Res SS 230/2025,2025-12-09,2025,bonus,0.0,E_RS-SS-230_091225.pdf
350030,Aguaí,2025,Res SS 230/2025,2025-12-09,3,fixo,184905.0,E_RS-SS-230_091225.pdf
350030,Aguaí,2025,Res SS 230/2025,2025-12-09,3,variavel,127584.45,E_RS-SS-230_091225.pdf
350030,Aguaí,2026,Res SS 111/2026,2026-06-09,1,fixo,184905.0,E_RS-SS-111_090626.pdf
350030,Aguaí,2026,Res SS 111/2026,2026-06-09,1,variavel,181206.9,E_RS-SS-111_090626.pdf
350030,Aguaí,2026,Res SS 185/2026,2026-09-08,2,fixo,184905.0,E_RS-SS-185_080926.pdf
350030,Aguaí,2026,Res SS 185/2026,2026-09-08,2,variavel,103084.54,E_RS-SS-185_080926.pdf
350040,Águas Da Prata,2024,Res SS 18/2024,2024-02-08,1,fixo,49572.0,E_R-SS-18_080224.pdf
350040,Águas Da Prata,2024,Res SS 140/2024,2024-06-20,2,fixo,49572.0,E_R-SS-140_200624.pdf
350040,Águas Da Prata,2024,Res SS 140/2024,2024-06-20,2,variavel,28355.18,E_R-SS-140_200624.pdf
350040,Águas Da Prata,2024,Res SS 140/2024,2024-06-20,3,fixo,49572.0,E_R-SS-140_200624.pdf
350040,Águas Da Prata,2024,Res SS 140/2024,2024-06-20,3,variavel,28355.18,E_R-SS-140_200624.pdf
350040,Águas Da Prata,2025,Res SS 13/2025,2025-01-24,1,fixo,41310.0,E_R-SS-13_240125.pdf
350040,Águas Da Prata,2025,Res SS 97/2025,2025-05-30,2,fixo,41310.0,E_R-SS-97_300525.pdf
350040,Águas Da Prata,2025,Res SS 180/2025,2025-10-08,1+2,variavel,77662.8,E_RS-SS-180_081025.pdf
350040,Águas Da Prata,2025,Res SS 230/2025,2025-12-09,2,ajuste,247.86,E_RS-SS-230_091225.pdf
350040,Águas Da Prata,2025,Res SS 230/2025,2025-12-09,2025,bonus,123930.0,E_RS-SS-230_091225.pdf
350040,Águas Da Prata,2025,Res SS 230/2025,2025-12-09,3,fixo,41310.0,E_RS-SS-230_091225.pdf
350040,Águas Da Prata,2025,Res SS 230/2025,2025-12-09,3,variavel,38934.68,E_RS-SS-230_091225.pdf
350040,Águas Da Prata,2026,Res SS 111/2026,2026-06-09,1,fixo,41310.0,E_RS-SS-111_090626.pdf
350040,Águas Da Prata,2026,Res SS 111/2026,2026-06-09,1,variavel,41310.0,E_RS-SS-111_090626.pdf
350040,Águas Da Prata,2026,Res SS 185/2026,2026-09-08,2,fixo,41310.0,E_RS-SS-185_080926.pdf
350040,Águas Da Prata,2026,Res SS 185/2026,2026-09-08,2,variavel,35423.33,E_RS-SS-185_080926.pdf
350050,Águas De Lindóia,2024,Res SS 18/2024,2024-02-08,1,fixo,56724.0,E_R-SS-18_080224.pdf
350050,Águas De Lindóia,2024,Res SS 140/2024,2024-06-20,2,fixo,56724.0,E_R-SS-140_200624.pdf
350050,Águas De Lindóia,2024,Res SS 140/2024,2024-06-20,2,variavel,22462.7,E_R-SS-140_200624.pdf
350050,Águas De Lindóia,2024,Res SS 140/2024,2024-06-20,3,fixo,56724.0,E_R-SS-140_200624.pdf
350050,Águas De Lindóia,2024,Res SS 140/2024,2024-06-20,3,variavel,22462.7,E_R-SS-140_200624.pdf
350050,Águas De Lindóia,2025,Res SS 13/2025,2025-01-24,1,fixo,47270.0,E_R-SS-13_240125.pdf
350050,Águas De Lindóia,2025,Res SS 97/2025,2025-05-30,2,fixo,47270.0,E_R-SS-97_300525.pdf
350050,Águas De Lindóia,2025,Res SS 180/2025,2025-10-08,1+2,variavel,35925.2,E_RS-SS-180_081025.pdf
350050,Águas De Lindóia,2025,Res SS 230/2025,2025-12-09,2,ajuste,5696.04,E_RS-SS-230_091225.pdf
350050,Águas De Lindóia,2025,Res SS 230/2025,2025-12-09,2025,bonus,0.0,E_RS-SS-230_091225.pdf
350050,Águas De Lindóia,2025,Res SS 230/2025,2025-12-09,3,fixo,47270.0,E_RS-SS-230_091225.pdf
350050,Águas De Lindóia,2025,Res SS 230/2025,2025-12-09,3,variavel,26707.55,E_RS-SS-230_091225.pdf
350050,Águas De Lindóia,2026,Res SS 111/2026,2026-06-09,1,fixo,47270.0,E_RS-SS-111_090626.pdf
350050,Águas De Lindóia,2026,Res SS 111/2026,2026-06-09,1,variavel,29780.1,E_RS-SS-111_090626.pdf
350050,Águas De Lindóia,2026,Res SS 185/2026,2026-09-08,2,fixo,47270.0,E_RS-SS-185_080926.pdf
350050,Águas De Lindóia,2026,Res SS 185/2026,2026-09-08,2,variavel,32852.65,E_RS-SS-185_080926.pdf
350055,Águas De Santa Bárbara,2024,Res SS 18/2024,2024-02-08,1,fixo,36852.0,E_R-SS-18_080224.pdf
350055,Águas De Santa Bárbara,2024,Res SS 140/2024,2024-06-20,2,fixo,36852.0,E_R-SS-140_200624.pdf
350055,Águas De Santa Bárbara,2024,Res SS 140/2024,2024-06-20,2,variavel,21079.34,E_R-SS-140_200624.pdf
350055,Águas De Santa Bárbara,2024,Res SS 140/2024,2024-06-20,3,fixo,36852.0,E_R-SS-140_200624.pdf
350055,Águas De Santa Bárbara,2024,Res SS 140/2024,2024-06-20,3,variavel,21079.34,E_R-SS-140_200624.pdf
350055,Águas De Santa Bárbara,2025,Res SS 13/2025,2025-01-24,1,fixo,30710.0,E_R-SS-13_240125.pdf
350055,Águas De Santa Bárbara,2025,Res SS 97/2025,2025-05-30,2,fixo,30710.0,E_R-SS-97_300525.pdf
350055,Águas De Santa Bárbara,2025,Res SS 180/2025,2025-10-08,1+2,variavel,37466.2,E_RS-SS-180_081025.pdf
350055,Águas De Santa Bárbara,2025,Res SS 230/2025,2025-12-09,2,ajuste,11669.8,E_RS-SS-230_091225.pdf
350055,Águas De Santa Bárbara,2025,Res SS 230/2025,2025-12-09,2025,bonus,0.0,E_RS-SS-230_091225.pdf
350055,Águas De Santa Bárbara,2025,Res SS 230/2025,2025-12-09,3,fixo,30710.0,E_RS-SS-230_091225.pdf
350055,Águas De Santa Bárbara,2025,Res SS 230/2025,2025-12-09,3,variavel,30710.0,E_RS-SS-230_091225.pdf
350055,Águas De Santa Bárbara,2026,Res SS 111/2026,2026-06-09,1,fixo,30710.0,E_RS-SS-111_090626.pdf
350055,Águas De Santa Bárbara,2026,Res SS 111/2026,2026-06-09,1,variavel,30710.0,E_RS-SS-111_090626.pdf
350055,Águas De Santa Bárbara,2026,Res SS 185/2026,2026-09-08,2,fixo,30710.0,E_RS-SS-185_080926.pdf
350055,Águas De Santa Bárbara,2026,Res SS 185/2026,2026-09-08,2,variavel,30710.0,E_RS-SS-185_080926.pdf
350060,Águas De São Pedro,2024,Res SS 18/2024,2024-02-08,1,fixo,10764.0,E_R-SS-18_080224.pdf
350060,Águas De São Pedro,2024,Res SS 140/2024,2024-06-20,2,fixo,10764.0,E_R-SS-140_200624.pdf
350060,Águas De São Pedro,2024,Res SS 140/2024,2024-06-20,2,variavel,5604.46,E_R-SS-140_200624.pdf
350060,Águas De São Pedro,2024,Res SS 140/2024,2024-06-20,3,fixo,10764.0,E_R-SS-140_200624.pdf
350060,Águas De São Pedro,2024,Res SS 140/2024,2024-06-20,3,variavel,5604.46,E_R-SS-140_200624.pdf
350060,Águas De São Pedro,2025,Res SS 13/2025,2025-01-24,1,fixo,8970.0,E_R-SS-13_240125.pdf
350060,Águas De São Pedro,2025,Res SS 97/2025,2025-05-30,2,fixo,8970.0,E_R-SS-97_300525.pdf
350060,Águas De São Pedro,2025,Res SS 180/2025,2025-10-08,1+2,variavel,17222.4,E_RS-SS-180_081025.pdf
350060,Águas De São Pedro,2025,Res SS 230/2025,2025-12-09,2,ajuste,71.76,E_RS-SS-230_091225.pdf
350060,Águas De São Pedro,2025,Res SS 230/2025,2025-12-09,2025,bonus,26910.0,E_RS-SS-230_091225.pdf
350060,Águas De São Pedro,2025,Res SS 230/2025,2025-12-09,3,fixo,8970.0,E_RS-SS-230_091225.pdf
350060,Águas De São Pedro,2025,Res SS 230/2025,2025-12-09,3,variavel,8970.0,E_RS-SS-230_091225.pdf
350060,Águas De São Pedro,2026,Res SS 111/2026,2026-06-09,1,fixo,8970.0,E_RS-SS-111_090626.pdf
350060,Águas De São Pedro,2026,Res SS 111/2026,2026-06-09,1,variavel,8970.0,E_RS-SS-111_090626.pdf
350060,Águas De São Pedro,2026,Res SS 185/2026,2026-09-08,2,fixo,8970.0,E_RS-SS-185_080926.pdf
350060,Águas De São Pedro,2026,Res SS 185/2026,2026-09-08,2,variavel,7176.0,E_RS-SS-185_080926.pdf
350070,Agudos,2024,Res SS 18/2024,2024-02-08,1,fixo,112746.0,E_R-SS-18_080224.pdf
350070,Agudos,2024,Res SS 140/2024,2024-06-20,2,fixo,112746.0,E_R-SS-140_200624.pdf
350070,Agudos,2024,Res SS 140/2024,2024-06-20,2,variavel,59529.89,E_R-SS-140_200624.pdf
350070,Agudos,2024,Res SS 140/2024,2024-06-20,3,fixo,112746.0,E_R-SS-140_200624.pdf
350070,Agudos,2024,Res SS 140/2024,2024-06-20,3,variavel,59529.89,E_R-SS-140_200624.pdf
350070,Agudos,2025,Res SS 13/2025,2025-01-24,1,fixo,93955.0,E_R-SS-13_240125.pdf
350070,Agudos,2025,Res SS 97/2025,2025-05-30,2,fixo,93955.0,E_R-SS-97_300525.pdf
350070,Agudos,2025,Res SS 180/2025,2025-10-08,1+2,variavel,187910.0,E_RS-SS-180_081025.pdf
350070,Agudos,2025,Res SS 230/2025,2025-12-09,2,ajuste,0.0,E_RS-SS-230_091225.pdf
350070,Agudos,2025,Res SS 230/2025,2025-12-09,2025,bonus,0.0,E_RS-SS-230_091225.pdf
350070,Agudos,2025,Res SS 230/2025,2025-12-09,3,fixo,93955.0,E_RS-SS-230_091225.pdf
350070,Agudos,2025,Res SS 230/2025,2025-12-09,3,variavel,93955.0,E_RS-SS-230_091225.pdf
350070,Agudos,2026,Res SS 111/2026,2026-06-09,1,fixo,93955.0,E_RS-SS-111_090626.pdf
350070,Agudos,2026,Res SS 111/2026,2026-06-09,1,variavel,65298.73,E_RS-SS-111_090626.pdf
350070,Agudos,2026,Res SS 185/2026,2026-09-08,2,fixo,93955.0,E_RS-SS-185_080926.pdf
350070,Agudos,2026,Res SS 185/2026,2026-09-08,2,variavel,62949.85,E_RS-SS-185_080926.pdf
350075,Alambari,2024,Res SS 18/2024,2024-02-08,1,fixo,37386.0,E_R-SS-18_080224.pdf
350075,Alambari,2024,Res SS 140/2024,2024-06-20,2,fixo,37386.0,E_R-SS-140_200624.pdf
350075,Alambari,2024,Res SS 140/2024,2024-06-20,2,variavel,23783.73,E_R-SS-140_200624.pdf
350075,Alambari,2024,Res SS 140/2024,2024-06-20,3,fixo,37386.0,E_R-SS-140_200624.pdf
350075,Alambari,2024,Res SS 140/2024,2024-06-20,3,variavel,23783.73,E_R-SS-140_200624.pdf
350075,Alambari,2025,Res SS 13/2025,2025-01-24,1,fixo,31155.0,E_R-SS-13_240125.pdf
350075,Alambari,2025,Res SS 97/2025,2025-05-30,2,fixo,31155.0,E_R-SS-97_300525.pdf
350075,Alambari,2025,Res SS 180/2025,2025-10-08,1+2,variavel,57948.3,E_RS-SS-180_081025.pdf
350075,Alambari,2025,Res SS 230/2025,2025-12-09,2,ajuste,0.0,E_RS-SS-230_091225.pdf
350075,Alambari,2025,Res SS 230/2025,2025-12-09,2025,bonus,0.0,E_RS-SS-230_091225.pdf
350075,Alambari,2025,Res SS 230/2025,2025-12-09,3,fixo,31155.0,E_RS-SS-230_091225.pdf
350075,Alambari,2025,Res SS 230/2025,2025-12-09,3,variavel,30220.35,E_RS-SS-230_091225.pdf
350075,Alambari,2026,Res SS 111/2026,2026-06-09,1,fixo,31155.0,E_RS-SS-111_090626.pdf
350075,Alambari,2026,Res SS 111/2026,2026-06-09,1,variavel,18615.11,E_RS-SS-111_090626.pdf
350075,Alambari,2026,Res SS 185/2026,2026-09-08,2,fixo,31155.0,E_RS-SS-185_080926.pdf
350075,Alambari,2026,Res SS 185/2026,2026-09-08,2,variavel,30531.9,E_RS-SS-185_080926.pdf
350080,Alfredo Marcondes,2024,Res SS 18/2024,2024-02-08,1,fixo,29407.0,E_R-SS-18_080224.pdf
350080,Alfredo Marcondes,2024,Res SS 140/2024,2024-06-20,2,fixo,29407.0,E_R-SS-140_200624.pdf
350080,Alfredo Marcondes,2024,Res SS 140/2024,2024-06-20,2,variavel,17683.41,E_R-SS-140_200624.pdf
350080,Alfredo Marcondes,2024,Res SS 140/2024,2024-06-20,3,fixo,29407.0,E_R-SS-140_200624.pdf
350080,Alfredo Marcondes,2024,Res SS 140/2024,2024-06-20,3,variavel,17683.41,E_R-SS-140_200624.pdf
350080,Alfredo Marcondes,2025,Res SS 13/2025,2025-01-24,1,fixo,24505.83,E_R-SS-13_240125.pdf
350080,Alfredo Marcondes,2025,Res SS 97/2025,2025-05-30,2,fixo,24505.83,E_R-SS-97_300525.pdf
350080,Alfredo Marcondes,2025,Res SS 180/2025,2025-10-08,1+2,variavel,49011.67,E_RS-SS-180_081025.pdf
350080,Alfredo Marcondes,2025,Res SS 230/2025,2025-12-09,2,ajuste,0.0,E_RS-SS-230_091225.pdf
350080,Alfredo Marcondes,2025,Res SS 230/2025,2025-12-09,2025,bonus,73517.5,E_RS-SS-230_091225.pdf
350080,Alfredo Marcondes,2025,Res SS 230/2025,2025-12-09,3,fixo,24505.83,E_RS-SS-230_091225.pdf
350080,Alfredo Marcondes,2025,Res SS 230/2025,2025-12-09,3,variavel,24505.83,E_RS-SS-230_091225.pdf
350080,Alfredo Marcondes,2026,Res SS 111/2026,2026-06-09,1,fixo,24505.83,E_RS-SS-111_090626.pdf
350080,Alfredo Marcondes,2026,Res SS 111/2026,2026-06-09,1,variavel,24505.83,E_RS-SS-111_090626.pdf
350080,Alfredo Marcondes,2026,Res SS 185/2026,2026-09-08,2,fixo,24505.83,E_RS-SS-185_080926.pdf
350080,Alfredo Marcondes,2026,Res SS 185/2026,2026-09-08,2,variavel,24505.83,E_RS-SS-185_080926.pdf
350090,Altair,2024,Res SS 18/2024,2024-02-08,1,fixo,12633.0,E_R-SS-18_080224.pdf
350090,Altair,2024,Res SS 140/2024,2024-06-20,2,fixo,12633.0,E_R-SS-140_200624.pdf
350090,Altair,2024,Res SS 140/2024,2024-06-20,2,variavel,7596.64,E_R-SS-140_200624.pdf
350090,Altair,2024,Res SS 140/2024,2024-06-20,3,fixo,12633.0,E_R-SS-140_200624.pdf
350090,Altair,2024,Res SS 140/2024,2024-06-20,3,variavel,7596.64,E_R-SS-140_200624.pdf
350090,Altair,2025,Res SS 13/2025,2025-01-24,1,fixo,10527.5,E_R-SS-13_240125.pdf
350090,Altair,2025,Res SS 97/2025,2025-05-30,2,fixo,10527.5,E_R-SS-97_300525.pdf
350090,Altair,2025,Res SS 180/2025,2025-10-08,1+2,variavel,13054.1,E_RS-SS-180_081025.pdf
350090,Altair,2025,Res SS 230/2025,2025-12-09,2,ajuste,1637.03,E_RS-SS-230_091225.pdf
350090,Altair,2025,Res SS 230/2025,2025-12-09,2025,bonus,0.0,E_RS-SS-230_091225.pdf
350090,Altair,2025,Res SS 230/2025,2025-12-09,3,fixo,10527.5,E_RS-SS-230_091225.pdf
350090,Altair,2025,Res SS 230/2025,2025-12-09,3,variavel,10527.5,E_RS-SS-230_091225.pdf
350090,Altair,2026,Res SS 111/2026,2026-06-09,1,fixo,10527.5,E_RS-SS-111_090626.pdf
350090,Altair,2026,Res SS 111/2026,2026-06-09,1,variavel,8316.73,E_RS-SS-111_090626.pdf
350090,Altair,2026,Res SS 185/2026,2026-09-08,2,fixo,10527.5,E_RS-SS-185_080926.pdf
350090,Altair,2026,Res SS 185/2026,2026-09-08,2,variavel,4211.0,E_RS-SS-185_080926.pdf
350100,Altinópolis,2024,Res SS 18/2024,2024-02-08,1,fixo,113547.0,E_R-SS-18_080224.pdf
350100,Altinópolis,2024,Res SS 140/2024,2024-06-20,2,fixo,113547.0,E_R-SS-140_200624.pdf
350100,Altinópolis,2024,Res SS 140/2024,2024-06-20,2,variavel,68279.6,E_R-SS-140_200624.pdf
350100,Altinópolis,2024,Res SS 140/2024,2024-06-20,3,fixo,113547.0,E_R-SS-140_200624.pdf
350100,Altinópolis,2024,Res SS 140/2024,2024-06-20,3,variavel,68279.6,E_R-SS-140_200624.pdf
350100,Altinópolis,2025,Res SS 13/2025,2025-01-24,1,fixo,94622.5,E_R-SS-13_240125.pdf
350100,Altinópolis,2025,Res SS 97/2025,2025-05-30,2,fixo,94622.5,E_R-SS-97_300525.pdf
350100,Altinópolis,2025,Res SS 180/2025,2025-10-08,1+2,variavel,71913.1,E_RS-SS-180_081025.pdf
350100,Altinópolis,2025,Res SS 230/2025,2025-12-09,2,ajuste,49392.95,E_RS-SS-230_091225.pdf
350100,Altinópolis,2025,Res SS 230/2025,2025-12-09,2025,bonus,0.0,E_RS-SS-230_091225.pdf
350100,Altinópolis,2025,Res SS 230/2025,2025-12-09,3,fixo,94622.5,E_RS-SS-230_091225.pdf
350100,Altinópolis,2025,Res SS 230/2025,2025-12-09,3,variavel,67181.98,E_RS-SS-230_091225.pdf
350100,Altinópolis,2026,Res SS 111/2026,2026-06-09,1,fixo,94622.5,E_RS-SS-111_090626.pdf
350100,Altinópolis,2026,Res SS 111/2026,2026-06-09,1,variavel,94622.5,E_RS-SS-111_090626.pdf
350100,Altinópolis,2026,Res SS 185/2026,2026-09-08,2,fixo,94622.5,E_RS-SS-185_080926.pdf
350100,Altinópolis,2026,Res SS 185/2026,2026-09-08,2,variavel,94622.5,E_RS-SS-185_080926.pdf
350110,Alto Alegre,2024,Res SS 18/2024,2024-02-08,1,fixo,24468.0,E_R-SS-18_080224.pdf
350110,Alto Alegre,2024,Res SS 140/2024,2024-06-20,2,fixo,24468.0,E_R-SS-140_200624.pdf
350110,Alto Alegre,2024,Res SS 140/2024,2024-06-20,2,variavel,6818.42,E_R-SS-140_200624.pdf
350110,Alto Alegre,2024,Res SS 140/2024,2024-06-20,3,fixo,24468.0,E_R-SS-140_200624.pdf
350110,Alto Alegre,2024,Res SS 140/2024,2024-06-20,3,variavel,6818.42,E_R-SS-140_200624.pdf
350110,Alto Alegre,2025,Res SS 13/2025,2025-01-24,1,fixo,20390.0,E_R-SS-13_240125.pdf
350110,Alto Alegre,2025,Res SS 97/2025,2025-05-30,2,fixo,20390.0,E_R-SS-97_300525.pdf
350110,Alto Alegre,2025,Res SS 180/2025,2025-10-08,1+2,variavel,31808.4,E_RS-SS-180_081025.pdf
350110,Alto Alegre,2025,Res SS 230/2025,2025-12-09,2,ajuste,0.0,E_RS-SS-230_091225.pdf
350110,Alto Alegre,2025,Res SS 230/2025,2025-12-09,2025,bonus,0.0,E_RS-SS-230_091225.pdf
350110,Alto Alegre,2025,Res SS 230/2025,2025-12-09,3,fixo,20390.0,E_RS-SS-230_091225.pdf
350110,Alto Alegre,2025,Res SS 230/2025,2025-12-09,3,variavel,20135.13,E_RS-SS-230_091225.pdf
350110,Alto Alegre,2026,Res SS 111/2026,2026-06-09,1,fixo,20390.0,E_RS-SS-111_090626.pdf
350110,Alto Alegre,2026,Res SS 111/2026,2026-06-09,1,variavel,14680.8,E_RS-SS-111_090626.pdf
350110,Alto Alegre,2026,Res SS 185/2026,2026-09-08,2,fixo,20390.0,E_RS-SS-185_080926.pdf
350110,Alto Alegre,2026,Res SS 185/2026,2026-09-08,2,variavel,9379.4,E_RS-SS-185_080926.pdf
350115,Alumínio,2024,Res SS 18/2024,2024-02-08,1,fixo,56709.0,E_R-SS-18_080224.pdf
350115,Alumínio,2024,Res SS 140/2024,2024-06-20,2,fixo,56709.0,E_R-SS-140_200624.pdf
350115,Alumínio,2024,Res SS 140/2024,2024-06-20,2,variavel,31917.72,E_R-SS-140_200624.pdf
350115,Alumínio,2024,Res SS 140/2024,2024-06-20,3,fixo,56709.0,E_R-SS-140_200624.pdf
350115,Alumínio,2024,Res SS 140/2024,2024-06-20,3,variavel,31917.72,E_R-SS-140_200624.pdf
350115,Alumínio,2025,Res SS 13/2025,2025-01-24,1,fixo,47257.5,E_R-SS-13_240125.pdf
350115,Alumínio,2025,Res SS 97/2025,2025-05-30,2,fixo,47257.5,E_R-SS-97_300525.pdf
350115,Alumínio,2025,Res SS 180/2025,2025-10-08,1+2,variavel,41586.6,E_RS-SS-180_081025.pdf
350115,Alumínio,2025,Res SS 230/2025,2025-12-09,2,ajuste,20533.38,E_RS-SS-230_091225.pdf
350115,Alumínio,2025,Res SS 230/2025,2025-12-09,2025,bonus,0.0,E_RS-SS-230_091225.pdf
350115,Alumínio,2025,Res SS 230/2025,2025-12-09,3,fixo,47257.5,E_RS-SS-230_091225.pdf
350115,Alumínio,2025,Res SS 230/2025,2025-12-09,3,variavel,42059.18,E_RS-SS-230_091225.pdf
350115,Alumínio,2026,Res SS 111/2026,2026-06-09,1,fixo,47257.5,E_RS-SS-111_090626.pdf
350115,Alumínio,2026,Res SS 111/2026,2026-06-09,1,variavel,44185.76,E_RS-SS-111_090626.pdf
350115,Alumínio,2026,Res SS 185/2026,2026-09-08,2,fixo,47257.5,E_RS-SS-185_080926.pdf
350115,Alumínio,2026,Res SS 185/2026,2026-09-08,2,variavel,47257.5,E_RS-SS-185_080926.pdf
350120,Álvares Florence,2024,Res SS 18/2024,2024-02-08,1,fixo,21696.0,E_R-SS-18_080224.pdf
350120,Álvares Florence,2024,Res SS 140/2024,2024-06-20,2,fixo,21696.0,E_R-SS-140_200624.pdf
350120,Álvares Florence,2024,Res SS 140/2024,2024-06-20,2,variavel,14464.0,E_R-SS-140_200624.pdf
350120,Álvares Florence,2024,Res SS 140/2024,2024-06-20,3,fixo,21696.0,E_R-SS-140_200624.pdf
350120,Álvares Florence,2024,Res SS 140/2024,2024-06-20,3,variavel,14464.0,E_R-SS-140_200624.pdf
350120,Álvares Florence,2025,Res SS 13/2025,2025-01-24,1,fixo,18080.0,E_R-SS-13_240125.pdf
350120,Álvares Florence,2025,Res SS 97/2025,2025-05-30,2,fixo,18080.0,E_R-SS-97_300525.pdf
350120,Álvares Florence,2025,Res SS 180/2025,2025-10-08,1+2,variavel,33628.8,E_RS-SS-180_081025.pdf
350120,Álvares Florence,2025,Res SS 230/2025,2025-12-09,2,ajuste,1084.8,E_RS-SS-230_091225.pdf
350120,Álvares Florence,2025,Res SS 230/2025,2025-12-09,2025,bonus,54240.0,E_RS-SS-230_091225.pdf
350120,Álvares Florence,2025,Res SS 230/2025,2025-12-09,3,fixo,18080.0,E_RS-SS-230_091225.pdf
350120,Álvares Florence,2025,Res SS 230/2025,2025-12-09,3,variavel,18080.0,E_RS-SS-230_091225.pdf
350120,Álvares Florence,2026,Res SS 111/2026,2026-06-09,1,fixo,18080.0,E_RS-SS-111_090626.pdf
350120,Álvares Florence,2026,Res SS 111/2026,2026-06-09,1,variavel,18080.0,E_RS-SS-111_090626.pdf
350120,Álvares Florence,2026,Res SS 185/2026,2026-09-08,2,fixo,18080.0,E_RS-SS-185_080926.pdf
350120,Álvares Florence,2026,Res SS 185/2026,2026-09-08,2,variavel,18080.0,E_RS-SS-185_080926.pdf
350130,Álvares Machado,2024,Res SS 18/2024,2024-02-08,1,fixo,200624.0,E_R-SS-18_080224.pdf
350130,Álvares Machado,2024,Res SS 140/2024,2024-06-20,2,fixo,200624.0,E_R-SS-140_200624.pdf
350130,Álvares Machado,2024,Res SS 140/2024,2024-06-20,2,variavel,119906.28,E_R-SS-140_200624.pdf
350130,Álvares Machado,2024,Res SS 140/2024,2024-06-20,3,fixo,200624.0,E_R-SS-140_200624.pdf
350130,Álvares Machado,2024,Res SS 140/2024,2024-06-20,3,variavel,119906.28,E_R-SS-140_200624.pdf
350130,Álvares Machado,2025,Res SS 13/2025,2025-01-24,1,fixo,167186.67,E_R-SS-13_240125.pdf
350130,Álvares Machado,2025,Res SS 97/2025,2025-05-30,2,fixo,167186.67,E_R-SS-97_300525.pdf
350130,Álvares Machado,2025,Res SS 180/2025,2025-10-08,1+2,variavel,197280.27,E_RS-SS-180_081025.pdf
350130,Álvares Machado,2025,Res SS 230/2025,2025-12-09,2,ajuste,11703.07,E_RS-SS-230_091225.pdf
350130,Álvares Machado,2025,Res SS 230/2025,2025-12-09,2025,bonus,0.0,E_RS-SS-230_091225.pdf
350130,Álvares Machado,2025,Res SS 230/2025,2025-12-09,3,fixo,167186.67,E_RS-SS-230_091225.pdf
350130,Álvares Machado,2025,Res SS 230/2025,2025-12-09,3,variavel,159663.27,E_RS-SS-230_091225.pdf
350130,Álvares Machado,2026,Res SS 111/2026,2026-06-09,1,fixo,167186.67,E_RS-SS-111_090626.pdf
350130,Álvares Machado,2026,Res SS 111/2026,2026-06-09,1,variavel,167186.67,E_RS-SS-111_090626.pdf
350130,Álvares Machado,2026,Res SS 185/2026,2026-09-08,2,fixo,167186.67,E_RS-SS-185_080926.pdf
350130,Álvares Machado,2026,Res SS 185/2026,2026-09-08,2,variavel,116194.73,E_RS-SS-185_080926.pdf
350140,Álvaro De Carvalho,2024,Res SS 18/2024,2024-02-08,1,fixo,42560.0,E_R-SS-18_080224.pdf
350140,Álvaro De Carvalho,2024,Res SS 140/2024,2024-06-20,2,fixo,42560.0,E_R-SS-140_200624.pdf
350140,Álvaro De Carvalho,2024,Res SS 140/2024,2024-06-20,2,variavel,23720.11,E_R-SS-140_200624.pdf
350140,Álvaro De Carvalho,2024,Res SS 140/2024,2024-06-20,3,fixo,42560.0,E_R-SS-140_200624.pdf
350140,Álvaro De Carvalho,2024,Res SS 140/2024,2024-06-20,3,variavel,23720.11,E_R-SS-140_200624.pdf
350140,Álvaro De Carvalho,2025,Res SS 13/2025,2025-01-24,1,fixo,35466.67,E_R-SS-13_240125.pdf
350140,Álvaro De Carvalho,2025,Res SS 97/2025,2025-05-30,2,fixo,35466.67,E_R-SS-97_300525.pdf
350140,Álvaro De Carvalho,2025,Res SS 180/2025,2025-10-08,1+2,variavel,48944.0,E_RS-SS-180_081025.pdf
350140,Álvaro De Carvalho,2025,Res SS 230/2025,2025-12-09,2,ajuste,0.0,E_RS-SS-230_091225.pdf
350140,Álvaro De Carvalho,2025,Res SS 230/2025,2025-12-09,2025,bonus,0.0,E_RS-SS-230_091225.pdf
350140,Álvaro De Carvalho,2025,Res SS 230/2025,2025-12-09,3,fixo,35466.67,E_RS-SS-230_091225.pdf
350140,Álvaro De Carvalho,2025,Res SS 230/2025,2025-12-09,3,variavel,35466.67,E_RS-SS-230_091225.pdf
350140,Álvaro De Carvalho,2026,Res SS 111/2026,2026-06-09,1,fixo,35466.67,E_RS-SS-111_090626.pdf
350140,Álvaro De Carvalho,2026,Res SS 111/2026,2026-06-09,1,variavel,26954.67,E_RS-SS-111_090626.pdf
350140,Álvaro De Carvalho,2026,Res SS 185/2026,2026-09-08,2,fixo,35466.67,E_RS-SS-185_080926.pdf
350140,Álvaro De Carvalho,2026,Res SS 185/2026,2026-09-08,2,variavel,19152.0,E_RS-SS-185_080926.pdf
350150,Alvinlândia,2024,Res SS 18/2024,2024-02-08,1,fixo,22757.0,E_R-SS-18_080224.pdf
350150,Alvinlândia,2024,Res SS 140/2024,2024-06-20,2,fixo,22757.0,E_R-SS-140_200624.pdf
350150,Alvinlândia,2024,Res SS 140/2024,2024-06-20,2,variavel,14143.48,E_R-SS-140_200624.pdf
350150,Alvinlândia,2024,Res SS 140/2024,2024-06-20,3,fixo,22757.0,E_R-SS-140_200624.pdf
350150,Alvinlândia,2024,Res SS 140/2024,2024-06-20,3,variavel,14143.48,E_R-SS-140_200624.pdf
350150,Alvinlândia,2025,Res SS 13/2025,2025-01-24,1,fixo,18964.17,E_R-SS-13_240125.pdf
350150,Alvinlândia,2025,Res SS 97/2025,2025-05-30,2,fixo,18964.17,E_R-SS-97_300525.pdf
350150,Alvinlândia,2025,Res SS 180/2025,2025-10-08,1+2,variavel,32618.37,E_RS-SS-180_081025.pdf
350150,Alvinlândia,2025,Res SS 230/2025,2025-12-09,2,ajuste,0.0,E_RS-SS-230_091225.pdf
350150,Alvinlândia,2025,Res SS 230/2025,2025-12-09,2025,bonus,0.0,E_RS-SS-230_091225.pdf
350150,Alvinlândia,2025,Res SS 230/2025,2025-12-09,3,fixo,18964.17,E_RS-SS-230_091225.pdf
350150,Alvinlândia,2025,Res SS 230/2025,2025-12-09,3,variavel,18584.88,E_RS-SS-230_091225.pdf
350150,Alvinlândia,2026,Res SS 111/2026,2026-06-09,1,fixo,18964.17,E_RS-SS-111_090626.pdf
350150,Alvinlândia,2026,Res SS 111/2026,2026-06-09,1,variavel,16024.72,E_RS-SS-111_090626.pdf
350150,Alvinlândia,2026,Res SS 185/2026,2026-09-08,2,fixo,18964.17,E_RS-SS-185_080926.pdf
350150,Alvinlândia,2026,Res SS 185/2026,2026-09-08,2,variavel,12326.71,E_RS-SS-185_080926.pdf
350160,Americana,2024,Res SS 18/2024,2024-02-08,1,fixo,733110.0,E_R-SS-18_080224.pdf
350160,Americana,2024,Res SS 140/2024,2024-06-20,2,fixo,733110.0,E_R-SS-140_200624.pdf
350160,Americana,2024,Res SS 140/2024,2024-06-20,2,variavel,408586.64,E_R-SS-140_200624.pdf
350160,Americana,2024,Res SS 140/2024,2024-06-20,3,fixo,733110.0,E_R-SS-140_200624.pdf
350160,Americana,2024,Res SS 140/2024,2024-06-20,3,variavel,408586.64,E_R-SS-140_200624.pdf
350160,Americana,2025,Res SS 13/2025,2025-01-24,1,fixo,610925.0,E_R-SS-13_240125.pdf
350160,Americana,2025,Res SS 97/2025,2025-05-30,2,fixo,610925.0,E_R-SS-97_300525.pdf
350160,Americana,2025,Res SS 180/2025,2025-10-08,1+2,variavel,598706.5,E_RS-SS-180_081025.pdf
350160,Americana,2025,Res SS 230/2025,2025-12-09,2,ajuste,161895.13,E_RS-SS-230_091225.pdf
350160,Americana,2025,Res SS 230/2025,2025-12-09,2025,bonus,0.0,E_RS-SS-230_091225.pdf
350160,Americana,2025,Res SS 230/2025,2025-12-09,3,fixo,610925.0,E_RS-SS-230_091225.pdf
350160,Americana,2025,Res SS 230/2025,2025-12-09,3,variavel,603288.44,E_RS-SS-230_091225.pdf
350160,Americana,2026,Res SS 111/2026,2026-06-09,1,fixo,610925.0,E_RS-SS-111_090626.pdf
350160,Americana,2026,Res SS 111/2026,2026-06-09,1,variavel,574269.5,E_RS-SS-111_090626.pdf
350160,Americana,2026,Res SS 185/2026,2026-09-08,2,fixo,610925.0,E_RS-SS-185_080926.pdf
350160,Americana,2026,Res SS 185/2026,2026-09-08,2,variavel,574269.5,E_RS-SS-185_080926.pdf
350170,Américo Brasiliense,2024,Res SS 18/2024,2024-02-08,1,fixo,124635.0,E_R-SS-18_080224.pdf
350170,Américo Brasiliense,2024,Res SS 140/2024,2024-06-20,2,fixo,124635.0,E_R-SS-140_200624.pdf
350170,Américo Brasiliense,2024,Res SS 140/2024,2024-06-20,2,variavel,69463.24,E_R-SS-140_200624.pdf
350170,Américo Brasiliense,2024,Res SS 140/2024,2024-06-20,3,fixo,124635.0,E_R-SS-140_200624.pdf
350170,Américo Brasiliense,2024,Res SS 140/2024,2024-06-20,3,variavel,69463.24,E_R-SS-140_200624.pdf
350170,Américo Brasiliense,2025,Res SS 13/2025,2025-01-24,1,fixo,103862.5,E_R-SS-13_240125.pdf
350170,Américo Brasiliense,2025,Res SS 97/2025,2025-05-30,2,fixo,103862.5,E_R-SS-97_300525.pdf
350170,Américo Brasiliense,2025,Res SS 180/2025,2025-10-08,1+2,variavel,81012.75,E_RS-SS-180_081025.pdf
350170,Américo Brasiliense,2025,Res SS 230/2025,2025-12-09,2,ajuste,41752.73,E_RS-SS-230_091225.pdf
350170,Américo Brasiliense,2025,Res SS 230/2025,2025-12-09,2025,bonus,0.0,E_RS-SS-230_091225.pdf
350170,Américo Brasiliense,2025,Res SS 230/2025,2025-12-09,3,fixo,103862.5,E_RS-SS-230_091225.pdf
350170,Américo Brasiliense,2025,Res SS 230/2025,2025-12-09,3,variavel,103862.5,E_RS-SS-230_091225.pdf
350170,Américo Brasiliense,2026,Res SS 111/2026,2026-06-09,1,fixo,103862.5,E_RS-SS-111_090626.pdf
350170,Américo Brasiliense,2026,Res SS 111/2026,2026-06-09,1,variavel,101785.25,E_RS-SS-111_090626.pdf
350170,Américo Brasiliense,2026,Res SS 185/2026,2026-09-08,2,fixo,103862.5,E_RS-SS-185_080926.pdf
350170,Américo Brasiliense,2026,Res SS 185/2026,2026-09-08,2,variavel,94514.88,E_RS-SS-185_080926.pdf
350180,Américo De Campos,2024,Res SS 18/2024,2024-02-08,1,fixo,47944.0,E_R-SS-18_080224.pdf
350180,Américo De Campos,2024,Res SS 140/2024,2024-06-20,2,fixo,47944.0,E_R-SS-140_200624.pdf
350180,Américo De Campos,2024,Res SS 140/2024,2024-06-20,2,variavel,27336.07,E_R-SS-140_200624.pdf
350180,Américo De Campos,2024,Res SS 140/2024,2024-06-20,3,fixo,47944.0,E_R-SS-140_200624.pdf
350180,Américo De Campos,2024,Res SS 140/2024,2024-06-20,3,variavel,27336.07,E_R-SS-140_200624.pdf
350180,Américo De Campos,2025,Res SS 13/2025,2025-01-24,1,fixo,39953.33,E_R-SS-13_240125.pdf
350180,Américo De Campos,2025,Res SS 97/2025,2025-05-30,2,fixo,39953.33,E_R-SS-97_300525.pdf
350180,Américo De Campos,2025,Res SS 180/2025,2025-10-08,1+2,variavel,75112.27,E_RS-SS-180_081025.pdf
350180,Américo De Campos,2025,Res SS 230/2025,2025-12-09,2,ajuste,0.0,E_RS-SS-230_091225.pdf
350180,Américo De Campos,2025,Res SS 230/2025,2025-12-09,2025,bonus,0.0,E_RS-SS-230_091225.pdf
350180,Américo De Campos,2025,Res SS 230/2025,2025-12-09,3,fixo,39953.33,E_RS-SS-230_091225.pdf
350180,Américo De Campos,2025,Res SS 230/2025,2025-12-09,3,variavel,39753.57,E_RS-SS-230_091225.pdf
350180,Américo De Campos,2026,Res SS 111/2026,2026-06-09,1,fixo,39953.33,E_RS-SS-111_090626.pdf
350180,Américo De Campos,2026,Res SS 111/2026,2026-06-09,1,variavel,33560.8,E_RS-SS-111_090626.pdf
350180,Américo De Campos,2026,Res SS 185/2026,2026-09-08,2,fixo,39953.33,E_RS-SS-185_080926.pdf
350180,Américo De Campos,2026,Res SS 185/2026,2026-09-08,2,variavel,33560.8,E_RS-SS-185_080926.pdf
350190,Amparo,2024,Res SS 18/2024,2024-02-08,1,fixo,219435.0,E_R-SS-18_080224.pdf
350190,Amparo,2024,Res SS 140/2024,2024-06-20,2,fixo,219435.0,E_R-SS-140_200624.pdf
350190,Amparo,2024,Res SS 140/2024,2024-06-20,2,variavel,138390.34,E_R-SS-140_200624.pdf
350190,Amparo,2024,Res SS 140/2024,2024-06-20,3,fixo,219435.0,E_R-SS-140_200624.pdf
350190,Amparo,2024,Res SS 140/2024,2024-06-20,3,variavel,138390.34,E_R-SS-140_200624.pdf
350190,Amparo,2025,Res SS 13/2025,2025-01-24,1,fixo,182862.5,E_R-SS-13_240125.pdf
350190,Amparo,2025,Res SS 97/2025,2025-05-30,2,fixo,182862.5,E_R-SS-97_300525.pdf
350190,Amparo,2025,Res SS 180/2025,2025-10-08,1+2,variavel,124346.5,E_RS-SS-180_081025.pdf
350190,Amparo,2025,Res SS 230/2025,2025-12-09,2,ajuste,49464.31,E_RS-SS-230_091225.pdf
350190,Amparo,2025,Res SS 230/2025,2025-12-09,2025,bonus,0.0,E_RS-SS-230_091225.pdf
350190,Amparo,2025,Res SS 230/2025,2025-12-09,3,fixo,182862.5,E_RS-SS-230_091225.pdf
350190,Amparo,2025,Res SS 230/2025,2025-12-09,3,variavel,134403.94,E_RS-SS-230_091225.pdf
350190,Amparo,2026,Res SS 111/2026,2026-06-09,1,fixo,182862.5,E_RS-SS-111_090626.pdf
350190,Amparo,2026,Res SS 111/2026,2026-06-09,1,variavel,162747.63,E_RS-SS-111_090626.pdf
350190,Amparo,2026,Res SS 185/2026,2026-09-08,2,fixo,182862.5,E_RS-SS-185_080926.pdf
350190,Amparo,2026,Res SS 185/2026,2026-09-08,2,variavel,115203.38,E_RS-SS-185_080926.pdf
350200,Analândia,2024,Res SS 18/2024,2024-02-08,1,fixo,15345.0,E_R-SS-18_080224.pdf
350200,Analândia,2024,Res SS 140/2024,2024-06-20,2,fixo,15345.0,E_R-SS-140_200624.pdf
350200,Analândia,2024,Res SS 140/2024,2024-06-20,2,variavel,8777.34,E_R-SS-140_200624.pdf
350200,Analândia,2024,Res SS 140/2024,2024-06-20,3,fixo,15345.0,E_R-SS-140_200624.pdf
350200,Analândia,2024,Res SS 140/2024,2024-06-20,3,variavel,8777.34,E_R-SS-140_200624.pdf
350200,Analândia,2025,Res SS 13/2025,2025-01-24,1,fixo,12787.5,E_R-SS-13_240125.pdf
350200,Analândia,2025,Res SS 97/2025,2025-05-30,2,fixo,12787.5,E_R-SS-97_300525.pdf
350200,Analândia,2025,Res SS 180/2025,2025-10-08,1+2,variavel,13043.25,E_RS-SS-180_081025.pdf
350200,Analândia,2025,Res SS 230/2025,2025-12-09,2,ajuste,5294.03,E_RS-SS-230_091225.pdf
350200,Analândia,2025,Res SS 230/2025,2025-12-09,2025,bonus,0.0,E_RS-SS-230_091225.pdf
350200,Analândia,2025,Res SS 230/2025,2025-12-09,3,fixo,12787.5,E_RS-SS-230_091225.pdf
350200,Analândia,2025,Res SS 230/2025,2025-12-09,3,variavel,12787.5,E_RS-SS-230_091225.pdf
350200,Analândia,2026,Res SS 111/2026,2026-06-09,1,fixo,12787.5,E_RS-SS-111_090626.pdf
350200,Analândia,2026,Res SS 111/2026,2026-06-09,1,variavel,12787.5,E_RS-SS-111_090626.pdf
350200,Analândia,2026,Res SS 185/2026,2026-09-08,2,fixo,12787.5,E_RS-SS-185_080926.pdf
350200,Analândia,2026,Res SS 185/2026,2026-09-08,2,variavel,11956.31,E_RS-SS-185_080926.pdf
350210,Andradina,2024,Res SS 18/2024,2024-02-08,1,fixo,286225.0,E_R-SS-18_080224.pdf
350210,Andradina,2024,Res SS 140/2024,2024-06-20,2,fixo,286225.0,E_R-SS-140_200624.pdf
350210,Andradina,2024,Res SS 140/2024,2024-06-20,2,variavel,160286.0,E_R-SS-140_200624.pdf
350210,Andradina,2024,Res SS 140/2024,2024-06-20,3,fixo,286225.0,E_R-SS-140_200624.pdf
350210,Andradina,2024,Res SS 140/2024,2024-06-20,3,variavel,160286.0,E_R-SS-140_200624.pdf
350210,Andradina,2025,Res SS 13/2025,2025-01-24,1,fixo,238520.83,E_R-SS-13_240125.pdf
350210,Andradina,2025,Res SS 97/2025,2025-05-30,2,fixo,238520.83,E_R-SS-97_300525.pdf
350210,Andradina,2025,Res SS 180/2025,2025-10-08,1+2,variavel,171735.0,E_RS-SS-180_081025.pdf
350210,Andradina,2025,Res SS 230/2025,2025-12-09,2,ajuste,89445.31,E_RS-SS-230_091225.pdf
350210,Andradina,2025,Res SS 230/2025,2025-12-09,2025,bonus,0.0,E_RS-SS-230_091225.pdf
350210,Andradina,2025,Res SS 230/2025,2025-12-09,3,fixo,238520.83,E_RS-SS-230_091225.pdf
350210,Andradina,2025,Res SS 230/2025,2025-12-09,3,variavel,172927.6,E_RS-SS-230_091225.pdf
350210,Andradina,2026,Res SS 111/2026,2026-06-09,1,fixo,238520.83,E_RS-SS-111_090626.pdf
350210,Andradina,2026,Res SS 111/2026,2026-06-09,1,variavel,163386.77,E_RS-SS-111_090626.pdf
350210,Andradina,2026,Res SS 185/2026,2026-09-08,2,fixo,238520.83,E_RS-SS-185_080926.pdf
350210,Andradina,2026,Res SS 185/2026,2026-09-08,2,variavel,202146.41,E_RS-SS-185_080926.pdf
350220,Angatuba,2024,Res SS 18/2024,2024-02-08,1,fixo,154344.0,E_R-SS-18_080224.pdf
350220,Angatuba,2024,Res SS 140/2024,2024-06-20,2,fixo,154344.0,E_R-SS-140_200624.pdf
350220,Angatuba,2024,Res SS 140/2024,2024-06-20,2,variavel,87718.84,E_R-SS-140_200624.pdf
350220,Angatuba,2024,Res SS 140/2024,2024-06-20,3,fixo,154344.0,E_R-SS-140_200624.pdf
350220,Angatuba,2024,Res SS 140/2024,2024-06-20,3,variavel,87718.84,E_R-SS-140_200624.pdf
350220,Angatuba,2025,Res SS 13/2025,2025-01-24,1,fixo,128620.0,E_R-SS-13_240125.pdf
350220,Angatuba,2025,Res SS 97/2025,2025-05-30,2,fixo,128620.0,E_R-SS-97_300525.pdf
350220,Angatuba,2025,Res SS 180/2025,2025-10-08,1+2,variavel,180068.0,E_RS-SS-180_081025.pdf
350220,Angatuba,2025,Res SS 230/2025,2025-12-09,2,ajuste,38586.0,E_RS-SS-230_091225.pdf
350220,Angatuba,2025,Res SS 230/2025,2025-12-09,2025,bonus,0.0,E_RS-SS-230_091225.pdf
350220,Angatuba,2025,Res SS 230/2025,2025-12-09,3,fixo,128620.0,E_RS-SS-230_091225.pdf
350220,Angatuba,2025,Res SS 230/2025,2025-12-09,3,variavel,74599.6,E_RS-SS-230_091225.pdf
350220,Angatuba,2026,Res SS 111/2026,2026-06-09,1,fixo,128620.0,E_RS-SS-111_090626.pdf
350220,Angatuba,2026,Res SS 111/2026,2026-06-09,1,variavel,88426.25,E_RS-SS-111_090626.pdf
350220,Angatuba,2026,Res SS 185/2026,2026-09-08,2,fixo,128620.0,E_RS-SS-185_080926.pdf
350220,Angatuba,2026,Res SS 185/2026,2026-09-08,2,variavel,121867.45,E_RS-SS-185_080926.pdf
350230,Anhembi,2024,Res SS 18/2024,2024-02-08,1,fixo,55288.0,E_R-SS-18_080224.pdf
350230,Anhembi,2024,Res SS 140/2024,2024-06-20,2,fixo,55288.0,E_R-SS-140_200624.pdf
350230,Anhembi,2024,Res SS 140/2024,2024-06-20,2,variavel,29192.06,E_R-SS-140_200624.pdf
350230,Anhembi,2024,Res SS 140/2024,2024-06-20,3,fixo,55288.0,E_R-SS-140_200624.pdf
350230,Anhembi,2024,Res SS 140/2024,2024-06-20,3,variavel,29192.06,E_R-SS-140_200624.pdf
350230,Anhembi,2025,Res SS 13/2025,2025-01-24,1,fixo,46073.33,E_R-SS-13_240125.pdf
350230,Anhembi,2025,Res SS 97/2025,2025-05-30,2,fixo,46073.33,E_R-SS-97_300525.pdf
350230,Anhembi,2025,Res SS 180/2025,2025-10-08,1+2,variavel,82932.0,E_RS-SS-180_081025.pdf
350230,Anhembi,2025,Res SS 230/2025,2025-12-09,2,ajuste,0.0,E_RS-SS-230_091225.pdf
350230,Anhembi,2025,Res SS 230/2025,2025-12-09,2025,bonus,0.0,E_RS-SS-230_091225.pdf
350230,Anhembi,2025,Res SS 230/2025,2025-12-09,3,fixo,46073.33,E_RS-SS-230_091225.pdf
350230,Anhembi,2025,Res SS 230/2025,2025-12-09,3,variavel,34670.18,E_RS-SS-230_091225.pdf
350230,Anhembi,2026,Res SS 111/2026,2026-06-09,1,fixo,46073.33,E_RS-SS-111_090626.pdf
350230,Anhembi,2026,Res SS 111/2026,2026-06-09,1,variavel,28104.73,E_RS-SS-111_090626.pdf
350230,Anhembi,2026,Res SS 185/2026,2026-09-08,2,fixo,46073.33,E_RS-SS-185_080926.pdf
350230,Anhembi,2026,Res SS 185/2026,2026-09-08,2,variavel,34094.27,E_RS-SS-185_080926.pdf
350240,Anhumas,2024,Res SS 18/2024,2024-02-08,1,fixo,25032.0,E_R-SS-18_080224.pdf
350240,Anhumas,2024,Res SS 140/2024,2024-06-20,2,fixo,25032.0,E_R-SS-140_200624.pdf
350240,Anhumas,2024,Res SS 140/2024,2024-06-20,2,variavel,16153.98,E_R-SS-140_200624.pdf
350240,Anhumas,2024,Res SS 140/2024,2024-06-20,3,fixo,25032.0,E_R-SS-140_200624.pdf
350240,Anhumas,2024,Res SS 140/2024,2024-06-20,3,variavel,16153.98,E_R-SS-140_200624.pdf
350240,Anhumas,2025,Res SS 13/2025,2025-01-24,1,fixo,20860.0,E_R-SS-13_240125.pdf
350240,Anhumas,2025,Res SS 97/2025,2025-05-30,2,fixo,20860.0,E_R-SS-97_300525.pdf
350240,Anhumas,2025,Res SS 180/2025,2025-10-08,1+2,variavel,35044.8,E_RS-SS-180_081025.pdf
350240,Anhumas,2025,Res SS 230/2025,2025-12-09,2,ajuste,0.0,E_RS-SS-230_091225.pdf
350240,Anhumas,2025,Res SS 230/2025,2025-12-09,2025,bonus,0.0,E_RS-SS-230_091225.pdf
350240,Anhumas,2025,Res SS 230/2025,2025-12-09,3,fixo,20860.0,E_RS-SS-230_091225.pdf
350240,Anhumas,2025,Res SS 230/2025,2025-12-09,3,variavel,16375.1,E_RS-SS-230_091225.pdf
350240,Anhumas,2026,Res SS 111/2026,2026-06-09,1,fixo,20860.0,E_RS-SS-111_090626.pdf
350240,Anhumas,2026,Res SS 111/2026,2026-06-09,1,variavel,18043.9,E_RS-SS-111_090626.pdf
350240,Anhumas,2026,Res SS 185/2026,2026-09-08,2,fixo,20860.0,E_RS-SS-185_080926.pdf
350240,Anhumas,2026,Res SS 185/2026,2026-09-08,2,variavel,11264.4,E_RS-SS-185_080926.pdf
350250,Aparecida,2024,Res SS 18/2024,2024-02-08,1,fixo,108633.0,E_R-SS-18_080224.pdf
350250,Aparecida,2024,Res SS 140/2024,2024-06-20,2,fixo,108633.0,E_R-SS-140_200624.pdf
350250,Aparecida,2024,Res SS 140/2024,2024-06-20,2,variavel,57358.22,E_R-SS-140_200624.pdf
350250,Aparecida,2024,Res SS 140/2024,2024-06-20,3,fixo,108633.0,E_R-SS-140_200624.pdf
350250,Aparecida,2024,Res SS 140/2024,2024-06-20,3,variavel,57358.22,E_R-SS-140_200624.pdf
350250,Aparecida,2025,Res SS 13/2025,2025-01-24,1,fixo,90527.5,E_R-SS-13_240125.pdf
350250,Aparecida,2025,Res SS 97/2025,2025-05-30,2,fixo,90527.5,E_R-SS-97_300525.pdf
350250,Aparecida,2025,Res SS 180/2025,2025-10-08,1+2,variavel,63369.25,E_RS-SS-180_081025.pdf
350250,Aparecida,2025,Res SS 230/2025,2025-12-09,2,ajuste,25076.12,E_RS-SS-230_091225.pdf
350250,Aparecida,2025,Res SS 230/2025,2025-12-09,2025,bonus,0.0,E_RS-SS-230_091225.pdf
350250,Aparecida,2025,Res SS 230/2025,2025-12-09,3,fixo,90527.5,E_RS-SS-230_091225.pdf
350250,Aparecida,2025,Res SS 230/2025,2025-12-09,3,variavel,88716.95,E_RS-SS-230_091225.pdf
350250,Aparecida,2026,Res SS 111/2026,2026-06-09,1,fixo,90527.5,E_RS-SS-111_090626.pdf
350250,Aparecida,2026,Res SS 111/2026,2026-06-09,1,variavel,57484.96,E_RS-SS-111_090626.pdf
350250,Aparecida,2026,Res SS 185/2026,2026-09-08,2,fixo,90527.5,E_RS-SS-185_080926.pdf
350250,Aparecida,2026,Res SS 185/2026,2026-09-08,2,variavel,51600.68,E_RS-SS-185_080926.pdf
350260,Aparecida D'Oeste,2024,Res SS 18/2024,2024-02-08,1,fixo,32976.0,E_R-SS-18_080224.pdf
350260,Aparecida D'Oeste,2024,Res SS 140/2024,2024-06-20,2,fixo,32976.0,E_R-SS-140_200624.pdf
350260,Aparecida D'Oeste,2024,Res SS 140/2024,2024-06-20,2,variavel,13239.86,E_R-SS-140_200624.pdf
350260,Aparecida D'Oeste,2024,Res SS 140/2024,2024-06-20,3,fixo,32976.0,E_R-SS-140_200624.pdf
350260,Aparecida D'Oeste,2024,Res SS 140/2024,2024-06-20,3,variavel,13239.86,E_R-SS-140_200624.pdf
350260,Aparecida D'Oeste,2025,Res SS 13/2025,2025-01-24,1,fixo,27480.0,E_R-SS-13_240125.pdf
350260,Aparecida D'Oeste,2025,Res SS 97/2025,2025-05-30,2,fixo,27480.0,E_R-SS-97_300525.pdf
350260,Aparecida D'Oeste,2025,Res SS 180/2025,2025-10-08,1+2,variavel,21984.0,E_RS-SS-180_081025.pdf
350260,Aparecida D'Oeste,2025,Res SS 230/2025,2025-12-09,2,ajuste,14248.38,E_RS-SS-230_091225.pdf
350260,Aparecida D'Oeste,2025,Res SS 230/2025,2025-12-09,2025,bonus,0.0,E_RS-SS-230_091225.pdf
350260,Aparecida D'Oeste,2025,Res SS 230/2025,2025-12-09,3,fixo,27480.0,E_RS-SS-230_091225.pdf
350260,Aparecida D'Oeste,2025,Res SS 230/2025,2025-12-09,3,variavel,21984.0,E_RS-SS-230_091225.pdf
350260,Aparecida D'Oeste,2026,Res SS 111/2026,2026-06-09,1,fixo,27480.0,E_RS-SS-111_090626.pdf
350260,Aparecida D'Oeste,2026,Res SS 111/2026,2026-06-09,1,variavel,27480.0,E_RS-SS-111_090626.pdf
350260,Aparecida D'Oeste,2026,Res SS 185/2026,2026-09-08,2,fixo,27480.0,E_RS-SS-185_080926.pdf
350260,Aparecida D'Oeste,2026,Res SS 185/2026,2026-09-08,2,variavel,18411.6,E_RS-SS-185_080926.pdf
350270,Apiaí,2024,Res SS 18/2024,2024-02-08,1,fixo,192648.0,E_R-SS-18_080224.pdf
350270,Apiaí,2024,Res SS 140/2024,2024-06-20,2,fixo,192648.0,E_R-SS-140_200624.pdf
350270,Apiaí,2024,Res SS 140/2024,2024-06-20,2,variavel,125381.74,E_R-SS-140_200624.pdf
350270,Apiaí,2024,Res SS 140/2024,2024-06-20,3,fixo,192648.0,E_R-SS-140_200624.pdf
350270,Apiaí,2024,Res SS 140/2024,2024-06-20,3,variavel,125381.74,E_R-SS-140_200624.pdf
350270,Apiaí,2025,Res SS 13/2025,2025-01-24,1,fixo,160540.0,E_R-SS-13_240125.pdf
350270,Apiaí,2025,Res SS 97/2025,2025-05-30,2,fixo,160540.0,E_R-SS-97_300525.pdf
350270,Apiaí,2025,Res SS 180/2025,2025-10-08,1+2,variavel,189437.2,E_RS-SS-180_081025.pdf
350270,Apiaí,2025,Res SS 230/2025,2025-12-09,2,ajuste,64216.0,E_RS-SS-230_091225.pdf
350270,Apiaí,2025,Res SS 230/2025,2025-12-09,2025,bonus,0.0,E_RS-SS-230_091225.pdf
350270,Apiaí,2025,Res SS 230/2025,2025-12-09,3,fixo,160540.0,E_RS-SS-230_091225.pdf
350270,Apiaí,2025,Res SS 230/2025,2025-12-09,3,variavel,158533.25,E_RS-SS-230_091225.pdf
350270,Apiaí,2026,Res SS 111/2026,2026-06-09,1,fixo,160540.0,E_RS-SS-111_090626.pdf
350270,Apiaí,2026,Res SS 111/2026,2026-06-09,1,variavel,160540.0,E_RS-SS-111_090626.pdf
350270,Apiaí,2026,Res SS 185/2026,2026-09-08,2,fixo,160540.0,E_RS-SS-185_080926.pdf
350270,Apiaí,2026,Res SS 185/2026,2026-09-08,2,variavel,114786.1,E_RS-SS-185_080926.pdf
350275,Araçariguama,2024,Res SS 18/2024,2024-02-08,1,fixo,70029.0,E_R-SS-18_080224.pdf
350275,Araçariguama,2024,Res SS 140/2024,2024-06-20,2,fixo,70029.0,E_R-SS-140_200624.pdf
350275,Araçariguama,2024,Res SS 140/2024,2024-06-20,2,variavel,39029.5,E_R-SS-140_200624.pdf
350275,Araçariguama,2024,Res SS 140/2024,2024-06-20,3,fixo,70029.0,E_R-SS-140_200624.pdf
350275,Araçariguama,2024,Res SS 140/2024,2024-06-20,3,variavel,39029.5,E_R-SS-140_200624.pdf
350275,Araçariguama,2025,Res SS 13/2025,2025-01-24,1,fixo,58357.5,E_R-SS-13_240125.pdf
350275,Araçariguama,2025,Res SS 97/2025,2025-05-30,2,fixo,58357.5,E_R-SS-97_300525.pdf
350275,Araçariguama,2025,Res SS 180/2025,2025-10-08,1+2,variavel,46686.0,E_RS-SS-180_081025.pdf
350275,Araçariguama,2025,Res SS 230/2025,2025-12-09,2,ajuste,19666.48,E_RS-SS-230_091225.pdf
350275,Araçariguama,2025,Res SS 230/2025,2025-12-09,2025,bonus,0.0,E_RS-SS-230_091225.pdf
350275,Araçariguama,2025,Res SS 230/2025,2025-12-09,3,fixo,58357.5,E_RS-SS-230_091225.pdf
350275,Araçariguama,2025,Res SS 230/2025,2025-12-09,3,variavel,48144.94,E_RS-SS-230_091225.pdf
350275,Araçariguama,2026,Res SS 111/2026,2026-06-09,1,fixo,58357.5,E_RS-SS-111_090626.pdf
350275,Araçariguama,2026,Res SS 111/2026,2026-06-09,1,variavel,50771.03,E_RS-SS-111_090626.pdf
350275,Araçariguama,2026,Res SS 185/2026,2026-09-08,2,fixo,58357.5,E_RS-SS-185_080926.pdf
350275,Araçariguama,2026,Res SS 185/2026,2026-09-08,2,variavel,56460.88,E_RS-SS-185_080926.pdf
350280,Araçatuba,2024,Res SS 18/2024,2024-02-08,1,fixo,597630.0,E_R-SS-18_080224.pdf
350280,Araçatuba,2024,Res SS 140/2024,2024-06-20,2,fixo,597630.0,E_R-SS-140_200624.pdf
350280,Araçatuba,2024,Res SS 140/2024,2024-06-20,2,variavel,330887.81,E_R-SS-140_200624.pdf
350280,Araçatuba,2024,Res SS 140/2024,2024-06-20,3,fixo,597630.0,E_R-SS-140_200624.pdf
350280,Araçatuba,2024,Res SS 140/2024,2024-06-20,3,variavel,330887.81,E_R-SS-140_200624.pdf
350280,Araçatuba,2025,Res SS 13/2025,2025-01-24,1,fixo,498025.0,E_R-SS-13_240125.pdf
350280,Araçatuba,2025,Res SS 97/2025,2025-05-30,2,fixo,498025.0,E_R-SS-97_300525.pdf
350280,Araçatuba,2025,Res SS 180/2025,2025-10-08,1+2,variavel,398420.0,E_RS-SS-180_081025.pdf
350280,Araçatuba,2025,Res SS 230/2025,2025-12-09,2,ajuste,71964.61,E_RS-SS-230_091225.pdf
350280,Araçatuba,2025,Res SS 230/2025,2025-12-09,2025,bonus,0.0,E_RS-SS-230_091225.pdf
350280,Araçatuba,2025,Res SS 230/2025,2025-12-09,3,fixo,498025.0,E_RS-SS-230_091225.pdf
350280,Araçatuba,2025,Res SS 230/2025,2025-12-09,3,variavel,281384.13,E_RS-SS-230_091225.pdf
350280,Araçatuba,2026,Res SS 111/2026,2026-06-09,1,fixo,498025.0,E_RS-SS-111_090626.pdf
350280,Araçatuba,2026,Res SS 111/2026,2026-06-09,1,variavel,256482.88,E_RS-SS-111_090626.pdf
350280,Araçatuba,2026,Res SS 185/2026,2026-09-08,2,fixo,498025.0,E_RS-SS-185_080926.pdf
350280,Araçatuba,2026,Res SS 185/2026,2026-09-08,2,variavel,159368.0,E_RS-SS-185_080926.pdf
350290,Araçoiaba Da Serra,2024,Res SS 18/2024,2024-02-08,1,fixo,176945.0,E_R-SS-18_080224.pdf
350290,Araçoiaba Da Serra,2024,Res SS 140/2024,2024-06-20,2,fixo,176945.0,E_R-SS-140_200624.pdf
350290,Araçoiaba Da Serra,2024,Res SS 140/2024,2024-06-20,2,variavel,83694.99,E_R-SS-140_200624.pdf
350290,Araçoiaba Da Serra,2024,Res SS 140/2024,2024-06-20,3,fixo,176945.0,E_R-SS-140_200624.pdf
350290,Araçoiaba Da Serra,2024,Res SS 140/2024,2024-06-20,3,variavel,83694.99,E_R-SS-140_200624.pdf
350290,Araçoiaba Da Serra,2025,Res SS 13/2025,2025-01-24,1,fixo,147454.17,E_R-SS-13_240125.pdf
350290,Araçoiaba Da Serra,2025,Res SS 97/2025,2025-05-30,2,fixo,147454.17,E_R-SS-97_300525.pdf
350290,Araçoiaba Da Serra,2025,Res SS 180/2025,2025-10-08,1+2,variavel,123861.5,E_RS-SS-180_081025.pdf
350290,Araçoiaba Da Serra,2025,Res SS 230/2025,2025-12-09,2,ajuste,20791.04,E_RS-SS-230_091225.pdf
350290,Araçoiaba Da Serra,2025,Res SS 230/2025,2025-12-09,2025,bonus,0.0,E_RS-SS-230_091225.pdf
350290,Araçoiaba Da Serra,2025,Res SS 230/2025,2025-12-09,3,fixo,147454.17,E_RS-SS-230_091225.pdf
350290,Araçoiaba Da Serra,2025,Res SS 230/2025,2025-12-09,3,variavel,107272.91,E_RS-SS-230_091225.pdf
350290,Araçoiaba Da Serra,2026,Res SS 111/2026,2026-06-09,1,fixo,147454.17,E_RS-SS-111_090626.pdf
350290,Araçoiaba Da Serra,2026,Res SS 111/2026,2026-06-09,1,variavel,147454.17,E_RS-SS-111_090626.pdf
350290,Araçoiaba Da Serra,2026,Res SS 185/2026,2026-09-08,2,fixo,147454.17,E_RS-SS-185_080926.pdf
350290,Araçoiaba Da Serra,2026,Res SS 185/2026,2026-09-08,2,variavel,134183.29,E_RS-SS-185_080926.pdf
350300,Aramina,2024,Res SS 18/2024,2024-02-08,1,fixo,39823.0,E_R-SS-18_080224.pdf
350300,Aramina,2024,Res SS 140/2024,2024-06-20,2,fixo,39823.0,E_R-SS-140_200624.pdf
350300,Aramina,2024,Res SS 140/2024,2024-06-20,2,variavel,24165.92,E_R-SS-140_200624.pdf
350300,Aramina,2024,Res SS 140/2024,2024-06-20,3,fixo,39823.0,E_R-SS-140_200624.pdf
350300,Aramina,2024,Res SS 140/2024,2024-06-20,3,variavel,24165.92,E_R-SS-140_200624.pdf
350300,Aramina,2025,Res SS 13/2025,2025-01-24,1,fixo,33185.83,E_R-SS-13_240125.pdf
350300,Aramina,2025,Res SS 97/2025,2025-05-30,2,fixo,33185.83,E_R-SS-97_300525.pdf
350300,Aramina,2025,Res SS 180/2025,2025-10-08,1+2,variavel,26548.67,E_RS-SS-180_081025.pdf
350300,Aramina,2025,Res SS 230/2025,2025-12-09,2,ajuste,19911.5,E_RS-SS-230_091225.pdf
350300,Aramina,2025,Res SS 230/2025,2025-12-09,2025,bonus,0.0,E_RS-SS-230_091225.pdf
350300,Aramina,2025,Res SS 230/2025,2025-12-09,3,fixo,33185.83,E_RS-SS-230_091225.pdf
350300,Aramina,2025,Res SS 230/2025,2025-12-09,3,variavel,28207.96,E_RS-SS-230_091225.pdf
350300,Aramina,2026,Res SS 111/2026,2026-06-09,1,fixo,33185.83,E_RS-SS-111_090626.pdf
350300,Aramina,2026,Res SS 111/2026,2026-06-09,1,variavel,18750.0,E_RS-SS-111_090626.pdf
350300,Aramina,2026,Res SS 185/2026,2026-09-08,2,fixo,33185.83,E_RS-SS-185_080926.pdf
350300,Aramina,2026,Res SS 185/2026,2026-09-08,2,variavel,16592.92,E_RS-SS-185_080926.pdf
350310,Arandu,2024,Res SS 18/2024,2024-02-08,1,fixo,44611.0,E_R-SS-18_080224.pdf
350310,Arandu,2024,Res SS 140/2024,2024-06-20,2,fixo,44611.0,E_R-SS-140_200624.pdf
350310,Arandu,2024,Res SS 140/2024,2024-06-20,2,variavel,23554.61,E_R-SS-140_200624.pdf
350310,Arandu,2024,Res SS 140/2024,2024-06-20,3,fixo,44611.0,E_R-SS-140_200624.pdf
350310,Arandu,2024,Res SS 140/2024,2024-06-20,3,variavel,23554.61,E_R-SS-140_200624.pdf
350310,Arandu,2025,Res SS 13/2025,2025-01-24,1,fixo,37175.83,E_R-SS-13_240125.pdf
350310,Arandu,2025,Res SS 97/2025,2025-05-30,2,fixo,37175.83,E_R-SS-97_300525.pdf
350310,Arandu,2025,Res SS 180/2025,2025-10-08,1+2,variavel,29740.67,E_RS-SS-180_081025.pdf
350310,Arandu,2025,Res SS 230/2025,2025-12-09,2,ajuste,14572.93,E_RS-SS-230_091225.pdf
350310,Arandu,2025,Res SS 230/2025,2025-12-09,2025,bonus,0.0,E_RS-SS-230_091225.pdf
350310,Arandu,2025,Res SS 230/2025,2025-12-09,3,fixo,37175.83,E_RS-SS-230_091225.pdf
350310,Arandu,2025,Res SS 230/2025,2025-12-09,3,variavel,30112.43,E_RS-SS-230_091225.pdf
350310,Arandu,2026,Res SS 111/2026,2026-06-09,1,fixo,37175.83,E_RS-SS-111_090626.pdf
350310,Arandu,2026,Res SS 111/2026,2026-06-09,1,variavel,37175.83,E_RS-SS-111_090626.pdf
350310,Arandu,2026,Res SS 185/2026,2026-09-08,2,fixo,37175.83,E_RS-SS-185_080926.pdf
350310,Arandu,2026,Res SS 185/2026,2026-09-08,2,variavel,36711.14,E_RS-SS-185_080926.pdf
350315,Arapeí,2024,Res SS 18/2024,2024-02-08,1,fixo,19616.0,E_R-SS-18_080224.pdf
350315,Arapeí,2024,Res SS 140/2024,2024-06-20,2,fixo,19616.0,E_R-SS-140_200624.pdf
350315,Arapeí,2024,Res SS 140/2024,2024-06-20,2,variavel,10608.99,E_R-SS-140_200624.pdf
350315,Arapeí,2024,Res SS 140/2024,2024-06-20,3,fixo,19616.0,E_R-SS-140_200624.pdf
350315,Arapeí,2024,Res SS 140/2024,2024-06-20,3,variavel,10608.99,E_R-SS-140_200624.pdf
350315,Arapeí,2025,Res SS 13/2025,2025-01-24,1,fixo,16346.67,E_R-SS-13_240125.pdf
350315,Arapeí,2025,Res SS 97/2025,2025-05-30,2,fixo,16346.67,E_R-SS-97_300525.pdf
350315,Arapeí,2025,Res SS 180/2025,2025-10-08,1+2,variavel,32693.33,E_RS-SS-180_081025.pdf
350315,Arapeí,2025,Res SS 230/2025,2025-12-09,2,ajuste,0.0,E_RS-SS-230_091225.pdf
350315,Arapeí,2025,Res SS 230/2025,2025-12-09,2025,bonus,49040.0,E_RS-SS-230_091225.pdf
350315,Arapeí,2025,Res SS 230/2025,2025-12-09,3,fixo,16346.67,E_RS-SS-230_091225.pdf
350315,Arapeí,2025,Res SS 230/2025,2025-12-09,3,variavel,16346.67,E_RS-SS-230_091225.pdf
350315,Arapeí,2026,Res SS 111/2026,2026-06-09,1,fixo,16346.67,E_RS-SS-111_090626.pdf
350315,Arapeí,2026,Res SS 111/2026,2026-06-09,1,variavel,16346.67,E_RS-SS-111_090626.pdf
350315,Arapeí,2026,Res SS 185/2026,2026-09-08,2,fixo,16346.67,E_RS-SS-185_080926.pdf
350315,Arapeí,2026,Res SS 185/2026,2026-09-08,2,variavel,16346.67,E_RS-SS-185_080926.pdf
350320,Araraquara,2024,Res SS 18/2024,2024-02-08,1,fixo,721626.0,E_R-SS-18_080224.pdf
350320,Araraquara,2024,Res SS 140/2024,2024-06-20,2,fixo,721626.0,E_R-SS-140_200624.pdf
350320,Araraquara,2024,Res SS 140/2024,2024-06-20,2,variavel,423353.92,E_R-SS-140_200624.pdf
350320,Araraquara,2024,Res SS 140/2024,2024-06-20,3,fixo,721626.0,E_R-SS-140_200624.pdf
350320,Araraquara,2024,Res SS 140/2024,2024-06-20,3,variavel,423353.92,E_R-SS-140_200624.pdf
350320,Araraquara,2025,Res SS 13/2025,2025-01-24,1,fixo,601355.0,E_R-SS-13_240125.pdf
350320,Araraquara,2025,Res SS 97/2025,2025-05-30,2,fixo,601355.0,E_R-SS-97_300525.pdf
350320,Araraquara,2025,Res SS 180/2025,2025-10-08,1+2,variavel,637436.3,E_RS-SS-180_081025.pdf
350320,Araraquara,2025,Res SS 230/2025,2025-12-09,2,ajuste,0.0,E_RS-SS-230_091225.pdf
350320,Araraquara,2025,Res SS 230/2025,2025-12-09,2025,bonus,0.0,E_RS-SS-230_091225.pdf
350320,Araraquara,2025,Res SS 230/2025,2025-12-09,3,fixo,601355.0,E_RS-SS-230_091225.pdf
350320,Araraquara,2025,Res SS 230/2025,2025-12-09,3,variavel,586321.13,E_RS-SS-230_091225.pdf
350320,Araraquara,2026,Res SS 111/2026,2026-06-09,1,fixo,601355.0,E_RS-SS-111_090626.pdf
350320,Araraquara,2026,Res SS 111/2026,2026-06-09,1,variavel,411928.18,E_RS-SS-111_090626.pdf
350320,Araraquara,2026,Res SS 185/2026,2026-09-08,2,fixo,601355.0,E_RS-SS-185_080926.pdf
350320,Araraquara,2026,Res SS 185/2026,2026-09-08,2,variavel,294663.95,E_RS-SS-185_080926.pdf
350330,Araras,2024,Res SS 18/2024,2024-02-08,1,fixo,410217.0,E_R-SS-18_080224.pdf
350330,Araras,2024,Res SS 140/2024,2024-06-20,2,fixo,410217.0,E_R-SS-140_200624.pdf
350330,Araras,2024,Res SS 140/2024,2024-06-20,2,variavel,207843.28,E_R-SS-140_200624.pdf
350330,Araras,2024,Res SS 140/2024,2024-06-20,3,fixo,410217.0,E_R-SS-140_200624.pdf
350330,Araras,2024,Res SS 140/2024,2024-06-20,3,variavel,207843.28,E_R-SS-140_200624.pdf
350330,Araras,2025,Res SS 13/2025,2025-01-24,1,fixo,341847.5,E_R-SS-13_240125.pdf
350330,Araras,2025,Res SS 97/2025,2025-05-30,2,fixo,341847.5,E_R-SS-97_300525.pdf
350330,Araras,2025,Res SS 180/2025,2025-10-08,1+2,variavel,519608.2,E_RS-SS-180_081025.pdf
350330,Araras,2025,Res SS 230/2025,2025-12-09,2,ajuste,6836.95,E_RS-SS-230_091225.pdf
350330,Araras,2025,Res SS 230/2025,2025-12-09,2025,bonus,0.0,E_RS-SS-230_091225.pdf
350330,Araras,2025,Res SS 230/2025,2025-12-09,3,fixo,341847.5,E_RS-SS-230_091225.pdf
350330,Araras,2025,Res SS 230/2025,2025-12-09,3,variavel,328173.6,E_RS-SS-230_091225.pdf
350330,Araras,2026,Res SS 111/2026,2026-06-09,1,fixo,341847.5,E_RS-SS-111_090626.pdf
350330,Araras,2026,Res SS 111/2026,2026-06-09,1,variavel,227328.59,E_RS-SS-111_090626.pdf
350330,Araras,2026,Res SS 185/2026,2026-09-08,2,fixo,341847.5,E_RS-SS-185_080926.pdf
350330,Araras,2026,Res SS 185/2026,2026-09-08,2,variavel,116228.15,E_RS-SS-185_080926.pdf
350335,Arco-Íris,2024,Res SS 18/2024,2024-02-08,1,fixo,12285.0,E_R-SS-18_080224.pdf
350335,Arco-Íris,2024,Res SS 140/2024,2024-06-20,2,fixo,12285.0,E_R-SS-140_200624.pdf
350335,Arco-Íris,2024,Res SS 140/2024,2024-06-20,2,variavel,6891.89,E_R-SS-140_200624.pdf
350335,Arco-Íris,2024,Res SS 140/2024,2024-06-20,3,fixo,12285.0,E_R-SS-140_200624.pdf
350335,Arco-Íris,2024,Res SS 140/2024,2024-06-20,3,variavel,6891.89,E_R-SS-140_200624.pdf
350335,Arco-Íris,2025,Res SS 13/2025,2025-01-24,1,fixo,10237.5,E_R-SS-13_240125.pdf
350335,Arco-Íris,2025,Res SS 97/2025,2025-05-30,2,fixo,10237.5,E_R-SS-97_300525.pdf
350335,Arco-Íris,2025,Res SS 180/2025,2025-10-08,1+2,variavel,20475.0,E_RS-SS-180_081025.pdf
350335,Arco-Íris,2025,Res SS 230/2025,2025-12-09,2,ajuste,0.0,E_RS-SS-230_091225.pdf
350335,Arco-Íris,2025,Res SS 230/2025,2025-12-09,2025,bonus,30712.5,E_RS-SS-230_091225.pdf
350335,Arco-Íris,2025,Res SS 230/2025,2025-12-09,3,fixo,10237.5,E_RS-SS-230_091225.pdf
350335,Arco-Íris,2025,Res SS 230/2025,2025-12-09,3,variavel,10237.5,E_RS-SS-230_091225.pdf
350335,Arco-Íris,2026,Res SS 111/2026,2026-06-09,1,fixo,10237.5,E_RS-SS-111_090626.pdf
350335,Arco-Íris,2026,Res SS 111/2026,2026-06-09,1,variavel,10237.5,E_RS-SS-111_090626.pdf
350335,Arco-Íris,2026,Res SS 185/2026,2026-09-08,2,fixo,10237.5,E_RS-SS-185_080926.pdf
350335,Arco-Íris,2026,Res SS 185/2026,2026-09-08,2,variavel,10237.5,E_RS-SS-185_080926.pdf
350340,Arealva,2024,Res SS 18/2024,2024-02-08,1,fixo,60655.0,E_R-SS-18_080224.pdf
350340,Arealva,2024,Res SS 140/2024,2024-06-20,2,fixo,60655.0,E_R-SS-140_200624.pdf
350340,Arealva,2024,Res SS 140/2024,2024-06-20,2,variavel,38253.09,E_R-SS-140_200624.pdf
350340,Arealva,2024,Res SS 140/2024,2024-06-20,3,fixo,60655.0,E_R-SS-140_200624.pdf
350340,Arealva,2024,Res SS 140/2024,2024-06-20,3,variavel,38253.09,E_R-SS-140_200624.pdf
350340,Arealva,2025,Res SS 13/2025,2025-01-24,1,fixo,50545.83,E_R-SS-13_240125.pdf
350340,Arealva,2025,Res SS 97/2025,2025-05-30,2,fixo,50545.83,E_R-SS-97_300525.pdf
350340,Arealva,2025,Res SS 180/2025,2025-10-08,1+2,variavel,51556.75,E_RS-SS-180_081025.pdf
350340,Arealva,2025,Res SS 230/2025,2025-12-09,2,ajuste,24262.0,E_RS-SS-230_091225.pdf
350340,Arealva,2025,Res SS 230/2025,2025-12-09,2025,bonus,0.0,E_RS-SS-230_091225.pdf
350340,Arealva,2025,Res SS 230/2025,2025-12-09,3,fixo,50545.83,E_RS-SS-230_091225.pdf
350340,Arealva,2025,Res SS 230/2025,2025-12-09,3,variavel,50545.83,E_RS-SS-230_091225.pdf
350340,Arealva,2026,Res SS 111/2026,2026-06-09,1,fixo,50545.83,E_RS-SS-111_090626.pdf
350340,Arealva,2026,Res SS 111/2026,2026-06-09,1,variavel,45996.71,E_RS-SS-111_090626.pdf
350340,Arealva,2026,Res SS 185/2026,2026-09-08,2,fixo,50545.83,E_RS-SS-185_080926.pdf
350340,Arealva,2026,Res SS 185/2026,2026-09-08,2,variavel,24262.0,E_RS-SS-185_080926.pdf
350350,Areias,2024,Res SS 18/2024,2024-02-08,1,fixo,27342.0,E_R-SS-18_080224.pdf
350350,Areias,2024,Res SS 140/2024,2024-06-20,2,fixo,27342.0,E_R-SS-140_200624.pdf
350350,Areias,2024,Res SS 140/2024,2024-06-20,2,variavel,16040.64,E_R-SS-140_200624.pdf
350350,Areias,2024,Res SS 140/2024,2024-06-20,3,fixo,27342.0,E_R-SS-140_200624.pdf
350350,Areias,2024,Res SS 140/2024,2024-06-20,3,variavel,16040.64,E_R-SS-140_200624.pdf
350350,Areias,2025,Res SS 13/2025,2025-01-24,1,fixo,22785.0,E_R-SS-13_240125.pdf
350350,Areias,2025,Res SS 97/2025,2025-05-30,2,fixo,22785.0,E_R-SS-97_300525.pdf
350350,Areias,2025,Res SS 180/2025,2025-10-08,1+2,variavel,28709.1,E_RS-SS-180_081025.pdf
350350,Areias,2025,Res SS 230/2025,2025-12-09,2,ajuste,3691.17,E_RS-SS-230_091225.pdf
350350,Areias,2025,Res SS 230/2025,2025-12-09,2025,bonus,0.0,E_RS-SS-230_091225.pdf
350350,Areias,2025,Res SS 230/2025,2025-12-09,3,fixo,22785.0,E_RS-SS-230_091225.pdf
350350,Areias,2025,Res SS 230/2025,2025-12-09,3,variavel,17886.23,E_RS-SS-230_091225.pdf
350350,Areias,2026,Res SS 111/2026,2026-06-09,1,fixo,22785.0,E_RS-SS-111_090626.pdf
350350,Areias,2026,Res SS 111/2026,2026-06-09,1,variavel,21417.9,E_RS-SS-111_090626.pdf
350350,Areias,2026,Res SS 185/2026,2026-09-08,2,fixo,22785.0,E_RS-SS-185_080926.pdf
350350,Areias,2026,Res SS 185/2026,2026-09-08,2,variavel,10481.1,E_RS-SS-185_080926.pdf
350360,Areiópolis,2024,Res SS 18/2024,2024-02-08,1,fixo,78302.0,E_R-SS-18_080224.pdf
350360,Areiópolis,2024,Res SS 140/2024,2024-06-20,2,fixo,78302.0,E_R-SS-140_200624.pdf
350360,Areiópolis,2024,Res SS 140/2024,2024-06-20,2,variavel,39907.92,E_R-SS-140_200624.pdf
350360,Areiópolis,2024,Res SS 140/2024,2024-06-20,3,fixo,78302.0,E_R-SS-140_200624.pdf
350360,Areiópolis,2024,Res SS 140/2024,2024-06-20,3,variavel,39907.92,E_R-SS-140_200624.pdf
350360,Areiópolis,2025,Res SS 13/2025,2025-01-24,1,fixo,65251.67,E_R-SS-13_240125.pdf
350360,Areiópolis,2025,Res SS 97/2025,2025-05-30,2,fixo,65251.67,E_R-SS-97_300525.pdf
350360,Areiópolis,2025,Res SS 180/2025,2025-10-08,1+2,variavel,66556.7,E_RS-SS-180_081025.pdf
350360,Areiópolis,2025,Res SS 230/2025,2025-12-09,2,ajuste,18400.97,E_RS-SS-230_091225.pdf
350360,Areiópolis,2025,Res SS 230/2025,2025-12-09,2025,bonus,0.0,E_RS-SS-230_091225.pdf
350360,Areiópolis,2025,Res SS 230/2025,2025-12-09,3,fixo,65251.67,E_RS-SS-230_091225.pdf
350360,Areiópolis,2025,Res SS 230/2025,2025-12-09,3,variavel,61336.57,E_RS-SS-230_091225.pdf
350360,Areiópolis,2026,Res SS 111/2026,2026-06-09,1,fixo,65251.67,E_RS-SS-111_090626.pdf
350360,Areiópolis,2026,Res SS 111/2026,2026-06-09,1,variavel,65251.67,E_RS-SS-111_090626.pdf
350360,Areiópolis,2026,Res SS 185/2026,2026-09-08,2,fixo,65251.67,E_RS-SS-185_080926.pdf
350360,Areiópolis,2026,Res SS 185/2026,2026-09-08,2,variavel,32625.83,E_RS-SS-185_080926.pdf
350370,Ariranha,2024,Res SS 18/2024,2024-02-08,1,fixo,49255.0,E_R-SS-18_080224.pdf
350370,Ariranha,2024,Res SS 140/2024,2024-06-20,2,fixo,49255.0,E_R-SS-140_200624.pdf
350370,Ariranha,2024,Res SS 140/2024,2024-06-20,2,variavel,32508.3,E_R-SS-140_200624.pdf
350370,Ariranha,2024,Res SS 140/2024,2024-06-20,3,fixo,49255.0,E_R-SS-140_200624.pdf
350370,Ariranha,2024,Res SS 140/2024,2024-06-20,3,variavel,32508.3,E_R-SS-140_200624.pdf
350370,Ariranha,2025,Res SS 13/2025,2025-01-24,1,fixo,41045.83,E_R-SS-13_240125.pdf
350370,Ariranha,2025,Res SS 97/2025,2025-05-30,2,fixo,41045.83,E_R-SS-97_300525.pdf
350370,Ariranha,2025,Res SS 180/2025,2025-10-08,1+2,variavel,69777.92,E_RS-SS-180_081025.pdf
350370,Ariranha,2025,Res SS 230/2025,2025-12-09,2,ajuste,0.0,E_RS-SS-230_091225.pdf
350370,Ariranha,2025,Res SS 230/2025,2025-12-09,2025,bonus,0.0,E_RS-SS-230_091225.pdf
350370,Ariranha,2025,Res SS 230/2025,2025-12-09,3,fixo,41045.83,E_RS-SS-230_091225.pdf
350370,Ariranha,2025,Res SS 230/2025,2025-12-09,3,variavel,41045.83,E_RS-SS-230_091225.pdf
350370,Ariranha,2026,Res SS 111/2026,2026-06-09,1,fixo,41045.83,E_RS-SS-111_090626.pdf
350370,Ariranha,2026,Res SS 111/2026,2026-06-09,1,variavel,32836.67,E_RS-SS-111_090626.pdf
350370,Ariranha,2026,Res SS 185/2026,2026-09-08,2,fixo,41045.83,E_RS-SS-185_080926.pdf
350370,Ariranha,2026,Res SS 185/2026,2026-09-08,2,variavel,36838.64,E_RS-SS-185_080926.pdf
350380,Artur Nogueira,2024,Res SS 18/2024,2024-02-08,1,fixo,337482.0,E_R-SS-18_080224.pdf
350380,Artur Nogueira,2024,Res SS 140/2024,2024-06-20,2,fixo,337482.0,E_R-SS-140_200624.pdf
350380,Artur Nogueira,2024,Res SS 140/2024,2024-06-20,2,variavel,153441.82,E_R-SS-140_200624.pdf
350380,Artur Nogueira,2024,Res SS 140/2024,2024-06-20,3,fixo,337482.0,E_R-SS-140_200624.pdf
350380,Artur Nogueira,2024,Res SS 140/2024,2024-06-20,3,variavel,153441.82,E_R-SS-140_200624.pdf
350380,Artur Nogueira,2025,Res SS 13/2025,2025-01-24,1,fixo,281235.0,E_R-SS-13_240125.pdf
350380,Artur Nogueira,2025,Res SS 97/2025,2025-05-30,2,fixo,281235.0,E_R-SS-97_300525.pdf
350380,Artur Nogueira,2025,Res SS 180/2025,2025-10-08,1+2,variavel,382479.6,E_RS-SS-180_081025.pdf
350380,Artur Nogueira,2025,Res SS 230/2025,2025-12-09,2,ajuste,74808.51,E_RS-SS-230_091225.pdf
350380,Artur Nogueira,2025,Res SS 230/2025,2025-12-09,2025,bonus,0.0,E_RS-SS-230_091225.pdf
350380,Artur Nogueira,2025,Res SS 230/2025,2025-12-09,3,fixo,281235.0,E_RS-SS-230_091225.pdf
350380,Artur Nogueira,2025,Res SS 230/2025,2025-12-09,3,variavel,140617.5,E_RS-SS-230_091225.pdf
350380,Artur Nogueira,2026,Res SS 111/2026,2026-06-09,1,fixo,281235.0,E_RS-SS-111_090626.pdf
350380,Artur Nogueira,2026,Res SS 111/2026,2026-06-09,1,variavel,151866.9,E_RS-SS-111_090626.pdf
350380,Artur Nogueira,2026,Res SS 185/2026,2026-09-08,2,fixo,281235.0,E_RS-SS-185_080926.pdf
350380,Artur Nogueira,2026,Res SS 185/2026,2026-09-08,2,variavel,151866.9,E_RS-SS-185_080926.pdf
350390,Arujá,2024,Res SS 18/2024,2024-02-08,1,fixo,277359.0,E_R-SS-18_080224.pdf
350390,Arujá,2024,Res SS 140/2024,2024-06-20,2,fixo,277359.0,E_R-SS-140_200624.pdf
350390,Arujá,2024,Res SS 140/2024,2024-06-20,2,variavel,158649.35,E_R-SS-140_200624.pdf
350390,Arujá,2024,Res SS 140/2024,2024-06-20,3,fixo,277359.0,E_R-SS-140_200624.pdf
350390,Arujá,2024,Res SS 140/2024,2024-06-20,3,variavel,158649.35,E_R-SS-140_200624.pdf
350390,Arujá,2025,Res SS 13/2025,2025-01-24,1,fixo,231132.5,E_R-SS-13_240125.pdf
350390,Arujá,2025,Res SS 97/2025,2025-05-30,2,fixo,231132.5,E_R-SS-97_300525.pdf
350390,Arujá,2025,Res SS 180/2025,2025-10-08,1+2,variavel,194151.3,E_RS-SS-180_081025.pdf
350390,Arujá,2025,Res SS 230/2025,2025-12-09,2,ajuste,2311.33,E_RS-SS-230_091225.pdf
350390,Arujá,2025,Res SS 230/2025,2025-12-09,2025,bonus,0.0,E_RS-SS-230_091225.pdf
350390,Arujá,2025,Res SS 230/2025,2025-12-09,3,fixo,231132.5,E_RS-SS-230_091225.pdf
350390,Arujá,2025,Res SS 230/2025,2025-12-09,3,variavel,214953.23,E_RS-SS-230_091225.pdf
350390,Arujá,2026,Res SS 111/2026,2026-06-09,1,fixo,231132.5,E_RS-SS-111_090626.pdf
350390,Arujá,2026,Res SS 111/2026,2026-06-09,1,variavel,202240.94,E_RS-SS-111_090626.pdf
350390,Arujá,2026,Res SS 185/2026,2026-09-08,2,fixo,231132.5,E_RS-SS-185_080926.pdf
350390,Arujá,2026,Res SS 185/2026,2026-09-08,2,variavel,153703.11,E_RS-SS-185_080926.pdf
350395,Aspásia,2024,Res SS 18/2024,2024-02-08,1,fixo,12705.0,E_R-SS-18_080224.pdf
350395,Aspásia,2024,Res SS 140/2024,2024-06-20,2,fixo,12705.0,E_R-SS-140_200624.pdf
350395,Aspásia,2024,Res SS 140/2024,2024-06-20,2,variavel,8105.79,E_R-SS-140_200624.pdf
350395,Aspásia,2024,Res SS 140/2024,2024-06-20,3,fixo,12705.0,E_R-SS-140_200624.pdf
350395,Aspásia,2024,Res SS 140/2024,2024-06-20,3,variavel,8105.79,E_R-SS-140_200624.pdf
350395,Aspásia,2025,Res SS 13/2025,2025-01-24,1,fixo,10587.5,E_R-SS-13_240125.pdf
350395,Aspásia,2025,Res SS 97/2025,2025-05-30,2,fixo,10587.5,E_R-SS-97_300525.pdf
350395,Aspásia,2025,Res SS 180/2025,2025-10-08,1+2,variavel,13763.75,E_RS-SS-180_081025.pdf
350395,Aspásia,2025,Res SS 230/2025,2025-12-09,2,ajuste,2435.13,E_RS-SS-230_091225.pdf
350395,Aspásia,2025,Res SS 230/2025,2025-12-09,2025,bonus,0.0,E_RS-SS-230_091225.pdf
350395,Aspásia,2025,Res SS 230/2025,2025-12-09,3,fixo,10587.5,E_RS-SS-230_091225.pdf
350395,Aspásia,2025,Res SS 230/2025,2025-12-09,3,variavel,10587.5,E_RS-SS-230_091225.pdf
350395,Aspásia,2026,Res SS 111/2026,2026-06-09,1,fixo,10587.5,E_RS-SS-111_090626.pdf
350395,Aspásia,2026,Res SS 111/2026,2026-06-09,1,variavel,7517.13,E_RS-SS-111_090626.pdf
350395,Aspásia,2026,Res SS 185/2026,2026-09-08,2,fixo,10587.5,E_RS-SS-185_080926.pdf
350395,Aspásia,2026,Res SS 185/2026,2026-09-08,2,variavel,7517.13,E_RS-SS-185_080926.pdf
350400,Assis,2024,Res SS 18/2024,2024-02-08,1,fixo,317304.0,E_R-SS-18_080224.pdf
350400,Assis,2024,Res SS 140/2024,2024-06-20,2,fixo,317304.0,E_R-SS-140_200624.pdf
350400,Assis,2024,Res SS 140/2024,2024-06-20,2,variavel,146594.45,E_R-SS-140_200624.pdf
350400,Assis,2024,Res SS 140/2024,2024-06-20,3,fixo,317304.0,E_R-SS-140_200624.pdf
350400,Assis,2024,Res SS 140/2024,2024-06-20,3,variavel,146594.45,E_R-SS-140_200624.pdf
350400,Assis,2025,Res SS 13/2025,2025-01-24,1,fixo,264420.0,E_R-SS-13_240125.pdf
350400,Assis,2025,Res SS 97/2025,2025-05-30,2,fixo,264420.0,E_R-SS-97_300525.pdf
350400,Assis,2025,Res SS 180/2025,2025-10-08,1+2,variavel,237978.0,E_RS-SS-180_081025.pdf
350400,Assis,2025,Res SS 230/2025,2025-12-09,2,ajuste,113700.6,E_RS-SS-230_091225.pdf
350400,Assis,2025,Res SS 230/2025,2025-12-09,2025,bonus,0.0,E_RS-SS-230_091225.pdf
350400,Assis,2025,Res SS 230/2025,2025-12-09,3,fixo,264420.0,E_RS-SS-230_091225.pdf
350400,Assis,2025,Res SS 230/2025,2025-12-09,3,variavel,138820.5,E_RS-SS-230_091225.pdf
350400,Assis,2026,Res SS 111/2026,2026-06-09,1,fixo,264420.0,E_RS-SS-111_090626.pdf
350400,Assis,2026,Res SS 111/2026,2026-06-09,1,variavel,163940.4,E_RS-SS-111_090626.pdf
350400,Assis,2026,Res SS 185/2026,2026-09-08,2,fixo,264420.0,E_RS-SS-185_080926.pdf
350400,Assis,2026,Res SS 185/2026,2026-09-08,2,variavel,232689.6,E_RS-SS-185_080926.pdf
350410,Atibaia,2024,Res SS 18/2024,2024-02-08,1,fixo,436134.0,E_R-SS-18_080224.pdf
350410,Atibaia,2024,Res SS 140/2024,2024-06-20,2,fixo,436134.0,E_R-SS-140_200624.pdf
350410,Atibaia,2024,Res SS 140/2024,2024-06-20,2,variavel,209344.32,E_R-SS-140_200624.pdf
350410,Atibaia,2024,Res SS 140/2024,2024-06-20,3,fixo,436134.0,E_R-SS-140_200624.pdf
350410,Atibaia,2024,Res SS 140/2024,2024-06-20,3,variavel,209344.32,E_R-SS-140_200624.pdf
350410,Atibaia,2025,Res SS 13/2025,2025-01-24,1,fixo,363445.0,E_R-SS-13_240125.pdf
350410,Atibaia,2025,Res SS 97/2025,2025-05-30,2,fixo,363445.0,E_R-SS-97_300525.pdf
350410,Atibaia,2025,Res SS 180/2025,2025-10-08,1+2,variavel,363445.0,E_RS-SS-180_081025.pdf
350410,Atibaia,2025,Res SS 230/2025,2025-12-09,2,ajuste,122117.52,E_RS-SS-230_091225.pdf
350410,Atibaia,2025,Res SS 230/2025,2025-12-09,2025,bonus,0.0,E_RS-SS-230_091225.pdf
350410,Atibaia,2025,Res SS 230/2025,2025-12-09,3,fixo,363445.0,E_RS-SS-230_091225.pdf
350410,Atibaia,2025,Res SS 230/2025,2025-12-09,3,variavel,310745.48,E_RS-SS-230_091225.pdf
350410,Atibaia,2026,Res SS 111/2026,2026-06-09,1,fixo,363445.0,E_RS-SS-111_090626.pdf
350410,Atibaia,2026,Res SS 111/2026,2026-06-09,1,variavel,325283.28,E_RS-SS-111_090626.pdf
350410,Atibaia,2026,Res SS 185/2026,2026-09-08,2,fixo,363445.0,E_RS-SS-185_080926.pdf
350410,Atibaia,2026,Res SS 185/2026,2026-09-08,2,variavel,195351.69,E_RS-SS-185_080926.pdf
350420,Auriflama,2024,Res SS 18/2024,2024-02-08,1,fixo,76580.0,E_R-SS-18_080224.pdf
350420,Auriflama,2024,Res SS 140/2024,2024-06-20,2,fixo,76580.0,E_R-SS-140_200624.pdf
350420,Auriflama,2024,Res SS 140/2024,2024-06-20,2,variavel,41276.62,E_R-SS-140_200624.pdf
350420,Auriflama,2024,Res SS 140/2024,2024-06-20,3,fixo,76580.0,E_R-SS-140_200624.pdf
350420,Auriflama,2024,Res SS 140/2024,2024-06-20,3,variavel,41276.62,E_R-SS-140_200624.pdf
350420,Auriflama,2025,Res SS 13/2025,2025-01-24,1,fixo,63816.67,E_R-SS-13_240125.pdf
350420,Auriflama,2025,Res SS 97/2025,2025-05-30,2,fixo,63816.67,E_R-SS-97_300525.pdf
350420,Auriflama,2025,Res SS 180/2025,2025-10-08,1+2,variavel,81685.33,E_RS-SS-180_081025.pdf
350420,Auriflama,2025,Res SS 230/2025,2025-12-09,2,ajuste,0.0,E_RS-SS-230_091225.pdf
350420,Auriflama,2025,Res SS 230/2025,2025-12-09,2025,bonus,0.0,E_RS-SS-230_091225.pdf
350420,Auriflama,2025,Res SS 230/2025,2025-12-09,3,fixo,63816.67,E_RS-SS-230_091225.pdf
350420,Auriflama,2025,Res SS 230/2025,2025-12-09,3,variavel,51691.5,E_RS-SS-230_091225.pdf
350420,Auriflama,2026,Res SS 111/2026,2026-06-09,1,fixo,63816.67,E_RS-SS-111_090626.pdf
350420,Auriflama,2026,Res SS 111/2026,2026-06-09,1,variavel,47543.42,E_RS-SS-111_090626.pdf
350420,Auriflama,2026,Res SS 185/2026,2026-09-08,2,fixo,63816.67,E_RS-SS-185_080926.pdf
350420,Auriflama,2026,Res SS 185/2026,2026-09-08,2,variavel,43395.33,E_RS-SS-185_080926.pdf
350430,Avaí,2024,Res SS 18/2024,2024-02-08,1,fixo,32802.0,E_R-SS-18_080224.pdf
350430,Avaí,2024,Res SS 140/2024,2024-06-20,2,fixo,32802.0,E_R-SS-140_200624.pdf
350430,Avaí,2024,Res SS 140/2024,2024-06-20,2,variavel,20206.03,E_R-SS-140_200624.pdf
350430,Avaí,2024,Res SS 140/2024,2024-06-20,3,fixo,32802.0,E_R-SS-140_200624.pdf
350430,Avaí,2024,Res SS 140/2024,2024-06-20,3,variavel,20206.03,E_R-SS-140_200624.pdf
350430,Avaí,2025,Res SS 13/2025,2025-01-24,1,fixo,27335.0,E_R-SS-13_240125.pdf
350430,Avaí,2025,Res SS 97/2025,2025-05-30,2,fixo,27335.0,E_R-SS-97_300525.pdf
350430,Avaí,2025,Res SS 180/2025,2025-10-08,1+2,variavel,50296.4,E_RS-SS-180_081025.pdf
350430,Avaí,2025,Res SS 230/2025,2025-12-09,2,ajuste,1312.08,E_RS-SS-230_091225.pdf
350430,Avaí,2025,Res SS 230/2025,2025-12-09,2025,bonus,82005.0,E_RS-SS-230_091225.pdf
350430,Avaí,2025,Res SS 230/2025,2025-12-09,3,fixo,27335.0,E_RS-SS-230_091225.pdf
350430,Avaí,2025,Res SS 230/2025,2025-12-09,3,variavel,27335.0,E_RS-SS-230_091225.pdf
350430,Avaí,2026,Res SS 111/2026,2026-06-09,1,fixo,27335.0,E_RS-SS-111_090626.pdf
350430,Avaí,2026,Res SS 111/2026,2026-06-09,1,variavel,21457.98,E_RS-SS-111_090626.pdf
350430,Avaí,2026,Res SS 185/2026,2026-09-08,2,fixo,27335.0,E_RS-SS-185_080926.pdf
350430,Avaí,2026,Res SS 185/2026,2026-09-08,2,variavel,26788.3,E_RS-SS-185_080926.pdf
350440,Avanhandava,2024,Res SS 18/2024,2024-02-08,1,fixo,98441.0,E_R-SS-18_080224.pdf
350440,Avanhandava,2024,Res SS 140/2024,2024-06-20,2,fixo,98441.0,E_R-SS-140_200624.pdf
350440,Avanhandava,2024,Res SS 140/2024,2024-06-20,2,variavel,54503.5,E_R-SS-140_200624.pdf
350440,Avanhandava,2024,Res SS 140/2024,2024-06-20,3,fixo,98441.0,E_R-SS-140_200624.pdf
350440,Avanhandava,2024,Res SS 140/2024,2024-06-20,3,variavel,54503.5,E_R-SS-140_200624.pdf
350440,Avanhandava,2025,Res SS 13/2025,2025-01-24,1,fixo,82034.17,E_R-SS-13_240125.pdf
350440,Avanhandava,2025,Res SS 97/2025,2025-05-30,2,fixo,82034.17,E_R-SS-97_300525.pdf
350440,Avanhandava,2025,Res SS 180/2025,2025-10-08,1+2,variavel,96800.32,E_RS-SS-180_081025.pdf
350440,Avanhandava,2025,Res SS 230/2025,2025-12-09,2,ajuste,28752.98,E_RS-SS-230_091225.pdf
350440,Avanhandava,2025,Res SS 230/2025,2025-12-09,2025,bonus,0.0,E_RS-SS-230_091225.pdf
350440,Avanhandava,2025,Res SS 230/2025,2025-12-09,3,fixo,82034.17,E_RS-SS-230_091225.pdf
350440,Avanhandava,2025,Res SS 230/2025,2025-12-09,3,variavel,59679.86,E_RS-SS-230_091225.pdf
350440,Avanhandava,2026,Res SS 111/2026,2026-06-09,1,fixo,82034.17,E_RS-SS-111_090626.pdf
350440,Avanhandava,2026,Res SS 111/2026,2026-06-09,1,variavel,70959.55,E_RS-SS-111_090626.pdf
350440,Avanhandava,2026,Res SS 185/2026,2026-09-08,2,fixo,82034.17,E_RS-SS-185_080926.pdf
350440,Avanhandava,2026,Res SS 185/2026,2026-09-08,2,variavel,44298.45,E_RS-SS-185_080926.pdf
350450,Avaré,2024,Res SS 18/2024,2024-02-08,1,fixo,275376.0,E_R-SS-18_080224.pdf
350450,Avaré,2024,Res SS 140/2024,2024-06-20,2,fixo,275376.0,E_R-SS-140_200624.pdf
350450,Avaré,2024,Res SS 140/2024,2024-06-20,2,variavel,137320.83,E_R-SS-140_200624.pdf
350450,Avaré,2024,Res SS 140/2024,2024-06-20,3,fixo,275376.0,E_R-SS-140_200624.pdf
350450,Avaré,2024,Res SS 140/2024,2024-06-20,3,variavel,137320.83,E_R-SS-140_200624.pdf
350450,Avaré,2025,Res SS 13/2025,2025-01-24,1,fixo,229480.0,E_R-SS-13_240125.pdf
350450,Avaré,2025,Res SS 97/2025,2025-05-30,2,fixo,229480.0,E_R-SS-97_300525.pdf
350450,Avaré,2025,Res SS 180/2025,2025-10-08,1+2,variavel,165225.6,E_RS-SS-180_081025.pdf
350450,Avaré,2025,Res SS 230/2025,2025-12-09,2,ajuste,22144.82,E_RS-SS-230_091225.pdf
350450,Avaré,2025,Res SS 230/2025,2025-12-09,2025,bonus,0.0,E_RS-SS-230_091225.pdf
350450,Avaré,2025,Res SS 230/2025,2025-12-09,3,fixo,229480.0,E_RS-SS-230_091225.pdf
350450,Avaré,2025,Res SS 230/2025,2025-12-09,3,variavel,148588.3,E_RS-SS-230_091225.pdf
350450,Avaré,2026,Res SS 111/2026,2026-06-09,1,fixo,229480.0,E_RS-SS-111_090626.pdf
350450,Avaré,2026,Res SS 111/2026,2026-06-09,1,variavel,204237.2,E_RS-SS-111_090626.pdf
350450,Avaré,2026,Res SS 185/2026,2026-09-08,2,fixo,229480.0,E_RS-SS-185_080926.pdf
350450,Avaré,2026,Res SS 185/2026,2026-09-08,2,variavel,174404.8,E_RS-SS-185_080926.pdf
350460,Bady Bassitt,2024,Res SS 18/2024,2024-02-08,1,fixo,108078.0,E_R-SS-18_080224.pdf
350460,Bady Bassitt,2024,Res SS 140/2024,2024-06-20,2,fixo,108078.0,E_R-SS-140_200624.pdf
350460,Bady Bassitt,2024,Res SS 140/2024,2024-06-20,2,variavel,68161.19,E_R-SS-140_200624.pdf
350460,Bady Bassitt,2024,Res SS 140/2024,2024-06-20,3,fixo,108078.0,E_R-SS-140_200624.pdf
350460,Bady Bassitt,2024,Res SS 140/2024,2024-06-20,3,variavel,68161.19,E_R-SS-140_200624.pdf
350460,Bady Bassitt,2025,Res SS 13/2025,2025-01-24,1,fixo,90065.0,E_R-SS-13_240125.pdf
350460,Bady Bassitt,2025,Res SS 97/2025,2025-05-30,2,fixo,90065.0,E_R-SS-97_300525.pdf
350460,Bady Bassitt,2025,Res SS 180/2025,2025-10-08,1+2,variavel,109879.3,E_RS-SS-180_081025.pdf
350460,Bady Bassitt,2025,Res SS 230/2025,2025-12-09,2,ajuste,0.0,E_RS-SS-230_091225.pdf
350460,Bady Bassitt,2025,Res SS 230/2025,2025-12-09,2025,bonus,0.0,E_RS-SS-230_091225.pdf
350460,Bady Bassitt,2025,Res SS 230/2025,2025-12-09,3,fixo,90065.0,E_RS-SS-230_091225.pdf
350460,Bady Bassitt,2025,Res SS 230/2025,2025-12-09,3,variavel,66873.26,E_RS-SS-230_091225.pdf
350460,Bady Bassitt,2026,Res SS 111/2026,2026-06-09,1,fixo,90065.0,E_RS-SS-111_090626.pdf
350460,Bady Bassitt,2026,Res SS 111/2026,2026-06-09,1,variavel,83760.45,E_RS-SS-111_090626.pdf
350460,Bady Bassitt,2026,Res SS 185/2026,2026-09-08,2,fixo,90065.0,E_RS-SS-185_080926.pdf
350460,Bady Bassitt,2026,Res SS 185/2026,2026-09-08,2,variavel,90065.0,E_RS-SS-185_080926.pdf
350470,Balbinos,2024,Res SS 18/2024,2024-02-08,1,fixo,42889.0,E_R-SS-18_080224.pdf
350470,Balbinos,2024,Res SS 140/2024,2024-06-20,2,fixo,42889.0,E_R-SS-140_200624.pdf
350470,Balbinos,2024,Res SS 140/2024,2024-06-20,2,variavel,25397.44,E_R-SS-140_200624.pdf
350470,Balbinos,2024,Res SS 140/2024,2024-06-20,3,fixo,42889.0,E_R-SS-140_200624.pdf
350470,Balbinos,2024,Res SS 140/2024,2024-06-20,3,variavel,25397.44,E_R-SS-140_200624.pdf
350470,Balbinos,2025,Res SS 13/2025,2025-01-24,1,fixo,35740.83,E_R-SS-13_240125.pdf
350470,Balbinos,2025,Res SS 97/2025,2025-05-30,2,fixo,35740.83,E_R-SS-97_300525.pdf
350470,Balbinos,2025,Res SS 180/2025,2025-10-08,1+2,variavel,71481.67,E_RS-SS-180_081025.pdf
350470,Balbinos,2025,Res SS 230/2025,2025-12-09,2,ajuste,0.0,E_RS-SS-230_091225.pdf
350470,Balbinos,2025,Res SS 230/2025,2025-12-09,2025,bonus,0.0,E_RS-SS-230_091225.pdf
350470,Balbinos,2025,Res SS 230/2025,2025-12-09,3,fixo,35740.83,E_RS-SS-230_091225.pdf
350470,Balbinos,2025,Res SS 230/2025,2025-12-09,3,variavel,31809.34,E_RS-SS-230_091225.pdf
350470,Balbinos,2026,Res SS 111/2026,2026-06-09,1,fixo,35740.83,E_RS-SS-111_090626.pdf
350470,Balbinos,2026,Res SS 111/2026,2026-06-09,1,variavel,35740.83,E_RS-SS-111_090626.pdf
350470,Balbinos,2026,Res SS 185/2026,2026-09-08,2,fixo,35740.83,E_RS-SS-185_080926.pdf
350470,Balbinos,2026,Res SS 185/2026,2026-09-08,2,variavel,33238.98,E_RS-SS-185_080926.pdf
350480,Bálsamo,2024,Res SS 18/2024,2024-02-08,1,fixo,55254.0,E_R-SS-18_080224.pdf
350480,Bálsamo,2024,Res SS 140/2024,2024-06-20,2,fixo,55254.0,E_R-SS-140_200624.pdf
350480,Bálsamo,2024,Res SS 140/2024,2024-06-20,2,variavel,36467.64,E_R-SS-140_200624.pdf
350480,Bálsamo,2024,Res SS 140/2024,2024-06-20,3,fixo,55254.0,E_R-SS-140_200624.pdf
350480,Bálsamo,2024,Res SS 140/2024,2024-06-20,3,variavel,36467.64,E_R-SS-140_200624.pdf
350480,Bálsamo,2025,Res SS 13/2025,2025-01-24,1,fixo,46045.0,E_R-SS-13_240125.pdf
350480,Bálsamo,2025,Res SS 97/2025,2025-05-30,2,fixo,46045.0,E_R-SS-97_300525.pdf
350480,Bálsamo,2025,Res SS 180/2025,2025-10-08,1+2,variavel,49728.6,E_RS-SS-180_081025.pdf
350480,Bálsamo,2025,Res SS 230/2025,2025-12-09,2,ajuste,21180.7,E_RS-SS-230_091225.pdf
350480,Bálsamo,2025,Res SS 230/2025,2025-12-09,2025,bonus,0.0,E_RS-SS-230_091225.pdf
350480,Bálsamo,2025,Res SS 230/2025,2025-12-09,3,fixo,46045.0,E_RS-SS-230_091225.pdf
350480,Bálsamo,2025,Res SS 230/2025,2025-12-09,3,variavel,46045.0,E_RS-SS-230_091225.pdf
350480,Bálsamo,2026,Res SS 111/2026,2026-06-09,1,fixo,46045.0,E_RS-SS-111_090626.pdf
350480,Bálsamo,2026,Res SS 111/2026,2026-06-09,1,variavel,46045.0,E_RS-SS-111_090626.pdf
350480,Bálsamo,2026,Res SS 185/2026,2026-09-08,2,fixo,46045.0,E_RS-SS-185_080926.pdf
350480,Bálsamo,2026,Res SS 185/2026,2026-09-08,2,variavel,24864.3,E_RS-SS-185_080926.pdf
350490,Bananal,2024,Res SS 18/2024,2024-02-08,1,fixo,88312.0,E_R-SS-18_080224.pdf
350490,Bananal,2024,Res SS 140/2024,2024-06-20,2,fixo,88312.0,E_R-SS-140_200624.pdf
350490,Bananal,2024,Res SS 140/2024,2024-06-20,2,variavel,25581.04,E_R-SS-140_200624.pdf
350490,Bananal,2024,Res SS 140/2024,2024-06-20,3,fixo,88312.0,E_R-SS-140_200624.pdf
350490,Bananal,2024,Res SS 140/2024,2024-06-20,3,variavel,25581.04,E_R-SS-140_200624.pdf
350490,Bananal,2025,Res SS 13/2025,2025-01-24,1,fixo,73593.33,E_R-SS-13_240125.pdf
350490,Bananal,2025,Res SS 97/2025,2025-05-30,2,fixo,73593.33,E_R-SS-97_300525.pdf
350490,Bananal,2025,Res SS 180/2025,2025-10-08,1+2,variavel,78008.93,E_RS-SS-180_081025.pdf
350490,Bananal,2025,Res SS 230/2025,2025-12-09,2,ajuste,662.34,E_RS-SS-230_091225.pdf
350490,Bananal,2025,Res SS 230/2025,2025-12-09,2025,bonus,0.0,E_RS-SS-230_091225.pdf
350490,Bananal,2025,Res SS 230/2025,2025-12-09,3,fixo,73593.33,E_RS-SS-230_091225.pdf
350490,Bananal,2025,Res SS 230/2025,2025-12-09,3,variavel,65498.07,E_RS-SS-230_091225.pdf
350490,Bananal,2026,Res SS 111/2026,2026-06-09,1,fixo,73593.33,E_RS-SS-111_090626.pdf
350490,Bananal,2026,Res SS 111/2026,2026-06-09,1,variavel,64394.17,E_RS-SS-111_090626.pdf
350490,Bananal,2026,Res SS 185/2026,2026-09-08,2,fixo,73593.33,E_RS-SS-185_080926.pdf
350490,Bananal,2026,Res SS 185/2026,2026-09-08,2,variavel,69729.68,E_RS-SS-185_080926.pdf
350500,Barão De Antonina,2024,Res SS 18/2024,2024-02-08,1,fixo,24675.0,E_R-SS-18_080224.pdf
350500,Barão De Antonina,2024,Res SS 140/2024,2024-06-20,2,fixo,24675.0,E_R-SS-140_200624.pdf
350500,Barão De Antonina,2024,Res SS 140/2024,2024-06-20,2,variavel,14837.9,E_R-SS-140_200624.pdf
350500,Barão De Antonina,2024,Res SS 140/2024,2024-06-20,3,fixo,24675.0,E_R-SS-140_200624.pdf
350500,Barão De Antonina,2024,Res SS 140/2024,2024-06-20,3,variavel,14837.9,E_R-SS-140_200624.pdf
350500,Barão De Antonina,2025,Res SS 13/2025,2025-01-24,1,fixo,20562.5,E_R-SS-13_240125.pdf
350500,Barão De Antonina,2025,Res SS 97/2025,2025-05-30,2,fixo,20562.5,E_R-SS-97_300525.pdf
350500,Barão De Antonina,2025,Res SS 180/2025,2025-10-08,1+2,variavel,41125.0,E_RS-SS-180_081025.pdf
350500,Barão De Antonina,2025,Res SS 230/2025,2025-12-09,2,ajuste,0.0,E_RS-SS-230_091225.pdf
350500,Barão De Antonina,2025,Res SS 230/2025,2025-12-09,2025,bonus,0.0,E_RS-SS-230_091225.pdf
350500,Barão De Antonina,2025,Res SS 230/2025,2025-12-09,3,fixo,20562.5,E_RS-SS-230_091225.pdf
350500,Barão De Antonina,2025,Res SS 230/2025,2025-12-09,3,variavel,20562.5,E_RS-SS-230_091225.pdf
350500,Barão De Antonina,2026,Res SS 111/2026,2026-06-09,1,fixo,20562.5,E_RS-SS-111_090626.pdf
350500,Barão De Antonina,2026,Res SS 111/2026,2026-06-09,1,variavel,15113.44,E_RS-SS-111_090626.pdf
350500,Barão De Antonina,2026,Res SS 185/2026,2026-09-08,2,fixo,20562.5,E_RS-SS-185_080926.pdf
350500,Barão De Antonina,2026,Res SS 185/2026,2026-09-08,2,variavel,11103.75,E_RS-SS-185_080926.pdf
350510,Barbosa,2024,Res SS 18/2024,2024-02-08,1,fixo,60256.0,E_R-SS-18_080224.pdf
350510,Barbosa,2024,Res SS 140/2024,2024-06-20,2,fixo,60256.0,E_R-SS-140_200624.pdf
350510,Barbosa,2024,Res SS 140/2024,2024-06-20,2,variavel,38885.21,E_R-SS-140_200624.pdf
350510,Barbosa,2024,Res SS 140/2024,2024-06-20,3,fixo,60256.0,E_R-SS-140_200624.pdf
350510,Barbosa,2024,Res SS 140/2024,2024-06-20,3,variavel,38885.21,E_R-SS-140_200624.pdf
350510,Barbosa,2025,Res SS 13/2025,2025-01-24,1,fixo,50213.33,E_R-SS-13_240125.pdf
350510,Barbosa,2025,Res SS 97/2025,2025-05-30,2,fixo,50213.33,E_R-SS-97_300525.pdf
350510,Barbosa,2025,Res SS 180/2025,2025-10-08,1+2,variavel,44187.73,E_RS-SS-180_081025.pdf
350510,Barbosa,2025,Res SS 230/2025,2025-12-09,2,ajuste,28119.47,E_RS-SS-230_091225.pdf
350510,Barbosa,2025,Res SS 230/2025,2025-12-09,2025,bonus,0.0,E_RS-SS-230_091225.pdf
350510,Barbosa,2025,Res SS 230/2025,2025-12-09,3,fixo,50213.33,E_RS-SS-230_091225.pdf
350510,Barbosa,2025,Res SS 230/2025,2025-12-09,3,variavel,30379.07,E_RS-SS-230_091225.pdf
350510,Barbosa,2026,Res SS 111/2026,2026-06-09,1,fixo,50213.33,E_RS-SS-111_090626.pdf
350510,Barbosa,2026,Res SS 111/2026,2026-06-09,1,variavel,50213.33,E_RS-SS-111_090626.pdf
350510,Barbosa,2026,Res SS 185/2026,2026-09-08,2,fixo,50213.33,E_RS-SS-185_080926.pdf
350510,Barbosa,2026,Res SS 185/2026,2026-09-08,2,variavel,50213.33,E_RS-SS-185_080926.pdf
350520,Bariri,2024,Res SS 18/2024,2024-02-08,1,fixo,107532.0,E_R-SS-18_080224.pdf
350520,Bariri,2024,Res SS 140/2024,2024-06-20,2,fixo,107532.0,E_R-SS-140_200624.pdf
350520,Bariri,2024,Res SS 140/2024,2024-06-20,2,variavel,55558.2,E_R-SS-140_200624.pdf
350520,Bariri,2024,Res SS 140/2024,2024-06-20,3,fixo,107532.0,E_R-SS-140_200624.pdf
350520,Bariri,2024,Res SS 140/2024,2024-06-20,3,variavel,55558.2,E_R-SS-140_200624.pdf
350520,Bariri,2025,Res SS 13/2025,2025-01-24,1,fixo,89610.0,E_R-SS-13_240125.pdf
350520,Bariri,2025,Res SS 97/2025,2025-05-30,2,fixo,89610.0,E_R-SS-97_300525.pdf
350520,Bariri,2025,Res SS 180/2025,2025-10-08,1+2,variavel,53766.0,E_RS-SS-180_081025.pdf
350520,Bariri,2025,Res SS 230/2025,2025-12-09,2,ajuste,32707.65,E_RS-SS-230_091225.pdf
350520,Bariri,2025,Res SS 230/2025,2025-12-09,2025,bonus,0.0,E_RS-SS-230_091225.pdf
350520,Bariri,2025,Res SS 230/2025,2025-12-09,3,fixo,89610.0,E_RS-SS-230_091225.pdf
350520,Bariri,2025,Res SS 230/2025,2025-12-09,3,variavel,61382.85,E_RS-SS-230_091225.pdf
350520,Bariri,2026,Res SS 111/2026,2026-06-09,1,fixo,89610.0,E_RS-SS-111_090626.pdf
350520,Bariri,2026,Res SS 111/2026,2026-06-09,1,variavel,89610.0,E_RS-SS-111_090626.pdf
350520,Bariri,2026,Res SS 185/2026,2026-09-08,2,fixo,89610.0,E_RS-SS-185_080926.pdf
350520,Bariri,2026,Res SS 185/2026,2026-09-08,2,variavel,54662.1,E_RS-SS-185_080926.pdf
350530,Barra Bonita,2024,Res SS 18/2024,2024-02-08,1,fixo,108375.0,E_R-SS-18_080224.pdf
350530,Barra Bonita,2024,Res SS 140/2024,2024-06-20,2,fixo,108375.0,E_R-SS-140_200624.pdf
350530,Barra Bonita,2024,Res SS 140/2024,2024-06-20,2,variavel,36161.13,E_R-SS-140_200624.pdf
350530,Barra Bonita,2024,Res SS 140/2024,2024-06-20,3,fixo,108375.0,E_R-SS-140_200624.pdf
350530,Barra Bonita,2024,Res SS 140/2024,2024-06-20,3,variavel,36161.13,E_R-SS-140_200624.pdf
350530,Barra Bonita,2025,Res SS 13/2025,2025-01-24,1,fixo,90312.5,E_R-SS-13_240125.pdf
350530,Barra Bonita,2025,Res SS 97/2025,2025-05-30,2,fixo,90312.5,E_R-SS-97_300525.pdf
350530,Barra Bonita,2025,Res SS 180/2025,2025-10-08,1+2,variavel,131856.25,E_RS-SS-180_081025.pdf
350530,Barra Bonita,2025,Res SS 230/2025,2025-12-09,2,ajuste,7586.25,E_RS-SS-230_091225.pdf
350530,Barra Bonita,2025,Res SS 230/2025,2025-12-09,2025,bonus,0.0,E_RS-SS-230_091225.pdf
350530,Barra Bonita,2025,Res SS 230/2025,2025-12-09,3,fixo,90312.5,E_RS-SS-230_091225.pdf
350530,Barra Bonita,2025,Res SS 230/2025,2025-12-09,3,variavel,84893.75,E_RS-SS-230_091225.pdf
350530,Barra Bonita,2026,Res SS 111/2026,2026-06-09,1,fixo,90312.5,E_RS-SS-111_090626.pdf
350530,Barra Bonita,2026,Res SS 111/2026,2026-06-09,1,variavel,90312.5,E_RS-SS-111_090626.pdf
350530,Barra Bonita,2026,Res SS 185/2026,2026-09-08,2,fixo,90312.5,E_RS-SS-185_080926.pdf
350530,Barra Bonita,2026,Res SS 185/2026,2026-09-08,2,variavel,66831.25,E_RS-SS-185_080926.pdf
350535,Barra Do Chapéu,2024,Res SS 18/2024,2024-02-08,1,fixo,46352.0,E_R-SS-18_080224.pdf
350535,Barra Do Chapéu,2024,Res SS 140/2024,2024-06-20,2,fixo,46352.0,E_R-SS-140_200624.pdf
350535,Barra Do Chapéu,2024,Res SS 140/2024,2024-06-20,2,variavel,28552.83,E_R-SS-140_200624.pdf
350535,Barra Do Chapéu,2024,Res SS 140/2024,2024-06-20,3,fixo,46352.0,E_R-SS-140_200624.pdf
350535,Barra Do Chapéu,2024,Res SS 140/2024,2024-06-20,3,variavel,28552.83,E_R-SS-140_200624.pdf
350535,Barra Do Chapéu,2025,Res SS 13/2025,2025-01-24,1,fixo,38626.67,E_R-SS-13_240125.pdf
350535,Barra Do Chapéu,2025,Res SS 97/2025,2025-05-30,2,fixo,38626.67,E_R-SS-97_300525.pdf
350535,Barra Do Chapéu,2025,Res SS 180/2025,2025-10-08,1+2,variavel,40944.27,E_RS-SS-180_081025.pdf
350535,Barra Do Chapéu,2025,Res SS 230/2025,2025-12-09,2,ajuste,9270.4,E_RS-SS-230_091225.pdf
350535,Barra Do Chapéu,2025,Res SS 230/2025,2025-12-09,2025,bonus,0.0,E_RS-SS-230_091225.pdf
350535,Barra Do Chapéu,2025,Res SS 230/2025,2025-12-09,3,fixo,38626.67,E_RS-SS-230_091225.pdf
350535,Barra Do Chapéu,2025,Res SS 230/2025,2025-12-09,3,variavel,26073.0,E_RS-SS-230_091225.pdf
350535,Barra Do Chapéu,2026,Res SS 111/2026,2026-06-09,1,fixo,38626.67,E_RS-SS-111_090626.pdf
350535,Barra Do Chapéu,2026,Res SS 111/2026,2026-06-09,1,variavel,26845.53,E_RS-SS-111_090626.pdf
350535,Barra Do Chapéu,2026,Res SS 185/2026,2026-09-08,2,fixo,38626.67,E_RS-SS-185_080926.pdf
350535,Barra Do Chapéu,2026,Res SS 185/2026,2026-09-08,2,variavel,24334.8,E_RS-SS-185_080926.pdf
350540,Barra Do Turvo,2024,Res SS 18/2024,2024-02-08,1,fixo,60848.0,E_R-SS-18_080224.pdf
350540,Barra Do Turvo,2024,Res SS 140/2024,2024-06-20,2,fixo,60848.0,E_R-SS-140_200624.pdf
350540,Barra Do Turvo,2024,Res SS 140/2024,2024-06-20,2,variavel,29673.54,E_R-SS-140_200624.pdf
350540,Barra Do Turvo,2024,Res SS 140/2024,2024-06-20,3,fixo,60848.0,E_R-SS-140_200624.pdf
350540,Barra Do Turvo,2024,Res SS 140/2024,2024-06-20,3,variavel,29673.54,E_R-SS-140_200624.pdf
350540,Barra Do Turvo,2025,Res SS 13/2025,2025-01-24,1,fixo,50706.67,E_R-SS-13_240125.pdf
350540,Barra Do Turvo,2025,Res SS 97/2025,2025-05-30,2,fixo,50706.67,E_R-SS-97_300525.pdf
350540,Barra Do Turvo,2025,Res SS 180/2025,2025-10-08,1+2,variavel,65918.67,E_RS-SS-180_081025.pdf
350540,Barra Do Turvo,2025,Res SS 230/2025,2025-12-09,2,ajuste,12778.08,E_RS-SS-230_091225.pdf
350540,Barra Do Turvo,2025,Res SS 230/2025,2025-12-09,2025,bonus,0.0,E_RS-SS-230_091225.pdf
350540,Barra Do Turvo,2025,Res SS 230/2025,2025-12-09,3,fixo,50706.67,E_RS-SS-230_091225.pdf
350540,Barra Do Turvo,2025,Res SS 230/2025,2025-12-09,3,variavel,50706.67,E_RS-SS-230_091225.pdf
350540,Barra Do Turvo,2026,Res SS 111/2026,2026-06-09,1,fixo,50706.67,E_RS-SS-111_090626.pdf
350540,Barra Do Turvo,2026,Res SS 111/2026,2026-06-09,1,variavel,50706.67,E_RS-SS-111_090626.pdf
350540,Barra Do Turvo,2026,Res SS 185/2026,2026-09-08,2,fixo,50706.67,E_RS-SS-185_080926.pdf
350540,Barra Do Turvo,2026,Res SS 185/2026,2026-09-08,2,variavel,30931.07,E_RS-SS-185_080926.pdf
350550,Barretos,2024,Res SS 18/2024,2024-02-08,1,fixo,370638.0,E_R-SS-18_080224.pdf
350550,Barretos,2024,Res SS 140/2024,2024-06-20,2,fixo,370638.0,E_R-SS-140_200624.pdf
350550,Barretos,2024,Res SS 140/2024,2024-06-20,2,variavel,194337.86,E_R-SS-140_200624.pdf
350550,Barretos,2024,Res SS 140/2024,2024-06-20,3,fixo,370638.0,E_R-SS-140_200624.pdf
350550,Barretos,2024,Res SS 140/2024,2024-06-20,3,variavel,194337.86,E_R-SS-140_200624.pdf
350550,Barretos,2025,Res SS 13/2025,2025-01-24,1,fixo,308865.0,E_R-SS-13_240125.pdf
350550,Barretos,2025,Res SS 97/2025,2025-05-30,2,fixo,308865.0,E_R-SS-97_300525.pdf
350550,Barretos,2025,Res SS 180/2025,2025-10-08,1+2,variavel,296510.4,E_RS-SS-180_081025.pdf
350550,Barretos,2025,Res SS 230/2025,2025-12-09,2,ajuste,157521.15,E_RS-SS-230_091225.pdf
350550,Barretos,2025,Res SS 230/2025,2025-12-09,2025,bonus,0.0,E_RS-SS-230_091225.pdf
350550,Barretos,2025,Res SS 230/2025,2025-12-09,3,fixo,308865.0,E_RS-SS-230_091225.pdf
350550,Barretos,2025,Res SS 230/2025,2025-12-09,3,variavel,247092.0,E_RS-SS-230_091225.pdf
350550,Barretos,2026,Res SS 111/2026,2026-06-09,1,fixo,308865.0,E_RS-SS-111_090626.pdf
350550,Barretos,2026,Res SS 111/2026,2026-06-09,1,variavel,262535.25,E_RS-SS-111_090626.pdf
350550,Barretos,2026,Res SS 185/2026,2026-09-08,2,fixo,308865.0,E_RS-SS-185_080926.pdf
350550,Barretos,2026,Res SS 185/2026,2026-09-08,2,variavel,162154.13,E_RS-SS-185_080926.pdf
350560,Barrinha,2024,Res SS 18/2024,2024-02-08,1,fixo,201222.0,E_R-SS-18_080224.pdf
350560,Barrinha,2024,Res SS 140/2024,2024-06-20,2,fixo,201222.0,E_R-SS-140_200624.pdf
350560,Barrinha,2024,Res SS 140/2024,2024-06-20,2,variavel,76732.66,E_R-SS-140_200624.pdf
350560,Barrinha,2024,Res SS 140/2024,2024-06-20,3,fixo,201222.0,E_R-SS-140_200624.pdf
350560,Barrinha,2024,Res SS 140/2024,2024-06-20,3,variavel,76732.66,E_R-SS-140_200624.pdf
350560,Barrinha,2025,Res SS 13/2025,2025-01-24,1,fixo,167685.0,E_R-SS-13_240125.pdf
350560,Barrinha,2025,Res SS 97/2025,2025-05-30,2,fixo,167685.0,E_R-SS-97_300525.pdf
350560,Barrinha,2025,Res SS 180/2025,2025-10-08,1+2,variavel,127440.6,E_RS-SS-180_081025.pdf
350560,Barrinha,2025,Res SS 230/2025,2025-12-09,2,ajuste,1760.69,E_RS-SS-230_091225.pdf
350560,Barrinha,2025,Res SS 230/2025,2025-12-09,2025,bonus,0.0,E_RS-SS-230_091225.pdf
350560,Barrinha,2025,Res SS 230/2025,2025-12-09,3,fixo,167685.0,E_RS-SS-230_091225.pdf
350560,Barrinha,2025,Res SS 230/2025,2025-12-09,3,variavel,145047.53,E_RS-SS-230_091225.pdf
350560,Barrinha,2026,Res SS 111/2026,2026-06-09,1,fixo,167685.0,E_RS-SS-111_090626.pdf
350560,Barrinha,2026,Res SS 111/2026,2026-06-09,1,variavel,124086.9,E_RS-SS-111_090626.pdf
350560,Barrinha,2026,Res SS 185/2026,2026-09-08,2,fixo,167685.0,E_RS-SS-185_080926.pdf
350560,Barrinha,2026,Res SS 185/2026,2026-09-08,2,variavel,83842.5,E_RS-SS-185_080926.pdf
350570,Barueri,2024,Res SS 18/2024,2024-02-08,1,fixo,839112.0,E_R-SS-18_080224.pdf
350570,Barueri,2024,Res SS 140/2024,2024-06-20,2,fixo,839112.0,E_R-SS-140_200624.pdf
350570,Barueri,2024,Res SS 140/2024,2024-06-20,2,variavel,243342.48,E_R-SS-140_200624.pdf
350570,Barueri,2024,Res SS 140/2024,2024-06-20,3,fixo,839112.0,E_R-SS-140_200624.pdf
350570,Barueri,2024,Res SS 140/2024,2024-06-20,3,variavel,243342.48,E_R-SS-140_200624.pdf
350570,Barueri,2025,Res SS 13/2025,2025-01-24,1,fixo,699260.0,E_R-SS-13_240125.pdf
350570,Barueri,2025,Res SS 97/2025,2025-05-30,2,fixo,699260.0,E_R-SS-97_300525.pdf
350570,Barueri,2025,Res SS 180/2025,2025-10-08,1+2,variavel,587378.4,E_RS-SS-180_081025.pdf
350570,Barueri,2025,Res SS 230/2025,2025-12-09,2,ajuste,38459.3,E_RS-SS-230_091225.pdf
350570,Barueri,2025,Res SS 230/2025,2025-12-09,2025,bonus,0.0,E_RS-SS-230_091225.pdf
350570,Barueri,2025,Res SS 230/2025,2025-12-09,3,fixo,699260.0,E_RS-SS-230_091225.pdf
350570,Barueri,2025,Res SS 230/2025,2025-12-09,3,variavel,562904.3,E_RS-SS-230_091225.pdf
350570,Barueri,2026,Res SS 111/2026,2026-06-09,1,fixo,699260.0,E_RS-SS-111_090626.pdf
350570,Barueri,2026,Res SS 111/2026,2026-06-09,1,variavel,597867.3,E_RS-SS-111_090626.pdf
350570,Barueri,2026,Res SS 185/2026,2026-09-08,2,fixo,699260.0,E_RS-SS-185_080926.pdf
350570,Barueri,2026,Res SS 185/2026,2026-09-08,2,variavel,393333.75,E_RS-SS-185_080926.pdf
350580,Bastos,2024,Res SS 18/2024,2024-02-08,1,fixo,104760.0,E_R-SS-18_080224.pdf
350580,Bastos,2024,Res SS 140/2024,2024-06-20,2,fixo,104760.0,E_R-SS-140_200624.pdf
350580,Bastos,2024,Res SS 140/2024,2024-06-20,2,variavel,62995.68,E_R-SS-140_200624.pdf
350580,Bastos,2024,Res SS 140/2024,2024-06-20,3,fixo,104760.0,E_R-SS-140_200624.pdf
350580,Bastos,2024,Res SS 140/2024,2024-06-20,3,variavel,62995.68,E_R-SS-140_200624.pdf
350580,Bastos,2025,Res SS 13/2025,2025-01-24,1,fixo,87300.0,E_R-SS-13_240125.pdf
350580,Bastos,2025,Res SS 97/2025,2025-05-30,2,fixo,87300.0,E_R-SS-97_300525.pdf
350580,Bastos,2025,Res SS 180/2025,2025-10-08,1+2,variavel,174600.0,E_RS-SS-180_081025.pdf
350580,Bastos,2025,Res SS 230/2025,2025-12-09,2,ajuste,0.0,E_RS-SS-230_091225.pdf
350580,Bastos,2025,Res SS 230/2025,2025-12-09,2025,bonus,0.0,E_RS-SS-230_091225.pdf
350580,Bastos,2025,Res SS 230/2025,2025-12-09,3,fixo,87300.0,E_RS-SS-230_091225.pdf
350580,Bastos,2025,Res SS 230/2025,2025-12-09,3,variavel,87300.0,E_RS-SS-230_091225.pdf
350580,Bastos,2026,Res SS 111/2026,2026-06-09,1,fixo,87300.0,E_RS-SS-111_090626.pdf
350580,Bastos,2026,Res SS 111/2026,2026-06-09,1,variavel,87300.0,E_RS-SS-111_090626.pdf
350580,Bastos,2026,Res SS 185/2026,2026-09-08,2,fixo,87300.0,E_RS-SS-185_080926.pdf
350580,Bastos,2026,Res SS 185/2026,2026-09-08,2,variavel,58491.0,E_RS-SS-185_080926.pdf
350590,Batatais,2024,Res SS 18/2024,2024-02-08,1,fixo,190314.0,E_R-SS-18_080224.pdf
350590,Batatais,2024,Res SS 140/2024,2024-06-20,2,fixo,190314.0,E_R-SS-140_200624.pdf
350590,Batatais,2024,Res SS 140/2024,2024-06-20,2,variavel,87227.25,E_R-SS-140_200624.pdf
350590,Batatais,2024,Res SS 140/2024,2024-06-20,3,fixo,190314.0,E_R-SS-140_200624.pdf
350590,Batatais,2024,Res SS 140/2024,2024-06-20,3,variavel,87227.25,E_R-SS-140_200624.pdf
350590,Batatais,2025,Res SS 13/2025,2025-01-24,1,fixo,158595.0,E_R-SS-13_240125.pdf
350590,Batatais,2025,Res SS 97/2025,2025-05-30,2,fixo,158595.0,E_R-SS-97_300525.pdf
350590,Batatais,2025,Res SS 180/2025,2025-10-08,1+2,variavel,142735.5,E_RS-SS-180_081025.pdf
350590,Batatais,2025,Res SS 230/2025,2025-12-09,2,ajuste,1903.14,E_RS-SS-230_091225.pdf
350590,Batatais,2025,Res SS 230/2025,2025-12-09,2025,bonus,0.0,E_RS-SS-230_091225.pdf
350590,Batatais,2025,Res SS 230/2025,2025-12-09,3,fixo,158595.0,E_RS-SS-230_091225.pdf
350590,Batatais,2025,Res SS 230/2025,2025-12-09,3,variavel,72953.7,E_RS-SS-230_091225.pdf
350590,Batatais,2026,Res SS 111/2026,2026-06-09,1,fixo,158595.0,E_RS-SS-111_090626.pdf
350590,Batatais,2026,Res SS 111/2026,2026-06-09,1,variavel,137184.68,E_RS-SS-111_090626.pdf
350590,Batatais,2026,Res SS 185/2026,2026-09-08,2,fixo,158595.0,E_RS-SS-185_080926.pdf
350590,Batatais,2026,Res SS 185/2026,2026-09-08,2,variavel,85641.3,E_RS-SS-185_080926.pdf
350600,Bauru,2024,Res SS 18/2024,2024-02-08,1,fixo,1145118.0,E_R-SS-18_080224.pdf
350600,Bauru,2024,Res SS 140/2024,2024-06-20,2,fixo,1145118.0,E_R-SS-140_200624.pdf
350600,Bauru,2024,Res SS 140/2024,2024-06-20,2,variavel,637449.02,E_R-SS-140_200624.pdf
350600,Bauru,2024,Res SS 140/2024,2024-06-20,3,fixo,1145118.0,E_R-SS-140_200624.pdf
350600,Bauru,2024,Res SS 140/2024,2024-06-20,3,variavel,637449.02,E_R-SS-140_200624.pdf
350600,Bauru,2025,Res SS 13/2025,2025-01-24,1,fixo,954265.0,E_R-SS-13_240125.pdf
350600,Bauru,2025,Res SS 97/2025,2025-05-30,2,fixo,954265.0,E_R-SS-97_300525.pdf
350600,Bauru,2025,Res SS 180/2025,2025-10-08,1+2,variavel,1011520.9,E_RS-SS-180_081025.pdf
350600,Bauru,2025,Res SS 230/2025,2025-12-09,2,ajuste,159839.39,E_RS-SS-230_091225.pdf
350600,Bauru,2025,Res SS 230/2025,2025-12-09,2025,bonus,0.0,E_RS-SS-230_091225.pdf
350600,Bauru,2025,Res SS 230/2025,2025-12-09,3,fixo,954265.0,E_RS-SS-230_091225.pdf
350600,Bauru,2025,Res SS 230/2025,2025-12-09,3,variavel,873152.48,E_RS-SS-230_091225.pdf
350600,Bauru,2026,Res SS 111/2026,2026-06-09,1,fixo,954265.0,E_RS-SS-111_090626.pdf
350600,Bauru,2026,Res SS 111/2026,2026-06-09,1,variavel,672756.83,E_RS-SS-111_090626.pdf
350600,Bauru,2026,Res SS 185/2026,2026-09-08,2,fixo,954265.0,E_RS-SS-185_080926.pdf
350600,Bauru,2026,Res SS 185/2026,2026-09-08,2,variavel,324450.1,E_RS-SS-185_080926.pdf
350610,Bebedouro,2024,Res SS 18/2024,2024-02-08,1,fixo,232836.0,E_R-SS-18_080224.pdf
350610,Bebedouro,2024,Res SS 140/2024,2024-06-20,2,fixo,232836.0,E_R-SS-140_200624.pdf
350610,Bebedouro,2024,Res SS 140/2024,2024-06-20,2,variavel,124179.2,E_R-SS-140_200624.pdf
350610,Bebedouro,2024,Res SS 140/2024,2024-06-20,3,fixo,232836.0,E_R-SS-140_200624.pdf
350610,Bebedouro,2024,Res SS 140/2024,2024-06-20,3,variavel,124179.2,E_R-SS-140_200624.pdf
350610,Bebedouro,2025,Res SS 13/2025,2025-01-24,1,fixo,194030.0,E_R-SS-13_240125.pdf
350610,Bebedouro,2025,Res SS 97/2025,2025-05-30,2,fixo,194030.0,E_R-SS-97_300525.pdf
350610,Bebedouro,2025,Res SS 180/2025,2025-10-08,1+2,variavel,155224.0,E_RS-SS-180_081025.pdf
350610,Bebedouro,2025,Res SS 230/2025,2025-12-09,2,ajuste,19403.0,E_RS-SS-230_091225.pdf
350610,Bebedouro,2025,Res SS 230/2025,2025-12-09,2025,bonus,0.0,E_RS-SS-230_091225.pdf
350610,Bebedouro,2025,Res SS 230/2025,2025-12-09,3,fixo,194030.0,E_RS-SS-230_091225.pdf
350610,Bebedouro,2025,Res SS 230/2025,2025-12-09,3,variavel,161044.9,E_RS-SS-230_091225.pdf
350610,Bebedouro,2026,Res SS 111/2026,2026-06-09,1,fixo,194030.0,E_RS-SS-111_090626.pdf
350610,Bebedouro,2026,Res SS 111/2026,2026-06-09,1,variavel,167835.95,E_RS-SS-111_090626.pdf
350610,Bebedouro,2026,Res SS 185/2026,2026-09-08,2,fixo,194030.0,E_RS-SS-185_080926.pdf
350610,Bebedouro,2026,Res SS 185/2026,2026-09-08,2,variavel,130000.1,E_RS-SS-185_080926.pdf
350620,Bento De Abreu,2024,Res SS 18/2024,2024-02-08,1,fixo,18168.0,E_R-SS-18_080224.pdf
350620,Bento De Abreu,2024,Res SS 140/2024,2024-06-20,2,fixo,18168.0,E_R-SS-140_200624.pdf
350620,Bento De Abreu,2024,Res SS 140/2024,2024-06-20,2,variavel,9426.16,E_R-SS-140_200624.pdf
350620,Bento De Abreu,2024,Res SS 140/2024,2024-06-20,3,fixo,18168.0,E_R-SS-140_200624.pdf
350620,Bento De Abreu,2024,Res SS 140/2024,2024-06-20,3,variavel,9426.16,E_R-SS-140_200624.pdf
350620,Bento De Abreu,2025,Res SS 13/2025,2025-01-24,1,fixo,15140.0,E_R-SS-13_240125.pdf
350620,Bento De Abreu,2025,Res SS 97/2025,2025-05-30,2,fixo,15140.0,E_R-SS-97_300525.pdf
350620,Bento De Abreu,2025,Res SS 180/2025,2025-10-08,1+2,variavel,11809.2,E_RS-SS-180_081025.pdf
350620,Bento De Abreu,2025,Res SS 230/2025,2025-12-09,2,ajuste,9235.4,E_RS-SS-230_091225.pdf
350620,Bento De Abreu,2025,Res SS 230/2025,2025-12-09,2025,bonus,0.0,E_RS-SS-230_091225.pdf
350620,Bento De Abreu,2025,Res SS 230/2025,2025-12-09,3,fixo,15140.0,E_RS-SS-230_091225.pdf
350620,Bento De Abreu,2025,Res SS 230/2025,2025-12-09,3,variavel,11733.5,E_RS-SS-230_091225.pdf
350620,Bento De Abreu,2026,Res SS 111/2026,2026-06-09,1,fixo,15140.0,E_RS-SS-111_090626.pdf
350620,Bento De Abreu,2026,Res SS 111/2026,2026-06-09,1,variavel,10900.8,E_RS-SS-111_090626.pdf
350620,Bento De Abreu,2026,Res SS 185/2026,2026-09-08,2,fixo,15140.0,E_RS-SS-185_080926.pdf
350620,Bento De Abreu,2026,Res SS 185/2026,2026-09-08,2,variavel,14345.15,E_RS-SS-185_080926.pdf
350630,Bernardino De Campos,2024,Res SS 18/2024,2024-02-08,1,fixo,67008.0,E_R-SS-18_080224.pdf
350630,Bernardino De Campos,2024,Res SS 140/2024,2024-06-20,2,fixo,67008.0,E_R-SS-140_200624.pdf
350630,Bernardino De Campos,2024,Res SS 140/2024,2024-06-20,2,variavel,44672.0,E_R-SS-140_200624.pdf
350630,Bernardino De Campos,2024,Res SS 140/2024,2024-06-20,3,fixo,67008.0,E_R-SS-140_200624.pdf
350630,Bernardino De Campos,2024,Res SS 140/2024,2024-06-20,3,variavel,44672.0,E_R-SS-140_200624.pdf
350630,Bernardino De Campos,2025,Res SS 13/2025,2025-01-24,1,fixo,55840.0,E_R-SS-13_240125.pdf
350630,Bernardino De Campos,2025,Res SS 97/2025,2025-05-30,2,fixo,55840.0,E_R-SS-97_300525.pdf
350630,Bernardino De Campos,2025,Res SS 180/2025,2025-10-08,1+2,variavel,68124.8,E_RS-SS-180_081025.pdf
350630,Bernardino De Campos,2025,Res SS 230/2025,2025-12-09,2,ajuste,14462.56,E_RS-SS-230_091225.pdf
350630,Bernardino De Campos,2025,Res SS 230/2025,2025-12-09,2025,bonus,0.0,E_RS-SS-230_091225.pdf
350630,Bernardino De Campos,2025,Res SS 230/2025,2025-12-09,3,fixo,55840.0,E_RS-SS-230_091225.pdf
350630,Bernardino De Campos,2025,Res SS 230/2025,2025-12-09,3,variavel,55840.0,E_RS-SS-230_091225.pdf
350630,Bernardino De Campos,2026,Res SS 111/2026,2026-06-09,1,fixo,55840.0,E_RS-SS-111_090626.pdf
350630,Bernardino De Campos,2026,Res SS 111/2026,2026-06-09,1,variavel,55840.0,E_RS-SS-111_090626.pdf
350630,Bernardino De Campos,2026,Res SS 185/2026,2026-09-08,2,fixo,55840.0,E_RS-SS-185_080926.pdf
350630,Bernardino De Campos,2026,Res SS 185/2026,2026-09-08,2,variavel,53746.0,E_RS-SS-185_080926.pdf
350635,Bertioga,2024,Res SS 18/2024,2024-02-08,1,fixo,198462.0,E_R-SS-18_080224.pdf
350635,Bertioga,2024,Res SS 140/2024,2024-06-20,2,fixo,198462.0,E_R-SS-140_200624.pdf
350635,Bertioga,2024,Res SS 140/2024,2024-06-20,2,variavel,63507.84,E_R-SS-140_200624.pdf
350635,Bertioga,2024,Res SS 140/2024,2024-06-20,3,fixo,198462.0,E_R-SS-140_200624.pdf
350635,Bertioga,2024,Res SS 140/2024,2024-06-20,3,variavel,63507.84,E_R-SS-140_200624.pdf
350635,Bertioga,2025,Res SS 13/2025,2025-01-24,1,fixo,165385.0,E_R-SS-13_240125.pdf
350635,Bertioga,2025,Res SS 97/2025,2025-05-30,2,fixo,165385.0,E_R-SS-97_300525.pdf
350635,Bertioga,2025,Res SS 180/2025,2025-10-08,1+2,variavel,158769.6,E_RS-SS-180_081025.pdf
350635,Bertioga,2025,Res SS 230/2025,2025-12-09,2,ajuste,0.0,E_RS-SS-230_091225.pdf
350635,Bertioga,2025,Res SS 230/2025,2025-12-09,2025,bonus,0.0,E_RS-SS-230_091225.pdf
350635,Bertioga,2025,Res SS 230/2025,2025-12-09,3,fixo,165385.0,E_RS-SS-230_091225.pdf
350635,Bertioga,2025,Res SS 230/2025,2025-12-09,3,variavel,59538.6,E_RS-SS-230_091225.pdf
350635,Bertioga,2026,Res SS 111/2026,2026-06-09,1,fixo,165385.0,E_RS-SS-111_090626.pdf
350635,Bertioga,2026,Res SS 111/2026,2026-06-09,1,variavel,119077.2,E_RS-SS-111_090626.pdf
350635,Bertioga,2026,Res SS 185/2026,2026-09-08,2,fixo,165385.0,E_RS-SS-185_080926.pdf
350635,Bertioga,2026,Res SS 185/2026,2026-09-08,2,variavel,90961.75,E_RS-SS-185_080926.pdf
350640,Bilac,2024,Res SS 18/2024,2024-02-08,1,fixo,49182.0,E_R-SS-18_080224.pdf
350640,Bilac,2024,Res SS 140/2024,2024-06-20,2,fixo,49182.0,E_R-SS-140_200624.pdf
350640,Bilac,2024,Res SS 140/2024,2024-06-20,2,variavel,28197.68,E_R-SS-140_200624.pdf
350640,Bilac,2024,Res SS 140/2024,2024-06-20,3,fixo,49182.0,E_R-SS-140_200624.pdf
350640,Bilac,2024,Res SS 140/2024,2024-06-20,3,variavel,28197.68,E_R-SS-140_200624.pdf
350640,Bilac,2025,Res SS 13/2025,2025-01-24,1,fixo,40985.0,E_R-SS-13_240125.pdf
350640,Bilac,2025,Res SS 97/2025,2025-05-30,2,fixo,40985.0,E_R-SS-97_300525.pdf
350640,Bilac,2025,Res SS 180/2025,2025-10-08,1+2,variavel,19672.8,E_RS-SS-180_081025.pdf
350640,Bilac,2025,Res SS 230/2025,2025-12-09,2,ajuste,8873.25,E_RS-SS-230_091225.pdf
350640,Bilac,2025,Res SS 230/2025,2025-12-09,2025,bonus,0.0,E_RS-SS-230_091225.pdf
350640,Bilac,2025,Res SS 230/2025,2025-12-09,3,fixo,40985.0,E_RS-SS-230_091225.pdf
350640,Bilac,2025,Res SS 230/2025,2025-12-09,3,variavel,28074.73,E_RS-SS-230_091225.pdf
350640,Bilac,2026,Res SS 111/2026,2026-06-09,1,fixo,40985.0,E_RS-SS-111_090626.pdf
350640,Bilac,2026,Res SS 111/2026,2026-06-09,1,variavel,27664.88,E_RS-SS-111_090626.pdf
350640,Bilac,2026,Res SS 185/2026,2026-09-08,2,fixo,40985.0,E_RS-SS-185_080926.pdf
350640,Bilac,2026,Res SS 185/2026,2026-09-08,2,variavel,38320.98,E_RS-SS-185_080926.pdf
350650,Birigui,2024,Res SS 18/2024,2024-02-08,1,fixo,378282.0,E_R-SS-18_080224.pdf
350650,Birigui,2024,Res SS 140/2024,2024-06-20,2,fixo,378282.0,E_R-SS-140_200624.pdf
350650,Birigui,2024,Res SS 140/2024,2024-06-20,2,variavel,120671.96,E_R-SS-140_200624.pdf
350650,Birigui,2024,Res SS 140/2024,2024-06-20,3,fixo,378282.0,E_R-SS-140_200624.pdf
350650,Birigui,2024,Res SS 140/2024,2024-06-20,3,variavel,120671.96,E_R-SS-140_200624.pdf
350650,Birigui,2025,Res SS 13/2025,2025-01-24,1,fixo,315235.0,E_R-SS-13_240125.pdf
350650,Birigui,2025,Res SS 97/2025,2025-05-30,2,fixo,315235.0,E_R-SS-97_300525.pdf
350650,Birigui,2025,Res SS 180/2025,2025-10-08,1+2,variavel,630470.0,E_RS-SS-180_081025.pdf
350650,Birigui,2025,Res SS 230/2025,2025-12-09,2,ajuste,0.0,E_RS-SS-230_091225.pdf
350650,Birigui,2025,Res SS 230/2025,2025-12-09,2025,bonus,945705.0,E_RS-SS-230_091225.pdf
350650,Birigui,2025,Res SS 230/2025,2025-12-09,3,fixo,315235.0,E_RS-SS-230_091225.pdf
350650,Birigui,2025,Res SS 230/2025,2025-12-09,3,variavel,315235.0,E_RS-SS-230_091225.pdf
350650,Birigui,2026,Res SS 111/2026,2026-06-09,1,fixo,315235.0,E_RS-SS-111_090626.pdf
350650,Birigui,2026,Res SS 111/2026,2026-06-09,1,variavel,315235.0,E_RS-SS-111_090626.pdf
350650,Birigui,2026,Res SS 185/2026,2026-09-08,2,fixo,315235.0,E_RS-SS-185_080926.pdf
350650,Birigui,2026,Res SS 185/2026,2026-09-08,2,variavel,163922.2,E_RS-SS-185_080926.pdf
350660,Biritiba-Mirim,2024,Res SS 18/2024,2024-02-08,1,fixo,199590.0,E_R-SS-18_080224.pdf
350660,Biritiba-Mirim,2024,Res SS 140/2024,2024-06-20,2,fixo,199590.0,E_R-SS-140_200624.pdf
350660,Biritiba-Mirim,2024,Res SS 140/2024,2024-06-20,2,variavel,111238.16,E_R-SS-140_200624.pdf
350660,Biritiba-Mirim,2024,Res SS 140/2024,2024-06-20,3,fixo,199590.0,E_R-SS-140_200624.pdf
350660,Biritiba-Mirim,2024,Res SS 140/2024,2024-06-20,3,variavel,111238.16,E_R-SS-140_200624.pdf
350660,Biritiba-Mirim,2025,Res SS 13/2025,2025-01-24,1,fixo,166325.0,E_R-SS-13_240125.pdf
350660,Biritiba-Mirim,2025,Res SS 97/2025,2025-05-30,2,fixo,166325.0,E_R-SS-97_300525.pdf
350660,Biritiba-Mirim,2025,Res SS 180/2025,2025-10-08,1+2,variavel,232855.0,E_RS-SS-180_081025.pdf
350660,Biritiba-Mirim,2025,Res SS 230/2025,2025-12-09,2,ajuste,12474.38,E_RS-SS-230_091225.pdf
350660,Biritiba-Mirim,2025,Res SS 230/2025,2025-12-09,2025,bonus,0.0,E_RS-SS-230_091225.pdf
350660,Biritiba-Mirim,2025,Res SS 230/2025,2025-12-09,3,fixo,166325.0,E_RS-SS-230_091225.pdf
350660,Biritiba-Mirim,2025,Res SS 230/2025,2025-12-09,3,variavel,166325.0,E_RS-SS-230_091225.pdf
350660,Biritiba-Mirim,2026,Res SS 111/2026,2026-06-09,1,fixo,166325.0,E_RS-SS-111_090626.pdf
350660,Biritiba-Mirim,2026,Res SS 111/2026,2026-06-09,1,variavel,113932.63,E_RS-SS-111_090626.pdf
350660,Biritiba-Mirim,2026,Res SS 185/2026,2026-09-08,2,fixo,166325.0,E_RS-SS-185_080926.pdf
350660,Biritiba-Mirim,2026,Res SS 185/2026,2026-09-08,2,variavel,146366.0,E_RS-SS-185_080926.pdf
350670,Boa Esperança Do Sul,2024,Res SS 18/2024,2024-02-08,1,fixo,90666.0,E_R-SS-18_080224.pdf
350670,Boa Esperança Do Sul,2024,Res SS 140/2024,2024-06-20,2,fixo,90666.0,E_R-SS-140_200624.pdf
350670,Boa Esperança Do Sul,2024,Res SS 140/2024,2024-06-20,2,variavel,51528.51,E_R-SS-140_200624.pdf
350670,Boa Esperança Do Sul,2024,Res SS 140/2024,2024-06-20,3,fixo,90666.0,E_R-SS-140_200624.pdf
350670,Boa Esperança Do Sul,2024,Res SS 140/2024,2024-06-20,3,variavel,51528.51,E_R-SS-140_200624.pdf
350670,Boa Esperança Do Sul,2025,Res SS 13/2025,2025-01-24,1,fixo,75555.0,E_R-SS-13_240125.pdf
350670,Boa Esperança Do Sul,2025,Res SS 97/2025,2025-05-30,2,fixo,75555.0,E_R-SS-97_300525.pdf
350670,Boa Esperança Do Sul,2025,Res SS 180/2025,2025-10-08,1+2,variavel,96710.4,E_RS-SS-180_081025.pdf
350670,Boa Esperança Do Sul,2025,Res SS 230/2025,2025-12-09,2,ajuste,26444.25,E_RS-SS-230_091225.pdf
350670,Boa Esperança Do Sul,2025,Res SS 230/2025,2025-12-09,2025,bonus,0.0,E_RS-SS-230_091225.pdf
350670,Boa Esperança Do Sul,2025,Res SS 230/2025,2025-12-09,3,fixo,75555.0,E_RS-SS-230_091225.pdf
350670,Boa Esperança Do Sul,2025,Res SS 230/2025,2025-12-09,3,variavel,72721.69,E_RS-SS-230_091225.pdf
350670,Boa Esperança Do Sul,2026,Res SS 111/2026,2026-06-09,1,fixo,75555.0,E_RS-SS-111_090626.pdf
350670,Boa Esperança Do Sul,2026,Res SS 111/2026,2026-06-09,1,variavel,62332.88,E_RS-SS-111_090626.pdf
350670,Boa Esperança Do Sul,2026,Res SS 185/2026,2026-09-08,2,fixo,75555.0,E_RS-SS-185_080926.pdf
350670,Boa Esperança Do Sul,2026,Res SS 185/2026,2026-09-08,2,variavel,37777.5,E_RS-SS-185_080926.pdf
350680,Bocaina,2024,Res SS 18/2024,2024-02-08,1,fixo,37713.0,E_R-SS-18_080224.pdf
350680,Bocaina,2024,Res SS 140/2024,2024-06-20,2,fixo,37713.0,E_R-SS-140_200624.pdf
350680,Bocaina,2024,Res SS 140/2024,2024-06-20,2,variavel,15556.61,E_R-SS-140_200624.pdf
350680,Bocaina,2024,Res SS 140/2024,2024-06-20,3,fixo,37713.0,E_R-SS-140_200624.pdf
350680,Bocaina,2024,Res SS 140/2024,2024-06-20,3,variavel,15556.61,E_R-SS-140_200624.pdf
350680,Bocaina,2025,Res SS 13/2025,2025-01-24,1,fixo,31427.5,E_R-SS-13_240125.pdf
350680,Bocaina,2025,Res SS 97/2025,2025-05-30,2,fixo,31427.5,E_R-SS-97_300525.pdf
350680,Bocaina,2025,Res SS 180/2025,2025-10-08,1+2,variavel,34570.25,E_RS-SS-180_081025.pdf
350680,Bocaina,2025,Res SS 230/2025,2025-12-09,2,ajuste,0.0,E_RS-SS-230_091225.pdf
350680,Bocaina,2025,Res SS 230/2025,2025-12-09,2025,bonus,0.0,E_RS-SS-230_091225.pdf
350680,Bocaina,2025,Res SS 230/2025,2025-12-09,3,fixo,31427.5,E_RS-SS-230_091225.pdf
350680,Bocaina,2025,Res SS 230/2025,2025-12-09,3,variavel,28756.16,E_RS-SS-230_091225.pdf
350680,Bocaina,2026,Res SS 111/2026,2026-06-09,1,fixo,31427.5,E_RS-SS-111_090626.pdf
350680,Bocaina,2026,Res SS 111/2026,2026-06-09,1,variavel,29620.42,E_RS-SS-111_090626.pdf
350680,Bocaina,2026,Res SS 185/2026,2026-09-08,2,fixo,31427.5,E_RS-SS-185_080926.pdf
350680,Bocaina,2026,Res SS 185/2026,2026-09-08,2,variavel,31427.5,E_RS-SS-185_080926.pdf
350690,Bofete,2024,Res SS 18/2024,2024-02-08,1,fixo,72642.0,E_R-SS-18_080224.pdf
350690,Bofete,2024,Res SS 140/2024,2024-06-20,2,fixo,72642.0,E_R-SS-140_200624.pdf
350690,Bofete,2024,Res SS 140/2024,2024-06-20,2,variavel,40485.81,E_R-SS-140_200624.pdf
350690,Bofete,2024,Res SS 140/2024,2024-06-20,3,fixo,72642.0,E_R-SS-140_200624.pdf
350690,Bofete,2024,Res SS 140/2024,2024-06-20,3,variavel,40485.81,E_R-SS-140_200624.pdf
350690,Bofete,2025,Res SS 13/2025,2025-01-24,1,fixo,60535.0,E_R-SS-13_240125.pdf
350690,Bofete,2025,Res SS 97/2025,2025-05-30,2,fixo,60535.0,E_R-SS-97_300525.pdf
350690,Bofete,2025,Res SS 180/2025,2025-10-08,1+2,variavel,82327.6,E_RS-SS-180_081025.pdf
350690,Bofete,2025,Res SS 230/2025,2025-12-09,2,ajuste,14770.54,E_RS-SS-230_091225.pdf
350690,Bofete,2025,Res SS 230/2025,2025-12-09,2025,bonus,0.0,E_RS-SS-230_091225.pdf
350690,Bofete,2025,Res SS 230/2025,2025-12-09,3,fixo,60535.0,E_RS-SS-230_091225.pdf
350690,Bofete,2025,Res SS 230/2025,2025-12-09,3,variavel,60535.0,E_RS-SS-230_091225.pdf
350690,Bofete,2026,Res SS 111/2026,2026-06-09,1,fixo,60535.0,E_RS-SS-111_090626.pdf
350690,Bofete,2026,Res SS 111/2026,2026-06-09,1,variavel,56600.23,E_RS-SS-111_090626.pdf
350690,Bofete,2026,Res SS 185/2026,2026-09-08,2,fixo,60535.0,E_RS-SS-185_080926.pdf
350690,Bofete,2026,Res SS 185/2026,2026-09-08,2,variavel,29056.8,E_RS-SS-185_080926.pdf
350700,Boituva,2024,Res SS 18/2024,2024-02-08,1,fixo,189930.0,E_R-SS-18_080224.pdf
350700,Boituva,2024,Res SS 140/2024,2024-06-20,2,fixo,189930.0,E_R-SS-140_200624.pdf
350700,Boituva,2024,Res SS 140/2024,2024-06-20,2,variavel,76605.1,E_R-SS-140_200624.pdf
350700,Boituva,2024,Res SS 140/2024,2024-06-20,3,fixo,189930.0,E_R-SS-140_200624.pdf
350700,Boituva,2024,Res SS 140/2024,2024-06-20,3,variavel,76605.1,E_R-SS-140_200624.pdf
350700,Boituva,2025,Res SS 13/2025,2025-01-24,1,fixo,158275.0,E_R-SS-13_240125.pdf
350700,Boituva,2025,Res SS 97/2025,2025-05-30,2,fixo,158275.0,E_R-SS-97_300525.pdf
350700,Boituva,2025,Res SS 180/2025,2025-10-08,1+2,variavel,148778.5,E_RS-SS-180_081025.pdf
350700,Boituva,2025,Res SS 230/2025,2025-12-09,2,ajuste,3956.88,E_RS-SS-230_091225.pdf
350700,Boituva,2025,Res SS 230/2025,2025-12-09,2025,bonus,0.0,E_RS-SS-230_091225.pdf
350700,Boituva,2025,Res SS 230/2025,2025-12-09,3,fixo,158275.0,E_RS-SS-230_091225.pdf
350700,Boituva,2025,Res SS 230/2025,2025-12-09,3,variavel,107627.0,E_RS-SS-230_091225.pdf
350700,Boituva,2026,Res SS 111/2026,2026-06-09,1,fixo,158275.0,E_RS-SS-111_090626.pdf
350700,Boituva,2026,Res SS 111/2026,2026-06-09,1,variavel,91008.13,E_RS-SS-111_090626.pdf
350700,Boituva,2026,Res SS 185/2026,2026-09-08,2,fixo,158275.0,E_RS-SS-185_080926.pdf
350700,Boituva,2026,Res SS 185/2026,2026-09-08,2,variavel,101296.0,E_RS-SS-185_080926.pdf
350710,Bom Jesus Dos Perdões,2024,Res SS 18/2024,2024-02-08,1,fixo,159036.0,E_R-SS-18_080224.pdf
350710,Bom Jesus Dos Perdões,2024,Res SS 140/2024,2024-06-20,2,fixo,159036.0,E_R-SS-140_200624.pdf
350710,Bom Jesus Dos Perdões,2024,Res SS 140/2024,2024-06-20,2,variavel,73686.68,E_R-SS-140_200624.pdf
350710,Bom Jesus Dos Perdões,2024,Res SS 140/2024,2024-06-20,3,fixo,159036.0,E_R-SS-140_200624.pdf
350710,Bom Jesus Dos Perdões,2024,Res SS 140/2024,2024-06-20,3,variavel,73686.68,E_R-SS-140_200624.pdf
350710,Bom Jesus Dos Perdões,2025,Res SS 13/2025,2025-01-24,1,fixo,132530.0,E_R-SS-13_240125.pdf
350710,Bom Jesus Dos Perdões,2025,Res SS 97/2025,2025-05-30,2,fixo,132530.0,E_R-SS-97_300525.pdf
350710,Bom Jesus Dos Perdões,2025,Res SS 180/2025,2025-10-08,1+2,variavel,119277.0,E_RS-SS-180_081025.pdf
350710,Bom Jesus Dos Perdões,2025,Res SS 230/2025,2025-12-09,2,ajuste,21271.07,E_RS-SS-230_091225.pdf
350710,Bom Jesus Dos Perdões,2025,Res SS 230/2025,2025-12-09,2025,bonus,0.0,E_RS-SS-230_091225.pdf
350710,Bom Jesus Dos Perdões,2025,Res SS 230/2025,2025-12-09,3,fixo,132530.0,E_RS-SS-230_091225.pdf
350710,Bom Jesus Dos Perdões,2025,Res SS 230/2025,2025-12-09,3,variavel,71234.88,E_RS-SS-230_091225.pdf
350710,Bom Jesus Dos Perdões,2026,Res SS 111/2026,2026-06-09,1,fixo,132530.0,E_RS-SS-111_090626.pdf
350710,Bom Jesus Dos Perdões,2026,Res SS 111/2026,2026-06-09,1,variavel,89457.75,E_RS-SS-111_090626.pdf
350710,Bom Jesus Dos Perdões,2026,Res SS 185/2026,2026-09-08,2,fixo,132530.0,E_RS-SS-185_080926.pdf
350710,Bom Jesus Dos Perdões,2026,Res SS 185/2026,2026-09-08,2,variavel,111987.85,E_RS-SS-185_080926.pdf
350715,Bom Sucesso De Itararé,2024,Res SS 18/2024,2024-02-08,1,fixo,32104.0,E_R-SS-18_080224.pdf
350715,Bom Sucesso De Itararé,2024,Res SS 140/2024,2024-06-20,2,fixo,32104.0,E_R-SS-140_200624.pdf
350715,Bom Sucesso De Itararé,2024,Res SS 140/2024,2024-06-20,2,variavel,21402.67,E_R-SS-140_200624.pdf
350715,Bom Sucesso De Itararé,2024,Res SS 140/2024,2024-06-20,3,fixo,32104.0,E_R-SS-140_200624.pdf
350715,Bom Sucesso De Itararé,2024,Res SS 140/2024,2024-06-20,3,variavel,21402.67,E_R-SS-140_200624.pdf
350715,Bom Sucesso De Itararé,2025,Res SS 13/2025,2025-01-24,1,fixo,26753.33,E_R-SS-13_240125.pdf
350715,Bom Sucesso De Itararé,2025,Res SS 97/2025,2025-05-30,2,fixo,26753.33,E_R-SS-97_300525.pdf
350715,Bom Sucesso De Itararé,2025,Res SS 180/2025,2025-10-08,1+2,variavel,53506.67,E_RS-SS-180_081025.pdf
350715,Bom Sucesso De Itararé,2025,Res SS 230/2025,2025-12-09,2,ajuste,0.0,E_RS-SS-230_091225.pdf
350715,Bom Sucesso De Itararé,2025,Res SS 230/2025,2025-12-09,2025,bonus,80260.0,E_RS-SS-230_091225.pdf
350715,Bom Sucesso De Itararé,2025,Res SS 230/2025,2025-12-09,3,fixo,26753.33,E_RS-SS-230_091225.pdf
350715,Bom Sucesso De Itararé,2025,Res SS 230/2025,2025-12-09,3,variavel,26753.33,E_RS-SS-230_091225.pdf
350715,Bom Sucesso De Itararé,2026,Res SS 111/2026,2026-06-09,1,fixo,26753.33,E_RS-SS-111_090626.pdf
350715,Bom Sucesso De Itararé,2026,Res SS 111/2026,2026-06-09,1,variavel,26753.33,E_RS-SS-111_090626.pdf
350715,Bom Sucesso De Itararé,2026,Res SS 185/2026,2026-09-08,2,fixo,26753.33,E_RS-SS-185_080926.pdf
350715,Bom Sucesso De Itararé,2026,Res SS 185/2026,2026-09-08,2,variavel,25750.08,E_RS-SS-185_080926.pdf
350720,Borá,2024,Res SS 18/2024,2024-02-08,1,fixo,2517.0,E_R-SS-18_080224.pdf
350720,Borá,2024,Res SS 140/2024,2024-06-20,2,fixo,2517.0,E_R-SS-140_200624.pdf
350720,Borá,2024,Res SS 140/2024,2024-06-20,2,variavel,1365.89,E_R-SS-140_200624.pdf
350720,Borá,2024,Res SS 140/2024,2024-06-20,3,fixo,2517.0,E_R-SS-140_200624.pdf
350720,Borá,2024,Res SS 140/2024,2024-06-20,3,variavel,1365.89,E_R-SS-140_200624.pdf
350720,Borá,2025,Res SS 13/2025,2025-01-24,1,fixo,2097.5,E_R-SS-13_240125.pdf
350720,Borá,2025,Res SS 97/2025,2025-05-30,2,fixo,2097.5,E_R-SS-97_300525.pdf
350720,Borá,2025,Res SS 180/2025,2025-10-08,1+2,variavel,1594.1,E_RS-SS-180_081025.pdf
350720,Borá,2025,Res SS 230/2025,2025-12-09,2,ajuste,1279.48,E_RS-SS-230_091225.pdf
350720,Borá,2025,Res SS 230/2025,2025-12-09,2025,bonus,0.0,E_RS-SS-230_091225.pdf
350720,Borá,2025,Res SS 230/2025,2025-12-09,3,fixo,2097.5,E_RS-SS-230_091225.pdf
350720,Borá,2025,Res SS 230/2025,2025-12-09,3,variavel,1541.66,E_RS-SS-230_091225.pdf
350720,Borá,2026,Res SS 111/2026,2026-06-09,1,fixo,2097.5,E_RS-SS-111_090626.pdf
350720,Borá,2026,Res SS 111/2026,2026-06-09,1,variavel,1751.41,E_RS-SS-111_090626.pdf
350720,Borá,2026,Res SS 185/2026,2026-09-08,2,fixo,2097.5,E_RS-SS-185_080926.pdf
350720,Borá,2026,Res SS 185/2026,2026-09-08,2,variavel,1971.65,E_RS-SS-185_080926.pdf
350730,Boracéia,2024,Res SS 18/2024,2024-02-08,1,fixo,29478.0,E_R-SS-18_080224.pdf
350730,Boracéia,2024,Res SS 140/2024,2024-06-20,2,fixo,29478.0,E_R-SS-140_200624.pdf
350730,Boracéia,2024,Res SS 140/2024,2024-06-20,2,variavel,14159.27,E_R-SS-140_200624.pdf
350730,Boracéia,2024,Res SS 140/2024,2024-06-20,3,fixo,29478.0,E_R-SS-140_200624.pdf
350730,Boracéia,2024,Res SS 140/2024,2024-06-20,3,variavel,14159.27,E_R-SS-140_200624.pdf
350730,Boracéia,2025,Res SS 13/2025,2025-01-24,1,fixo,24565.0,E_R-SS-13_240125.pdf
350730,Boracéia,2025,Res SS 97/2025,2025-05-30,2,fixo,24565.0,E_R-SS-97_300525.pdf
350730,Boracéia,2025,Res SS 180/2025,2025-10-08,1+2,variavel,28004.1,E_RS-SS-180_081025.pdf
350730,Boracéia,2025,Res SS 230/2025,2025-12-09,2,ajuste,0.0,E_RS-SS-230_091225.pdf
350730,Boracéia,2025,Res SS 230/2025,2025-12-09,2025,bonus,0.0,E_RS-SS-230_091225.pdf
350730,Boracéia,2025,Res SS 230/2025,2025-12-09,3,fixo,24565.0,E_RS-SS-230_091225.pdf
350730,Boracéia,2025,Res SS 230/2025,2025-12-09,3,variavel,15107.48,E_RS-SS-230_091225.pdf
350730,Boracéia,2026,Res SS 111/2026,2026-06-09,1,fixo,24565.0,E_RS-SS-111_090626.pdf
350730,Boracéia,2026,Res SS 111/2026,2026-06-09,1,variavel,24565.0,E_RS-SS-111_090626.pdf
350730,Boracéia,2026,Res SS 185/2026,2026-09-08,2,fixo,24565.0,E_RS-SS-185_080926.pdf
350730,Boracéia,2026,Res SS 185/2026,2026-09-08,2,variavel,15967.25,E_RS-SS-185_080926.pdf
350740,Borborema,2024,Res SS 18/2024,2024-02-08,1,fixo,48834.0,E_R-SS-18_080224.pdf
350740,Borborema,2024,Res SS 140/2024,2024-06-20,2,fixo,48834.0,E_R-SS-140_200624.pdf
350740,Borborema,2024,Res SS 140/2024,2024-06-20,2,variavel,29365.51,E_R-SS-140_200624.pdf
350740,Borborema,2024,Res SS 140/2024,2024-06-20,3,fixo,48834.0,E_R-SS-140_200624.pdf
350740,Borborema,2024,Res SS 140/2024,2024-06-20,3,variavel,29365.51,E_R-SS-140_200624.pdf
350740,Borborema,2025,Res SS 13/2025,2025-01-24,1,fixo,40695.0,E_R-SS-13_240125.pdf
350740,Borborema,2025,Res SS 97/2025,2025-05-30,2,fixo,40695.0,E_R-SS-97_300525.pdf
350740,Borborema,2025,Res SS 180/2025,2025-10-08,1+2,variavel,46392.3,E_RS-SS-180_081025.pdf
350740,Borborema,2025,Res SS 230/2025,2025-12-09,2,ajuste,14406.03,E_RS-SS-230_091225.pdf
350740,Borborema,2025,Res SS 230/2025,2025-12-09,2025,bonus,0.0,E_RS-SS-230_091225.pdf
350740,Borborema,2025,Res SS 230/2025,2025-12-09,3,fixo,40695.0,E_RS-SS-230_091225.pdf
350740,Borborema,2025,Res SS 230/2025,2025-12-09,3,variavel,25637.85,E_RS-SS-230_091225.pdf
350740,Borborema,2026,Res SS 111/2026,2026-06-09,1,fixo,40695.0,E_RS-SS-111_090626.pdf
350740,Borborema,2026,Res SS 111/2026,2026-06-09,1,variavel,39881.1,E_RS-SS-111_090626.pdf
350740,Borborema,2026,Res SS 185/2026,2026-09-08,2,fixo,40695.0,E_RS-SS-185_080926.pdf
350740,Borborema,2026,Res SS 185/2026,2026-09-08,2,variavel,39881.1,E_RS-SS-185_080926.pdf
350745,Borebi,2024,Res SS 18/2024,2024-02-08,1,fixo,18991.0,E_R-SS-18_080224.pdf
350745,Borebi,2024,Res SS 140/2024,2024-06-20,2,fixo,18991.0,E_R-SS-140_200624.pdf
350745,Borebi,2024,Res SS 140/2024,2024-06-20,2,variavel,6615.2,E_R-SS-140_200624.pdf
350745,Borebi,2024,Res SS 140/2024,2024-06-20,3,fixo,18991.0,E_R-SS-140_200624.pdf
350745,Borebi,2024,Res SS 140/2024,2024-06-20,3,variavel,6615.2,E_R-SS-140_200624.pdf
350745,Borebi,2025,Res SS 13/2025,2025-01-24,1,fixo,15825.83,E_R-SS-13_240125.pdf
350745,Borebi,2025,Res SS 97/2025,2025-05-30,2,fixo,15825.83,E_R-SS-97_300525.pdf
350745,Borebi,2025,Res SS 180/2025,2025-10-08,1+2,variavel,20573.58,E_RS-SS-180_081025.pdf
350745,Borebi,2025,Res SS 230/2025,2025-12-09,2,ajuste,1986.14,E_RS-SS-230_091225.pdf
350745,Borebi,2025,Res SS 230/2025,2025-12-09,2025,bonus,0.0,E_RS-SS-230_091225.pdf
350745,Borebi,2025,Res SS 230/2025,2025-12-09,3,fixo,15825.83,E_RS-SS-230_091225.pdf
350745,Borebi,2025,Res SS 230/2025,2025-12-09,3,variavel,11631.99,E_RS-SS-230_091225.pdf
350745,Borebi,2026,Res SS 111/2026,2026-06-09,1,fixo,15825.83,E_RS-SS-111_090626.pdf
350745,Borebi,2026,Res SS 111/2026,2026-06-09,1,variavel,15825.83,E_RS-SS-111_090626.pdf
350745,Borebi,2026,Res SS 185/2026,2026-09-08,2,fixo,15825.83,E_RS-SS-185_080926.pdf
350745,Borebi,2026,Res SS 185/2026,2026-09-08,2,variavel,12977.18,E_RS-SS-185_080926.pdf
350750,Botucatu,2024,Res SS 18/2024,2024-02-08,1,fixo,449154.0,E_R-SS-18_080224.pdf
350750,Botucatu,2024,Res SS 140/2024,2024-06-20,2,fixo,449154.0,E_R-SS-140_200624.pdf
350750,Botucatu,2024,Res SS 140/2024,2024-06-20,2,variavel,263503.68,E_R-SS-140_200624.pdf
350750,Botucatu,2024,Res SS 140/2024,2024-06-20,3,fixo,449154.0,E_R-SS-140_200624.pdf
350750,Botucatu,2024,Res SS 140/2024,2024-06-20,3,variavel,263503.68,E_R-SS-140_200624.pdf
350750,Botucatu,2025,Res SS 13/2025,2025-01-24,1,fixo,374295.0,E_R-SS-13_240125.pdf
350750,Botucatu,2025,Res SS 97/2025,2025-05-30,2,fixo,374295.0,E_R-SS-97_300525.pdf
350750,Botucatu,2025,Res SS 180/2025,2025-10-08,1+2,variavel,359323.2,E_RS-SS-180_081025.pdf
350750,Botucatu,2025,Res SS 230/2025,2025-12-09,2,ajuste,190890.45,E_RS-SS-230_091225.pdf
350750,Botucatu,2025,Res SS 230/2025,2025-12-09,2025,bonus,0.0,E_RS-SS-230_091225.pdf
350750,Botucatu,2025,Res SS 230/2025,2025-12-09,3,fixo,374295.0,E_RS-SS-230_091225.pdf
350750,Botucatu,2025,Res SS 230/2025,2025-12-09,3,variavel,265749.45,E_RS-SS-230_091225.pdf
350750,Botucatu,2026,Res SS 111/2026,2026-06-09,1,fixo,374295.0,E_RS-SS-111_090626.pdf
350750,Botucatu,2026,Res SS 111/2026,2026-06-09,1,variavel,374295.0,E_RS-SS-111_090626.pdf
350750,Botucatu,2026,Res SS 185/2026,2026-09-08,2,fixo,374295.0,E_RS-SS-185_080926.pdf
350750,Botucatu,2026,Res SS 185/2026,2026-09-08,2,variavel,333122.55,E_RS-SS-185_080926.pdf
350760,Bragança Paulista,2024,Res SS 18/2024,2024-02-08,1,fixo,517038.0,E_R-SS-18_080224.pdf
350760,Bragança Paulista,2024,Res SS 140/2024,2024-06-20,2,fixo,517038.0,E_R-SS-140_200624.pdf
350760,Bragança Paulista,2024,Res SS 140/2024,2024-06-20,2,variavel,333661.86,E_R-SS-140_200624.pdf
350760,Bragança Paulista,2024,Res SS 140/2024,2024-06-20,3,fixo,517038.0,E_R-SS-140_200624.pdf
350760,Bragança Paulista,2024,Res SS 140/2024,2024-06-20,3,variavel,333661.86,E_R-SS-140_200624.pdf
350760,Bragança Paulista,2025,Res SS 13/2025,2025-01-24,1,fixo,430865.0,E_R-SS-13_240125.pdf
350760,Bragança Paulista,2025,Res SS 97/2025,2025-05-30,2,fixo,430865.0,E_R-SS-97_300525.pdf
350760,Bragança Paulista,2025,Res SS 180/2025,2025-10-08,1+2,variavel,542889.9,E_RS-SS-180_081025.pdf
350760,Bragança Paulista,2025,Res SS 230/2025,2025-12-09,2,ajuste,81864.35,E_RS-SS-230_091225.pdf
350760,Bragança Paulista,2025,Res SS 230/2025,2025-12-09,2025,bonus,0.0,E_RS-SS-230_091225.pdf
350760,Bragança Paulista,2025,Res SS 230/2025,2025-12-09,3,fixo,430865.0,E_RS-SS-230_091225.pdf
350760,Bragança Paulista,2025,Res SS 230/2025,2025-12-09,3,variavel,369466.74,E_RS-SS-230_091225.pdf
350760,Bragança Paulista,2026,Res SS 111/2026,2026-06-09,1,fixo,430865.0,E_RS-SS-111_090626.pdf
350760,Bragança Paulista,2026,Res SS 111/2026,2026-06-09,1,variavel,349000.65,E_RS-SS-111_090626.pdf
350760,Bragança Paulista,2026,Res SS 185/2026,2026-09-08,2,fixo,430865.0,E_RS-SS-185_080926.pdf
350760,Bragança Paulista,2026,Res SS 185/2026,2026-09-08,2,variavel,189580.6,E_RS-SS-185_080926.pdf
350770,Braúna,2024,Res SS 18/2024,2024-02-08,1,fixo,46360.0,E_R-SS-18_080224.pdf
350770,Braúna,2024,Res SS 140/2024,2024-06-20,2,fixo,46360.0,E_R-SS-140_200624.pdf
350770,Braúna,2024,Res SS 140/2024,2024-06-20,2,variavel,15298.8,E_R-SS-140_200624.pdf
350770,Braúna,2024,Res SS 140/2024,2024-06-20,3,fixo,46360.0,E_R-SS-140_200624.pdf
350770,Braúna,2024,Res SS 140/2024,2024-06-20,3,variavel,15298.8,E_R-SS-140_200624.pdf
350770,Braúna,2025,Res SS 13/2025,2025-01-24,1,fixo,38633.33,E_R-SS-13_240125.pdf
350770,Braúna,2025,Res SS 97/2025,2025-05-30,2,fixo,38633.33,E_R-SS-97_300525.pdf
350770,Braúna,2025,Res SS 180/2025,2025-10-08,1+2,variavel,67994.67,E_RS-SS-180_081025.pdf
350770,Braúna,2025,Res SS 230/2025,2025-12-09,2,ajuste,4636.0,E_RS-SS-230_091225.pdf
350770,Braúna,2025,Res SS 230/2025,2025-12-09,2025,bonus,0.0,E_RS-SS-230_091225.pdf
350770,Braúna,2025,Res SS 230/2025,2025-12-09,3,fixo,38633.33,E_RS-SS-230_091225.pdf
350770,Braúna,2025,Res SS 230/2025,2025-12-09,3,variavel,19316.67,E_RS-SS-230_091225.pdf
350770,Braúna,2026,Res SS 111/2026,2026-06-09,1,fixo,38633.33,E_RS-SS-111_090626.pdf
350770,Braúna,2026,Res SS 111/2026,2026-06-09,1,variavel,30906.67,E_RS-SS-111_090626.pdf
350770,Braúna,2026,Res SS 185/2026,2026-09-08,2,fixo,38633.33,E_RS-SS-185_080926.pdf
350770,Braúna,2026,Res SS 185/2026,2026-09-08,2,variavel,35929.0,E_RS-SS-185_080926.pdf
350775,Brejo Alegre,2024,Res SS 18/2024,2024-02-08,1,fixo,17466.0,E_R-SS-18_080224.pdf
350775,Brejo Alegre,2024,Res SS 140/2024,2024-06-20,2,fixo,17466.0,E_R-SS-140_200624.pdf
350775,Brejo Alegre,2024,Res SS 140/2024,2024-06-20,2,variavel,9158.01,E_R-SS-140_200624.pdf
350775,Brejo Alegre,2024,Res SS 140/2024,2024-06-20,3,fixo,17466.0,E_R-SS-140_200624.pdf
350775,Brejo Alegre,2024,Res SS 140/2024,2024-06-20,3,variavel,9158.01,E_R-SS-140_200624.pdf
350775,Brejo Alegre,2025,Res SS 13/2025,2025-01-24,1,fixo,14555.0,E_R-SS-13_240125.pdf
350775,Brejo Alegre,2025,Res SS 97/2025,2025-05-30,2,fixo,14555.0,E_R-SS-97_300525.pdf
350775,Brejo Alegre,2025,Res SS 180/2025,2025-10-08,1+2,variavel,9897.4,E_RS-SS-180_081025.pdf
350775,Brejo Alegre,2025,Res SS 230/2025,2025-12-09,2,ajuste,4817.71,E_RS-SS-230_091225.pdf
350775,Brejo Alegre,2025,Res SS 230/2025,2025-12-09,2025,bonus,0.0,E_RS-SS-230_091225.pdf
350775,Brejo Alegre,2025,Res SS 230/2025,2025-12-09,3,fixo,14555.0,E_RS-SS-230_091225.pdf
350775,Brejo Alegre,2025,Res SS 230/2025,2025-12-09,3,variavel,8223.58,E_RS-SS-230_091225.pdf
350775,Brejo Alegre,2026,Res SS 111/2026,2026-06-09,1,fixo,14555.0,E_RS-SS-111_090626.pdf
350775,Brejo Alegre,2026,Res SS 111/2026,2026-06-09,1,variavel,12371.75,E_RS-SS-111_090626.pdf
350775,Brejo Alegre,2026,Res SS 185/2026,2026-09-08,2,fixo,14555.0,E_RS-SS-185_080926.pdf
350775,Brejo Alegre,2026,Res SS 185/2026,2026-09-08,2,variavel,14263.9,E_RS-SS-185_080926.pdf
350780,Brodowski,2024,Res SS 18/2024,2024-02-08,1,fixo,153630.0,E_R-SS-18_080224.pdf
350780,Brodowski,2024,Res SS 140/2024,2024-06-20,2,fixo,153630.0,E_R-SS-140_200624.pdf
350780,Brodowski,2024,Res SS 140/2024,2024-06-20,2,variavel,72666.99,E_R-SS-140_200624.pdf
350780,Brodowski,2024,Res SS 140/2024,2024-06-20,3,fixo,153630.0,E_R-SS-140_200624.pdf
350780,Brodowski,2024,Res SS 140/2024,2024-06-20,3,variavel,72666.99,E_R-SS-140_200624.pdf
350780,Brodowski,2025,Res SS 13/2025,2025-01-24,1,fixo,128025.0,E_R-SS-13_240125.pdf
350780,Brodowski,2025,Res SS 97/2025,2025-05-30,2,fixo,128025.0,E_R-SS-97_300525.pdf
350780,Brodowski,2025,Res SS 180/2025,2025-10-08,1+2,variavel,117783.0,E_RS-SS-180_081025.pdf
350780,Brodowski,2025,Res SS 230/2025,2025-12-09,2,ajuste,15747.08,E_RS-SS-230_091225.pdf
350780,Brodowski,2025,Res SS 230/2025,2025-12-09,2025,bonus,0.0,E_RS-SS-230_091225.pdf
350780,Brodowski,2025,Res SS 230/2025,2025-12-09,3,fixo,128025.0,E_RS-SS-230_091225.pdf
350780,Brodowski,2025,Res SS 230/2025,2025-12-09,3,variavel,90897.75,E_RS-SS-230_091225.pdf
350780,Brodowski,2026,Res SS 111/2026,2026-06-09,1,fixo,128025.0,E_RS-SS-111_090626.pdf
350780,Brodowski,2026,Res SS 111/2026,2026-06-09,1,variavel,67213.13,E_RS-SS-111_090626.pdf
350780,Brodowski,2026,Res SS 185/2026,2026-09-08,2,fixo,128025.0,E_RS-SS-185_080926.pdf
350780,Brodowski,2026,Res SS 185/2026,2026-09-08,2,variavel,125464.5,E_RS-SS-185_080926.pdf
350790,Brotas,2024,Res SS 18/2024,2024-02-08,1,fixo,74586.0,E_R-SS-18_080224.pdf
350790,Brotas,2024,Res SS 140/2024,2024-06-20,2,fixo,74586.0,E_R-SS-140_200624.pdf
350790,Brotas,2024,Res SS 140/2024,2024-06-20,2,variavel,25160.34,E_R-SS-140_200624.pdf
350790,Brotas,2024,Res SS 140/2024,2024-06-20,3,fixo,74586.0,E_R-SS-140_200624.pdf
350790,Brotas,2024,Res SS 140/2024,2024-06-20,3,variavel,25160.34,E_R-SS-140_200624.pdf
350790,Brotas,2025,Res SS 13/2025,2025-01-24,1,fixo,62155.0,E_R-SS-13_240125.pdf
350790,Brotas,2025,Res SS 97/2025,2025-05-30,2,fixo,62155.0,E_R-SS-97_300525.pdf
350790,Brotas,2025,Res SS 180/2025,2025-10-08,1+2,variavel,99448.0,E_RS-SS-180_081025.pdf
350790,Brotas,2025,Res SS 230/2025,2025-12-09,2,ajuste,0.0,E_RS-SS-230_091225.pdf
350790,Brotas,2025,Res SS 230/2025,2025-12-09,2025,bonus,0.0,E_RS-SS-230_091225.pdf
350790,Brotas,2025,Res SS 230/2025,2025-12-09,3,fixo,62155.0,E_RS-SS-230_091225.pdf
350790,Brotas,2025,Res SS 230/2025,2025-12-09,3,variavel,60911.9,E_RS-SS-230_091225.pdf
350790,Brotas,2026,Res SS 111/2026,2026-06-09,1,fixo,62155.0,E_RS-SS-111_090626.pdf
350790,Brotas,2026,Res SS 111/2026,2026-06-09,1,variavel,32631.38,E_RS-SS-111_090626.pdf
350790,Brotas,2026,Res SS 185/2026,2026-09-08,2,fixo,62155.0,E_RS-SS-185_080926.pdf
350790,Brotas,2026,Res SS 185/2026,2026-09-08,2,variavel,28591.3,E_RS-SS-185_080926.pdf
350800,Buri,2024,Res SS 18/2024,2024-02-08,1,fixo,120300.0,E_R-SS-18_080224.pdf
350800,Buri,2024,Res SS 140/2024,2024-06-20,2,fixo,120300.0,E_R-SS-140_200624.pdf
350800,Buri,2024,Res SS 140/2024,2024-06-20,2,variavel,67368.0,E_R-SS-140_200624.pdf
350800,Buri,2024,Res SS 140/2024,2024-06-20,3,fixo,120300.0,E_R-SS-140_200624.pdf
350800,Buri,2024,Res SS 140/2024,2024-06-20,3,variavel,67368.0,E_R-SS-140_200624.pdf
350800,Buri,2025,Res SS 13/2025,2025-01-24,1,fixo,100250.0,E_R-SS-13_240125.pdf
350800,Buri,2025,Res SS 97/2025,2025-05-30,2,fixo,100250.0,E_R-SS-97_300525.pdf
350800,Buri,2025,Res SS 180/2025,2025-10-08,1+2,variavel,168420.0,E_RS-SS-180_081025.pdf
350800,Buri,2025,Res SS 230/2025,2025-12-09,2,ajuste,8421.0,E_RS-SS-230_091225.pdf
350800,Buri,2025,Res SS 230/2025,2025-12-09,2025,bonus,0.0,E_RS-SS-230_091225.pdf
350800,Buri,2025,Res SS 230/2025,2025-12-09,3,fixo,100250.0,E_RS-SS-230_091225.pdf
350800,Buri,2025,Res SS 230/2025,2025-12-09,3,variavel,80951.88,E_RS-SS-230_091225.pdf
350800,Buri,2026,Res SS 111/2026,2026-06-09,1,fixo,100250.0,E_RS-SS-111_090626.pdf
350800,Buri,2026,Res SS 111/2026,2026-06-09,1,variavel,100250.0,E_RS-SS-111_090626.pdf
350800,Buri,2026,Res SS 185/2026,2026-09-08,2,fixo,100250.0,E_RS-SS-185_080926.pdf
350800,Buri,2026,Res SS 185/2026,2026-09-08,2,variavel,100250.0,E_RS-SS-185_080926.pdf
350810,Buritama,2024,Res SS 18/2024,2024-02-08,1,fixo,104484.0,E_R-SS-18_080224.pdf
350810,Buritama,2024,Res SS 140/2024,2024-06-20,2,fixo,104484.0,E_R-SS-140_200624.pdf
350810,Buritama,2024,Res SS 140/2024,2024-06-20,2,variavel,54784.44,E_R-SS-140_200624.pdf
350810,Buritama,2024,Res SS 140/2024,2024-06-20,3,fixo,104484.0,E_R-SS-140_200624.pdf
350810,Buritama,2024,Res SS 140/2024,2024-06-20,3,variavel,54784.44,E_R-SS-140_200624.pdf
350810,Buritama,2025,Res SS 13/2025,2025-01-24,1,fixo,87070.0,E_R-SS-13_240125.pdf
350810,Buritama,2025,Res SS 97/2025,2025-05-30,2,fixo,87070.0,E_R-SS-97_300525.pdf
350810,Buritama,2025,Res SS 180/2025,2025-10-08,1+2,variavel,87070.0,E_RS-SS-180_081025.pdf
350810,Buritama,2025,Res SS 230/2025,2025-12-09,2,ajuste,11754.45,E_RS-SS-230_091225.pdf
350810,Buritama,2025,Res SS 230/2025,2025-12-09,2025,bonus,0.0,E_RS-SS-230_091225.pdf
350810,Buritama,2025,Res SS 230/2025,2025-12-09,3,fixo,87070.0,E_RS-SS-230_091225.pdf
350810,Buritama,2025,Res SS 230/2025,2025-12-09,3,variavel,50500.6,E_RS-SS-230_091225.pdf
350810,Buritama,2026,Res SS 111/2026,2026-06-09,1,fixo,87070.0,E_RS-SS-111_090626.pdf
350810,Buritama,2026,Res SS 111/2026,2026-06-09,1,variavel,74009.5,E_RS-SS-111_090626.pdf
350810,Buritama,2026,Res SS 185/2026,2026-09-08,2,fixo,87070.0,E_RS-SS-185_080926.pdf
350810,Buritama,2026,Res SS 185/2026,2026-09-08,2,variavel,71179.73,E_RS-SS-185_080926.pdf
350820,Buritizal,2024,Res SS 18/2024,2024-02-08,1,fixo,22735.0,E_R-SS-18_080224.pdf
350820,Buritizal,2024,Res SS 140/2024,2024-06-20,2,fixo,22735.0,E_R-SS-140_200624.pdf
350820,Buritizal,2024,Res SS 140/2024,2024-06-20,2,variavel,12921.06,E_R-SS-140_200624.pdf
350820,Buritizal,2024,Res SS 140/2024,2024-06-20,3,fixo,22735.0,E_R-SS-140_200624.pdf
350820,Buritizal,2024,Res SS 140/2024,2024-06-20,3,variavel,12921.06,E_R-SS-140_200624.pdf
350820,Buritizal,2025,Res SS 13/2025,2025-01-24,1,fixo,18945.83,E_R-SS-13_240125.pdf
350820,Buritizal,2025,Res SS 97/2025,2025-05-30,2,fixo,18945.83,E_R-SS-97_300525.pdf
350820,Buritizal,2025,Res SS 180/2025,2025-10-08,1+2,variavel,36376.0,E_RS-SS-180_081025.pdf
350820,Buritizal,2025,Res SS 230/2025,2025-12-09,2,ajuste,0.0,E_RS-SS-230_091225.pdf
350820,Buritizal,2025,Res SS 230/2025,2025-12-09,2025,bonus,0.0,E_RS-SS-230_091225.pdf
350820,Buritizal,2025,Res SS 230/2025,2025-12-09,3,fixo,18945.83,E_RS-SS-230_091225.pdf
350820,Buritizal,2025,Res SS 230/2025,2025-12-09,3,variavel,18945.83,E_RS-SS-230_091225.pdf
350820,Buritizal,2026,Res SS 111/2026,2026-06-09,1,fixo,18945.83,E_RS-SS-111_090626.pdf
350820,Buritizal,2026,Res SS 111/2026,2026-06-09,1,variavel,18945.83,E_RS-SS-111_090626.pdf
350820,Buritizal,2026,Res SS 185/2026,2026-09-08,2,fixo,18945.83,E_RS-SS-185_080926.pdf
350820,Buritizal,2026,Res SS 185/2026,2026-09-08,2,variavel,18945.83,E_RS-SS-185_080926.pdf
350830,Cabrália Paulista,2024,Res SS 18/2024,2024-02-08,1,fixo,25332.0,E_R-SS-18_080224.pdf
350830,Cabrália Paulista,2024,Res SS 140/2024,2024-06-20,2,fixo,25332.0,E_R-SS-140_200624.pdf
350830,Cabrália Paulista,2024,Res SS 140/2024,2024-06-20,2,variavel,15511.63,E_R-SS-140_200624.pdf
350830,Cabrália Paulista,2024,Res SS 140/2024,2024-06-20,3,fixo,25332.0,E_R-SS-140_200624.pdf
350830,Cabrália Paulista,2024,Res SS 140/2024,2024-06-20,3,variavel,15511.63,E_R-SS-140_200624.pdf
350830,Cabrália Paulista,2025,Res SS 13/2025,2025-01-24,1,fixo,21110.0,E_R-SS-13_240125.pdf
350830,Cabrália Paulista,2025,Res SS 97/2025,2025-05-30,2,fixo,21110.0,E_R-SS-97_300525.pdf
350830,Cabrália Paulista,2025,Res SS 180/2025,2025-10-08,1+2,variavel,42220.0,E_RS-SS-180_081025.pdf
350830,Cabrália Paulista,2025,Res SS 230/2025,2025-12-09,2,ajuste,0.0,E_RS-SS-230_091225.pdf
350830,Cabrália Paulista,2025,Res SS 230/2025,2025-12-09,2025,bonus,0.0,E_RS-SS-230_091225.pdf
350830,Cabrália Paulista,2025,Res SS 230/2025,2025-12-09,3,fixo,21110.0,E_RS-SS-230_091225.pdf
350830,Cabrália Paulista,2025,Res SS 230/2025,2025-12-09,3,variavel,20687.8,E_RS-SS-230_091225.pdf
350830,Cabrália Paulista,2026,Res SS 111/2026,2026-06-09,1,fixo,21110.0,E_RS-SS-111_090626.pdf
350830,Cabrália Paulista,2026,Res SS 111/2026,2026-06-09,1,variavel,20476.7,E_RS-SS-111_090626.pdf
350830,Cabrália Paulista,2026,Res SS 185/2026,2026-09-08,2,fixo,21110.0,E_RS-SS-185_080926.pdf
350830,Cabrália Paulista,2026,Res SS 185/2026,2026-09-08,2,variavel,17732.4,E_RS-SS-185_080926.pdf
350840,Cabreúva,2024,Res SS 18/2024,2024-02-08,1,fixo,153390.0,E_R-SS-18_080224.pdf
350840,Cabreúva,2024,Res SS 140/2024,2024-06-20,2,fixo,153390.0,E_R-SS-140_200624.pdf
350840,Cabreúva,2024,Res SS 140/2024,2024-06-20,2,variavel,57367.86,E_R-SS-140_200624.pdf
350840,Cabreúva,2024,Res SS 140/2024,2024-06-20,3,fixo,153390.0,E_R-SS-140_200624.pdf
350840,Cabreúva,2024,Res SS 140/2024,2024-06-20,3,variavel,57367.86,E_R-SS-140_200624.pdf
350840,Cabreúva,2025,Res SS 13/2025,2025-01-24,1,fixo,127825.0,E_R-SS-13_240125.pdf
350840,Cabreúva,2025,Res SS 97/2025,2025-05-30,2,fixo,127825.0,E_R-SS-97_300525.pdf
350840,Cabreúva,2025,Res SS 180/2025,2025-10-08,1+2,variavel,199407.0,E_RS-SS-180_081025.pdf
350840,Cabreúva,2025,Res SS 230/2025,2025-12-09,2,ajuste,0.0,E_RS-SS-230_091225.pdf
350840,Cabreúva,2025,Res SS 230/2025,2025-12-09,2025,bonus,0.0,E_RS-SS-230_091225.pdf
350840,Cabreúva,2025,Res SS 230/2025,2025-12-09,3,fixo,127825.0,E_RS-SS-230_091225.pdf
350840,Cabreúva,2025,Res SS 230/2025,2025-12-09,3,variavel,122072.88,E_RS-SS-230_091225.pdf
350840,Cabreúva,2026,Res SS 111/2026,2026-06-09,1,fixo,127825.0,E_RS-SS-111_090626.pdf
350840,Cabreúva,2026,Res SS 111/2026,2026-06-09,1,variavel,99703.5,E_RS-SS-111_090626.pdf
350840,Cabreúva,2026,Res SS 185/2026,2026-09-08,2,fixo,127825.0,E_RS-SS-185_080926.pdf
350840,Cabreúva,2026,Res SS 185/2026,2026-09-08,2,variavel,66469.0,E_RS-SS-185_080926.pdf
350850,Caçapava,2024,Res SS 18/2024,2024-02-08,1,fixo,287256.0,E_R-SS-18_080224.pdf
350850,Caçapava,2024,Res SS 140/2024,2024-06-20,2,fixo,287256.0,E_R-SS-140_200624.pdf
350850,Caçapava,2024,Res SS 140/2024,2024-06-20,2,variavel,168523.52,E_R-SS-140_200624.pdf
350850,Caçapava,2024,Res SS 140/2024,2024-06-20,3,fixo,287256.0,E_R-SS-140_200624.pdf
350850,Caçapava,2024,Res SS 140/2024,2024-06-20,3,variavel,168523.52,E_R-SS-140_200624.pdf
350850,Caçapava,2025,Res SS 13/2025,2025-01-24,1,fixo,239380.0,E_R-SS-13_240125.pdf
350850,Caçapava,2025,Res SS 97/2025,2025-05-30,2,fixo,239380.0,E_R-SS-97_300525.pdf
350850,Caçapava,2025,Res SS 180/2025,2025-10-08,1+2,variavel,244167.6,E_RS-SS-180_081025.pdf
350850,Caçapava,2025,Res SS 230/2025,2025-12-09,2,ajuste,40694.6,E_RS-SS-230_091225.pdf
350850,Caçapava,2025,Res SS 230/2025,2025-12-09,2025,bonus,0.0,E_RS-SS-230_091225.pdf
350850,Caçapava,2025,Res SS 230/2025,2025-12-09,3,fixo,239380.0,E_RS-SS-230_091225.pdf
350850,Caçapava,2025,Res SS 230/2025,2025-12-09,3,variavel,181928.8,E_RS-SS-230_091225.pdf
350850,Caçapava,2026,Res SS 111/2026,2026-06-09,1,fixo,239380.0,E_RS-SS-111_090626.pdf
350850,Caçapava,2026,Res SS 111/2026,2026-06-09,1,variavel,219032.7,E_RS-SS-111_090626.pdf
350850,Caçapava,2026,Res SS 185/2026,2026-09-08,2,fixo,239380.0,E_RS-SS-185_080926.pdf
350850,Caçapava,2026,Res SS 185/2026,2026-09-08,2,variavel,147218.7,E_RS-SS-185_080926.pdf
350860,Cachoeira Paulista,2024,Res SS 18/2024,2024-02-08,1,fixo,202962.0,E_R-SS-18_080224.pdf
350860,Cachoeira Paulista,2024,Res SS 140/2024,2024-06-20,2,fixo,202962.0,E_R-SS-140_200624.pdf
350860,Cachoeira Paulista,2024,Res SS 140/2024,2024-06-20,2,variavel,33827.0,E_R-SS-140_200624.pdf
350860,Cachoeira Paulista,2024,Res SS 140/2024,2024-06-20,3,fixo,202962.0,E_R-SS-140_200624.pdf
350860,Cachoeira Paulista,2024,Res SS 140/2024,2024-06-20,3,variavel,33827.0,E_R-SS-140_200624.pdf
350860,Cachoeira Paulista,2025,Res SS 13/2025,2025-01-24,1,fixo,169135.0,E_R-SS-13_240125.pdf
350860,Cachoeira Paulista,2025,Res SS 97/2025,2025-05-30,2,fixo,169135.0,E_R-SS-97_300525.pdf
350860,Cachoeira Paulista,2025,Res SS 180/2025,2025-10-08,1+2,variavel,94715.6,E_RS-SS-180_081025.pdf
350860,Cachoeira Paulista,2025,Res SS 230/2025,2025-12-09,2,ajuste,68922.51,E_RS-SS-230_091225.pdf
350860,Cachoeira Paulista,2025,Res SS 230/2025,2025-12-09,2025,bonus,0.0,E_RS-SS-230_091225.pdf
350860,Cachoeira Paulista,2025,Res SS 230/2025,2025-12-09,3,fixo,169135.0,E_RS-SS-230_091225.pdf
350860,Cachoeira Paulista,2025,Res SS 230/2025,2025-12-09,3,variavel,107400.73,E_RS-SS-230_091225.pdf
350860,Cachoeira Paulista,2026,Res SS 111/2026,2026-06-09,1,fixo,169135.0,E_RS-SS-111_090626.pdf
350860,Cachoeira Paulista,2026,Res SS 111/2026,2026-06-09,1,variavel,135308.0,E_RS-SS-111_090626.pdf
350860,Cachoeira Paulista,2026,Res SS 185/2026,2026-09-08,2,fixo,169135.0,E_RS-SS-185_080926.pdf
350860,Cachoeira Paulista,2026,Res SS 185/2026,2026-09-08,2,variavel,169135.0,E_RS-SS-185_080926.pdf
350870,Caconde,2024,Res SS 18/2024,2024-02-08,1,fixo,133217.0,E_R-SS-18_080224.pdf
350870,Caconde,2024,Res SS 140/2024,2024-06-20,2,fixo,133217.0,E_R-SS-140_200624.pdf
350870,Caconde,2024,Res SS 140/2024,2024-06-20,2,variavel,76444.36,E_R-SS-140_200624.pdf
350870,Caconde,2024,Res SS 140/2024,2024-06-20,3,fixo,133217.0,E_R-SS-140_200624.pdf
350870,Caconde,2024,Res SS 140/2024,2024-06-20,3,variavel,76444.36,E_R-SS-140_200624.pdf
350870,Caconde,2025,Res SS 13/2025,2025-01-24,1,fixo,111014.17,E_R-SS-13_240125.pdf
350870,Caconde,2025,Res SS 97/2025,2025-05-30,2,fixo,111014.17,E_R-SS-97_300525.pdf
350870,Caconde,2025,Res SS 180/2025,2025-10-08,1+2,variavel,79930.2,E_RS-SS-180_081025.pdf
350870,Caconde,2025,Res SS 230/2025,2025-12-09,2,ajuste,29030.2,E_RS-SS-230_091225.pdf
350870,Caconde,2025,Res SS 230/2025,2025-12-09,2025,bonus,0.0,E_RS-SS-230_091225.pdf
350870,Caconde,2025,Res SS 230/2025,2025-12-09,3,fixo,111014.17,E_RS-SS-230_091225.pdf
350870,Caconde,2025,Res SS 230/2025,2025-12-09,3,variavel,84370.77,E_RS-SS-230_091225.pdf
350870,Caconde,2026,Res SS 111/2026,2026-06-09,1,fixo,111014.17,E_RS-SS-111_090626.pdf
350870,Caconde,2026,Res SS 111/2026,2026-06-09,1,variavel,65498.36,E_RS-SS-111_090626.pdf
350870,Caconde,2026,Res SS 185/2026,2026-09-08,2,fixo,111014.17,E_RS-SS-185_080926.pdf
350870,Caconde,2026,Res SS 185/2026,2026-09-08,2,variavel,79930.2,E_RS-SS-185_080926.pdf
350880,Cafelândia,2024,Res SS 18/2024,2024-02-08,1,fixo,107502.0,E_R-SS-18_080224.pdf
350880,Cafelândia,2024,Res SS 140/2024,2024-06-20,2,fixo,107502.0,E_R-SS-140_200624.pdf
350880,Cafelândia,2024,Res SS 140/2024,2024-06-20,2,variavel,46118.36,E_R-SS-140_200624.pdf
350880,Cafelândia,2024,Res SS 140/2024,2024-06-20,3,fixo,107502.0,E_R-SS-140_200624.pdf
350880,Cafelândia,2024,Res SS 140/2024,2024-06-20,3,variavel,46118.36,E_R-SS-140_200624.pdf
350880,Cafelândia,2025,Res SS 13/2025,2025-01-24,1,fixo,89585.0,E_R-SS-13_240125.pdf
350880,Cafelândia,2025,Res SS 97/2025,2025-05-30,2,fixo,89585.0,E_R-SS-97_300525.pdf
350880,Cafelândia,2025,Res SS 180/2025,2025-10-08,1+2,variavel,53751.0,E_RS-SS-180_081025.pdf
350880,Cafelândia,2025,Res SS 230/2025,2025-12-09,2,ajuste,42104.95,E_RS-SS-230_091225.pdf
350880,Cafelândia,2025,Res SS 230/2025,2025-12-09,2025,bonus,0.0,E_RS-SS-230_091225.pdf
350880,Cafelândia,2025,Res SS 230/2025,2025-12-09,3,fixo,89585.0,E_RS-SS-230_091225.pdf
350880,Cafelândia,2025,Res SS 230/2025,2025-12-09,3,variavel,58678.18,E_RS-SS-230_091225.pdf
350880,Cafelândia,2026,Res SS 111/2026,2026-06-09,1,fixo,89585.0,E_RS-SS-111_090626.pdf
350880,Cafelândia,2026,Res SS 111/2026,2026-06-09,1,variavel,66292.9,E_RS-SS-111_090626.pdf
350880,Cafelândia,2026,Res SS 185/2026,2026-09-08,2,fixo,89585.0,E_RS-SS-185_080926.pdf
350880,Cafelândia,2026,Res SS 185/2026,2026-09-08,2,variavel,48823.83,E_RS-SS-185_080926.pdf
350890,Caiabu,2024,Res SS 18/2024,2024-02-08,1,fixo,25170.0,E_R-SS-18_080224.pdf
350890,Caiabu,2024,Res SS 140/2024,2024-06-20,2,fixo,25170.0,E_R-SS-140_200624.pdf
350890,Caiabu,2024,Res SS 140/2024,2024-06-20,2,variavel,14028.08,E_R-SS-140_200624.pdf
350890,Caiabu,2024,Res SS 140/2024,2024-06-20,3,fixo,25170.0,E_R-SS-140_200624.pdf
350890,Caiabu,2024,Res SS 140/2024,2024-06-20,3,variavel,14028.08,E_R-SS-140_200624.pdf
350890,Caiabu,2025,Res SS 13/2025,2025-01-24,1,fixo,20975.0,E_R-SS-13_240125.pdf
350890,Caiabu,2025,Res SS 97/2025,2025-05-30,2,fixo,20975.0,E_R-SS-97_300525.pdf
350890,Caiabu,2025,Res SS 180/2025,2025-10-08,1+2,variavel,39433.0,E_RS-SS-180_081025.pdf
350890,Caiabu,2025,Res SS 230/2025,2025-12-09,2,ajuste,0.0,E_RS-SS-230_091225.pdf
350890,Caiabu,2025,Res SS 230/2025,2025-12-09,2025,bonus,0.0,E_RS-SS-230_091225.pdf
350890,Caiabu,2025,Res SS 230/2025,2025-12-09,3,fixo,20975.0,E_RS-SS-230_091225.pdf
350890,Caiabu,2025,Res SS 230/2025,2025-12-09,3,variavel,20975.0,E_RS-SS-230_091225.pdf
350890,Caiabu,2026,Res SS 111/2026,2026-06-09,1,fixo,20975.0,E_RS-SS-111_090626.pdf
350890,Caiabu,2026,Res SS 111/2026,2026-06-09,1,variavel,20975.0,E_RS-SS-111_090626.pdf
350890,Caiabu,2026,Res SS 185/2026,2026-09-08,2,fixo,20975.0,E_RS-SS-185_080926.pdf
350890,Caiabu,2026,Res SS 185/2026,2026-09-08,2,variavel,20975.0,E_RS-SS-185_080926.pdf
350900,Caieiras,2024,Res SS 18/2024,2024-02-08,1,fixo,312132.0,E_R-SS-18_080224.pdf
350900,Caieiras,2024,Res SS 140/2024,2024-06-20,2,fixo,312132.0,E_R-SS-140_200624.pdf
350900,Caieiras,2024,Res SS 140/2024,2024-06-20,2,variavel,140459.4,E_R-SS-140_200624.pdf
350900,Caieiras,2024,Res SS 140/2024,2024-06-20,3,fixo,312132.0,E_R-SS-140_200624.pdf
350900,Caieiras,2024,Res SS 140/2024,2024-06-20,3,variavel,140459.4,E_R-SS-140_200624.pdf
350900,Caieiras,2025,Res SS 13/2025,2025-01-24,1,fixo,260110.0,E_R-SS-13_240125.pdf
350900,Caieiras,2025,Res SS 97/2025,2025-05-30,2,fixo,260110.0,E_R-SS-97_300525.pdf
350900,Caieiras,2025,Res SS 180/2025,2025-10-08,1+2,variavel,124852.8,E_RS-SS-180_081025.pdf
350900,Caieiras,2025,Res SS 230/2025,2025-12-09,2,ajuste,117829.83,E_RS-SS-230_091225.pdf
350900,Caieiras,2025,Res SS 230/2025,2025-12-09,2025,bonus,0.0,E_RS-SS-230_091225.pdf
350900,Caieiras,2025,Res SS 230/2025,2025-12-09,3,fixo,260110.0,E_RS-SS-230_091225.pdf
350900,Caieiras,2025,Res SS 230/2025,2025-12-09,3,variavel,165169.85,E_RS-SS-230_091225.pdf
350900,Caieiras,2026,Res SS 111/2026,2026-06-09,1,fixo,260110.0,E_RS-SS-111_090626.pdf
350900,Caieiras,2026,Res SS 111/2026,2026-06-09,1,variavel,165169.85,E_RS-SS-111_090626.pdf
350900,Caieiras,2026,Res SS 185/2026,2026-09-08,2,fixo,260110.0,E_RS-SS-185_080926.pdf
350900,Caieiras,2026,Res SS 185/2026,2026-09-08,2,variavel,114448.4,E_RS-SS-185_080926.pdf
350910,Caiuá,2024,Res SS 18/2024,2024-02-08,1,fixo,48136.0,E_R-SS-18_080224.pdf
350910,Caiuá,2024,Res SS 140/2024,2024-06-20,2,fixo,48136.0,E_R-SS-140_200624.pdf
350910,Caiuá,2024,Res SS 140/2024,2024-06-20,2,variavel,23474.32,E_R-SS-140_200624.pdf
350910,Caiuá,2024,Res SS 140/2024,2024-06-20,3,fixo,48136.0,E_R-SS-140_200624.pdf
350910,Caiuá,2024,Res SS 140/2024,2024-06-20,3,variavel,23474.32,E_R-SS-140_200624.pdf
350910,Caiuá,2025,Res SS 13/2025,2025-01-24,1,fixo,40113.33,E_R-SS-13_240125.pdf
350910,Caiuá,2025,Res SS 97/2025,2025-05-30,2,fixo,40113.33,E_R-SS-97_300525.pdf
350910,Caiuá,2025,Res SS 180/2025,2025-10-08,1+2,variavel,36102.0,E_RS-SS-180_081025.pdf
350910,Caiuá,2025,Res SS 230/2025,2025-12-09,2,ajuste,16145.62,E_RS-SS-230_091225.pdf
350910,Caiuá,2025,Res SS 230/2025,2025-12-09,2025,bonus,0.0,E_RS-SS-230_091225.pdf
350910,Caiuá,2025,Res SS 230/2025,2025-12-09,3,fixo,40113.33,E_RS-SS-230_091225.pdf
350910,Caiuá,2025,Res SS 230/2025,2025-12-09,3,variavel,24669.7,E_RS-SS-230_091225.pdf
350910,Caiuá,2026,Res SS 111/2026,2026-06-09,1,fixo,40113.33,E_RS-SS-111_090626.pdf
350910,Caiuá,2026,Res SS 111/2026,2026-06-09,1,variavel,34898.6,E_RS-SS-111_090626.pdf
350910,Caiuá,2026,Res SS 185/2026,2026-09-08,2,fixo,40113.33,E_RS-SS-185_080926.pdf
350910,Caiuá,2026,Res SS 185/2026,2026-09-08,2,variavel,19254.4,E_RS-SS-185_080926.pdf
350920,Cajamar,2024,Res SS 18/2024,2024-02-08,1,fixo,237102.0,E_R-SS-18_080224.pdf
350920,Cajamar,2024,Res SS 140/2024,2024-06-20,2,fixo,237102.0,E_R-SS-140_200624.pdf
350920,Cajamar,2024,Res SS 140/2024,2024-06-20,2,variavel,132777.12,E_R-SS-140_200624.pdf
350920,Cajamar,2024,Res SS 140/2024,2024-06-20,3,fixo,237102.0,E_R-SS-140_200624.pdf
350920,Cajamar,2024,Res SS 140/2024,2024-06-20,3,variavel,132777.12,E_R-SS-140_200624.pdf
350920,Cajamar,2025,Res SS 13/2025,2025-01-24,1,fixo,197585.0,E_R-SS-13_240125.pdf
350920,Cajamar,2025,Res SS 97/2025,2025-05-30,2,fixo,197585.0,E_R-SS-97_300525.pdf
350920,Cajamar,2025,Res SS 180/2025,2025-10-08,1+2,variavel,237102.0,E_RS-SS-180_081025.pdf
350920,Cajamar,2025,Res SS 230/2025,2025-12-09,2,ajuste,68364.41,E_RS-SS-230_091225.pdf
350920,Cajamar,2025,Res SS 230/2025,2025-12-09,2025,bonus,0.0,E_RS-SS-230_091225.pdf
350920,Cajamar,2025,Res SS 230/2025,2025-12-09,3,fixo,197585.0,E_RS-SS-230_091225.pdf
350920,Cajamar,2025,Res SS 230/2025,2025-12-09,3,variavel,170417.06,E_RS-SS-230_091225.pdf
350920,Cajamar,2026,Res SS 111/2026,2026-06-09,1,fixo,197585.0,E_RS-SS-111_090626.pdf
350920,Cajamar,2026,Res SS 111/2026,2026-06-09,1,variavel,197585.0,E_RS-SS-111_090626.pdf
350920,Cajamar,2026,Res SS 185/2026,2026-09-08,2,fixo,197585.0,E_RS-SS-185_080926.pdf
350920,Cajamar,2026,Res SS 185/2026,2026-09-08,2,variavel,197585.0,E_RS-SS-185_080926.pdf
350925,Cajati,2024,Res SS 18/2024,2024-02-08,1,fixo,170646.0,E_R-SS-18_080224.pdf
350925,Cajati,2024,Res SS 140/2024,2024-06-20,2,fixo,170646.0,E_R-SS-140_200624.pdf
350925,Cajati,2024,Res SS 140/2024,2024-06-20,2,variavel,100112.32,E_R-SS-140_200624.pdf
350925,Cajati,2024,Res SS 140/2024,2024-06-20,3,fixo,170646.0,E_R-SS-140_200624.pdf
350925,Cajati,2024,Res SS 140/2024,2024-06-20,3,variavel,100112.32,E_R-SS-140_200624.pdf
350925,Cajati,2025,Res SS 13/2025,2025-01-24,1,fixo,142205.0,E_R-SS-13_240125.pdf
350925,Cajati,2025,Res SS 97/2025,2025-05-30,2,fixo,142205.0,E_R-SS-97_300525.pdf
350925,Cajati,2025,Res SS 180/2025,2025-10-08,1+2,variavel,150737.3,E_RS-SS-180_081025.pdf
350925,Cajati,2025,Res SS 230/2025,2025-12-09,2,ajuste,66836.35,E_RS-SS-230_091225.pdf
350925,Cajati,2025,Res SS 230/2025,2025-12-09,2025,bonus,0.0,E_RS-SS-230_091225.pdf
350925,Cajati,2025,Res SS 230/2025,2025-12-09,3,fixo,142205.0,E_RS-SS-230_091225.pdf
350925,Cajati,2025,Res SS 230/2025,2025-12-09,3,variavel,81056.85,E_RS-SS-230_091225.pdf
350925,Cajati,2026,Res SS 111/2026,2026-06-09,1,fixo,142205.0,E_RS-SS-111_090626.pdf
350925,Cajati,2026,Res SS 111/2026,2026-06-09,1,variavel,123718.35,E_RS-SS-111_090626.pdf
350925,Cajati,2026,Res SS 185/2026,2026-09-08,2,fixo,142205.0,E_RS-SS-185_080926.pdf
350925,Cajati,2026,Res SS 185/2026,2026-09-08,2,variavel,68258.4,E_RS-SS-185_080926.pdf
350930,Cajobi,2024,Res SS 18/2024,2024-02-08,1,fixo,63894.0,E_R-SS-18_080224.pdf
350930,Cajobi,2024,Res SS 140/2024,2024-06-20,2,fixo,63894.0,E_R-SS-140_200624.pdf
350930,Cajobi,2024,Res SS 140/2024,2024-06-20,2,variavel,42596.0,E_R-SS-140_200624.pdf
350930,Cajobi,2024,Res SS 140/2024,2024-06-20,3,fixo,63894.0,E_R-SS-140_200624.pdf
350930,Cajobi,2024,Res SS 140/2024,2024-06-20,3,variavel,42596.0,E_R-SS-140_200624.pdf
350930,Cajobi,2025,Res SS 13/2025,2025-01-24,1,fixo,53245.0,E_R-SS-13_240125.pdf
350930,Cajobi,2025,Res SS 97/2025,2025-05-30,2,fixo,53245.0,E_R-SS-97_300525.pdf
350930,Cajobi,2025,Res SS 180/2025,2025-10-08,1+2,variavel,53245.0,E_RS-SS-180_081025.pdf
350930,Cajobi,2025,Res SS 230/2025,2025-12-09,2,ajuste,9690.59,E_RS-SS-230_091225.pdf
350930,Cajobi,2025,Res SS 230/2025,2025-12-09,2025,bonus,0.0,E_RS-SS-230_091225.pdf
350930,Cajobi,2025,Res SS 230/2025,2025-12-09,3,fixo,53245.0,E_RS-SS-230_091225.pdf
350930,Cajobi,2025,Res SS 230/2025,2025-12-09,3,variavel,33544.35,E_RS-SS-230_091225.pdf
350930,Cajobi,2026,Res SS 111/2026,2026-06-09,1,fixo,53245.0,E_RS-SS-111_090626.pdf
350930,Cajobi,2026,Res SS 111/2026,2026-06-09,1,variavel,50848.98,E_RS-SS-111_090626.pdf
350930,Cajobi,2026,Res SS 185/2026,2026-09-08,2,fixo,53245.0,E_RS-SS-185_080926.pdf
350930,Cajobi,2026,Res SS 185/2026,2026-09-08,2,variavel,52180.1,E_RS-SS-185_080926.pdf
350940,Cajuru,2024,Res SS 18/2024,2024-02-08,1,fixo,186291.0,E_R-SS-18_080224.pdf
350940,Cajuru,2024,Res SS 140/2024,2024-06-20,2,fixo,186291.0,E_R-SS-140_200624.pdf
350940,Cajuru,2024,Res SS 140/2024,2024-06-20,2,variavel,83830.95,E_R-SS-140_200624.pdf
350940,Cajuru,2024,Res SS 140/2024,2024-06-20,3,fixo,186291.0,E_R-SS-140_200624.pdf
350940,Cajuru,2024,Res SS 140/2024,2024-06-20,3,variavel,83830.95,E_R-SS-140_200624.pdf
350940,Cajuru,2025,Res SS 13/2025,2025-01-24,1,fixo,155242.5,E_R-SS-13_240125.pdf
350940,Cajuru,2025,Res SS 97/2025,2025-05-30,2,fixo,155242.5,E_R-SS-97_300525.pdf
350940,Cajuru,2025,Res SS 180/2025,2025-10-08,1+2,variavel,80726.1,E_RS-SS-180_081025.pdf
350940,Cajuru,2025,Res SS 230/2025,2025-12-09,2,ajuste,45020.33,E_RS-SS-230_091225.pdf
350940,Cajuru,2025,Res SS 230/2025,2025-12-09,2025,bonus,0.0,E_RS-SS-230_091225.pdf
350940,Cajuru,2025,Res SS 230/2025,2025-12-09,3,fixo,155242.5,E_RS-SS-230_091225.pdf
350940,Cajuru,2025,Res SS 230/2025,2025-12-09,3,variavel,96250.35,E_RS-SS-230_091225.pdf
350940,Cajuru,2026,Res SS 111/2026,2026-06-09,1,fixo,155242.5,E_RS-SS-111_090626.pdf
350940,Cajuru,2026,Res SS 111/2026,2026-06-09,1,variavel,147480.38,E_RS-SS-111_090626.pdf
350940,Cajuru,2026,Res SS 185/2026,2026-09-08,2,fixo,155242.5,E_RS-SS-185_080926.pdf
350940,Cajuru,2026,Res SS 185/2026,2026-09-08,2,variavel,131179.91,E_RS-SS-185_080926.pdf
350945,Campina Do Monte Alegre,2024,Res SS 18/2024,2024-02-08,1,fixo,48704.0,E_R-SS-18_080224.pdf
350945,Campina Do Monte Alegre,2024,Res SS 140/2024,2024-06-20,2,fixo,48704.0,E_R-SS-140_200624.pdf
350945,Campina Do Monte Alegre,2024,Res SS 140/2024,2024-06-20,2,variavel,28573.01,E_R-SS-140_200624.pdf
350945,Campina Do Monte Alegre,2024,Res SS 140/2024,2024-06-20,3,fixo,48704.0,E_R-SS-140_200624.pdf
350945,Campina Do Monte Alegre,2024,Res SS 140/2024,2024-06-20,3,variavel,28573.01,E_R-SS-140_200624.pdf
350945,Campina Do Monte Alegre,2025,Res SS 13/2025,2025-01-24,1,fixo,40586.67,E_R-SS-13_240125.pdf
350945,Campina Do Monte Alegre,2025,Res SS 97/2025,2025-05-30,2,fixo,40586.67,E_R-SS-97_300525.pdf
350945,Campina Do Monte Alegre,2025,Res SS 180/2025,2025-10-08,1+2,variavel,47892.27,E_RS-SS-180_081025.pdf
350945,Campina Do Monte Alegre,2025,Res SS 230/2025,2025-12-09,2,ajuste,0.0,E_RS-SS-230_091225.pdf
350945,Campina Do Monte Alegre,2025,Res SS 230/2025,2025-12-09,2025,bonus,0.0,E_RS-SS-230_091225.pdf
350945,Campina Do Monte Alegre,2025,Res SS 230/2025,2025-12-09,3,fixo,40586.67,E_RS-SS-230_091225.pdf
350945,Campina Do Monte Alegre,2025,Res SS 230/2025,2025-12-09,3,variavel,39774.93,E_RS-SS-230_091225.pdf
350945,Campina Do Monte Alegre,2026,Res SS 111/2026,2026-06-09,1,fixo,40586.67,E_RS-SS-111_090626.pdf
350945,Campina Do Monte Alegre,2026,Res SS 111/2026,2026-06-09,1,variavel,21105.07,E_RS-SS-111_090626.pdf
350945,Campina Do Monte Alegre,2026,Res SS 185/2026,2026-09-08,2,fixo,40586.67,E_RS-SS-185_080926.pdf
350945,Campina Do Monte Alegre,2026,Res SS 185/2026,2026-09-08,2,variavel,26381.33,E_RS-SS-185_080926.pdf
350950,Campinas,2024,Res SS 18/2024,2024-02-08,1,fixo,3669711.0,E_R-SS-18_080224.pdf
350950,Campinas,2024,Res SS 140/2024,2024-06-20,2,fixo,3669711.0,E_R-SS-140_200624.pdf
350950,Campinas,2024,Res SS 140/2024,2024-06-20,2,variavel,1810390.76,E_R-SS-140_200624.pdf
350950,Campinas,2024,Res SS 140/2024,2024-06-20,3,fixo,3669711.0,E_R-SS-140_200624.pdf
350950,Campinas,2024,Res SS 140/2024,2024-06-20,3,variavel,1810390.76,E_R-SS-140_200624.pdf
350950,Campinas,2025,Res SS 13/2025,2025-01-24,1,fixo,3058092.5,E_R-SS-13_240125.pdf
350950,Campinas,2025,Res SS 97/2025,2025-05-30,2,fixo,3058092.5,E_R-SS-97_300525.pdf
350950,Campinas,2025,Res SS 180/2025,2025-10-08,1+2,variavel,2629959.55,E_RS-SS-180_081025.pdf
350950,Campinas,2025,Res SS 230/2025,2025-12-09,2,ajuste,1131494.23,E_RS-SS-230_091225.pdf
350950,Campinas,2025,Res SS 230/2025,2025-12-09,2025,bonus,0.0,E_RS-SS-230_091225.pdf
350950,Campinas,2025,Res SS 230/2025,2025-12-09,3,fixo,3058092.5,E_RS-SS-230_091225.pdf
350950,Campinas,2025,Res SS 230/2025,2025-12-09,3,variavel,2614669.09,E_RS-SS-230_091225.pdf
350950,Campinas,2026,Res SS 111/2026,2026-06-09,1,fixo,3058092.5,E_RS-SS-111_090626.pdf
350950,Campinas,2026,Res SS 111/2026,2026-06-09,1,variavel,2752283.25,E_RS-SS-111_090626.pdf
350950,Campinas,2026,Res SS 185/2026,2026-09-08,2,fixo,3058092.5,E_RS-SS-185_080926.pdf
350950,Campinas,2026,Res SS 185/2026,2026-09-08,2,variavel,2477054.93,E_RS-SS-185_080926.pdf
350960,Campo Limpo Paulista,2024,Res SS 18/2024,2024-02-08,1,fixo,259221.0,E_R-SS-18_080224.pdf
350960,Campo Limpo Paulista,2024,Res SS 140/2024,2024-06-20,2,fixo,259221.0,E_R-SS-140_200624.pdf
350960,Campo Limpo Paulista,2024,Res SS 140/2024,2024-06-20,2,variavel,128314.4,E_R-SS-140_200624.pdf
350960,Campo Limpo Paulista,2024,Res SS 140/2024,2024-06-20,3,fixo,259221.0,E_R-SS-140_200624.pdf
350960,Campo Limpo Paulista,2024,Res SS 140/2024,2024-06-20,3,variavel,128314.4,E_R-SS-140_200624.pdf
350960,Campo Limpo Paulista,2025,Res SS 13/2025,2025-01-24,1,fixo,216017.5,E_R-SS-13_240125.pdf
350960,Campo Limpo Paulista,2025,Res SS 97/2025,2025-05-30,2,fixo,216017.5,E_R-SS-97_300525.pdf
350960,Campo Limpo Paulista,2025,Res SS 180/2025,2025-10-08,1+2,variavel,142571.55,E_RS-SS-180_081025.pdf
350960,Campo Limpo Paulista,2025,Res SS 230/2025,2025-12-09,2,ajuste,118809.63,E_RS-SS-230_091225.pdf
350960,Campo Limpo Paulista,2025,Res SS 230/2025,2025-12-09,2025,bonus,0.0,E_RS-SS-230_091225.pdf
350960,Campo Limpo Paulista,2025,Res SS 230/2025,2025-12-09,3,fixo,216017.5,E_RS-SS-230_091225.pdf
350960,Campo Limpo Paulista,2025,Res SS 230/2025,2025-12-09,3,variavel,190095.4,E_RS-SS-230_091225.pdf
350960,Campo Limpo Paulista,2026,Res SS 111/2026,2026-06-09,1,fixo,216017.5,E_RS-SS-111_090626.pdf
350960,Campo Limpo Paulista,2026,Res SS 111/2026,2026-06-09,1,variavel,207376.8,E_RS-SS-111_090626.pdf
350960,Campo Limpo Paulista,2026,Res SS 185/2026,2026-09-08,2,fixo,216017.5,E_RS-SS-185_080926.pdf
350960,Campo Limpo Paulista,2026,Res SS 185/2026,2026-09-08,2,variavel,186315.09,E_RS-SS-185_080926.pdf
350970,Campos Do Jordão,2024,Res SS 18/2024,2024-02-08,1,fixo,158139.0,E_R-SS-18_080224.pdf
350970,Campos Do Jordão,2024,Res SS 140/2024,2024-06-20,2,fixo,158139.0,E_R-SS-140_200624.pdf
350970,Campos Do Jordão,2024,Res SS 140/2024,2024-06-20,2,variavel,46387.44,E_R-SS-140_200624.pdf
350970,Campos Do Jordão,2024,Res SS 140/2024,2024-06-20,3,fixo,158139.0,E_R-SS-140_200624.pdf
350970,Campos Do Jordão,2024,Res SS 140/2024,2024-06-20,3,variavel,46387.44,E_R-SS-140_200624.pdf
350970,Campos Do Jordão,2025,Res SS 13/2025,2025-01-24,1,fixo,131782.5,E_R-SS-13_240125.pdf
350970,Campos Do Jordão,2025,Res SS 97/2025,2025-05-30,2,fixo,131782.5,E_R-SS-97_300525.pdf
350970,Campos Do Jordão,2025,Res SS 180/2025,2025-10-08,1+2,variavel,139689.45,E_RS-SS-180_081025.pdf
350970,Campos Do Jordão,2025,Res SS 230/2025,2025-12-09,2,ajuste,0.0,E_RS-SS-230_091225.pdf
350970,Campos Do Jordão,2025,Res SS 230/2025,2025-12-09,2025,bonus,0.0,E_RS-SS-230_091225.pdf
350970,Campos Do Jordão,2025,Res SS 230/2025,2025-12-09,3,fixo,131782.5,E_RS-SS-230_091225.pdf
350970,Campos Do Jordão,2025,Res SS 230/2025,2025-12-09,3,variavel,125852.29,E_RS-SS-230_091225.pdf
350970,Campos Do Jordão,2026,Res SS 111/2026,2026-06-09,1,fixo,131782.5,E_RS-SS-111_090626.pdf
350970,Campos Do Jordão,2026,Res SS 111/2026,2026-06-09,1,variavel,97519.05,E_RS-SS-111_090626.pdf
350970,Campos Do Jordão,2026,Res SS 185/2026,2026-09-08,2,fixo,131782.5,E_RS-SS-185_080926.pdf
350970,Campos Do Jordão,2026,Res SS 185/2026,2026-09-08,2,variavel,63255.6,E_RS-SS-185_080926.pdf
350980,Campos Novos Paulista,2024,Res SS 18/2024,2024-02-08,1,fixo,35196.0,E_R-SS-18_080224.pdf
350980,Campos Novos Paulista,2024,Res SS 140/2024,2024-06-20,2,fixo,35196.0,E_R-SS-140_200624.pdf
350980,Campos Novos Paulista,2024,Res SS 140/2024,2024-06-20,2,variavel,11292.05,E_R-SS-140_200624.pdf
350980,Campos Novos Paulista,2024,Res SS 140/2024,2024-06-20,3,fixo,35196.0,E_R-SS-140_200624.pdf
350980,Campos Novos Paulista,2024,Res SS 140/2024,2024-06-20,3,variavel,11292.05,E_R-SS-140_200624.pdf
350980,Campos Novos Paulista,2025,Res SS 13/2025,2025-01-24,1,fixo,29330.0,E_R-SS-13_240125.pdf
350980,Campos Novos Paulista,2025,Res SS 97/2025,2025-05-30,2,fixo,29330.0,E_R-SS-97_300525.pdf
350980,Campos Novos Paulista,2025,Res SS 180/2025,2025-10-08,1+2,variavel,58660.0,E_RS-SS-180_081025.pdf
350980,Campos Novos Paulista,2025,Res SS 230/2025,2025-12-09,2,ajuste,0.0,E_RS-SS-230_091225.pdf
350980,Campos Novos Paulista,2025,Res SS 230/2025,2025-12-09,2025,bonus,87990.0,E_RS-SS-230_091225.pdf
350980,Campos Novos Paulista,2025,Res SS 230/2025,2025-12-09,3,fixo,29330.0,E_RS-SS-230_091225.pdf
350980,Campos Novos Paulista,2025,Res SS 230/2025,2025-12-09,3,variavel,29330.0,E_RS-SS-230_091225.pdf
350980,Campos Novos Paulista,2026,Res SS 111/2026,2026-06-09,1,fixo,29330.0,E_RS-SS-111_090626.pdf
350980,Campos Novos Paulista,2026,Res SS 111/2026,2026-06-09,1,variavel,29330.0,E_RS-SS-111_090626.pdf
350980,Campos Novos Paulista,2026,Res SS 185/2026,2026-09-08,2,fixo,29330.0,E_RS-SS-185_080926.pdf
350980,Campos Novos Paulista,2026,Res SS 185/2026,2026-09-08,2,variavel,26910.28,E_RS-SS-185_080926.pdf
350990,Cananéia,2024,Res SS 18/2024,2024-02-08,1,fixo,87794.0,E_R-SS-18_080224.pdf
350990,Cananéia,2024,Res SS 140/2024,2024-06-20,2,fixo,87794.0,E_R-SS-140_200624.pdf
350990,Cananéia,2024,Res SS 140/2024,2024-06-20,2,variavel,30903.49,E_R-SS-140_200624.pdf
350990,Cananéia,2024,Res SS 140/2024,2024-06-20,3,fixo,87794.0,E_R-SS-140_200624.pdf
350990,Cananéia,2024,Res SS 140/2024,2024-06-20,3,variavel,30903.49,E_R-SS-140_200624.pdf
350990,Cananéia,2025,Res SS 13/2025,2025-01-24,1,fixo,73161.67,E_R-SS-13_240125.pdf
350990,Cananéia,2025,Res SS 97/2025,2025-05-30,2,fixo,73161.67,E_R-SS-97_300525.pdf
350990,Cananéia,2025,Res SS 180/2025,2025-10-08,1+2,variavel,49749.93,E_RS-SS-180_081025.pdf
350990,Cananéia,2025,Res SS 230/2025,2025-12-09,2,ajuste,0.0,E_RS-SS-230_091225.pdf
350990,Cananéia,2025,Res SS 230/2025,2025-12-09,2025,bonus,0.0,E_RS-SS-230_091225.pdf
350990,Cananéia,2025,Res SS 230/2025,2025-12-09,3,fixo,73161.67,E_RS-SS-230_091225.pdf
350990,Cananéia,2025,Res SS 230/2025,2025-12-09,3,variavel,44262.81,E_RS-SS-230_091225.pdf
350990,Cananéia,2026,Res SS 111/2026,2026-06-09,1,fixo,73161.67,E_RS-SS-111_090626.pdf
350990,Cananéia,2026,Res SS 111/2026,2026-06-09,1,variavel,44994.43,E_RS-SS-111_090626.pdf
350990,Cananéia,2026,Res SS 185/2026,2026-09-08,2,fixo,73161.67,E_RS-SS-185_080926.pdf
350990,Cananéia,2026,Res SS 185/2026,2026-09-08,2,variavel,30727.9,E_RS-SS-185_080926.pdf
350995,Canas,2024,Res SS 18/2024,2024-02-08,1,fixo,31608.0,E_R-SS-18_080224.pdf
350995,Canas,2024,Res SS 140/2024,2024-06-20,2,fixo,31608.0,E_R-SS-140_200624.pdf
350995,Canas,2024,Res SS 140/2024,2024-06-20,2,variavel,10082.95,E_R-SS-140_200624.pdf
350995,Canas,2024,Res SS 140/2024,2024-06-20,3,fixo,31608.0,E_R-SS-140_200624.pdf
350995,Canas,2024,Res SS 140/2024,2024-06-20,3,variavel,10082.95,E_R-SS-140_200624.pdf
350995,Canas,2025,Res SS 13/2025,2025-01-24,1,fixo,26340.0,E_R-SS-13_240125.pdf
350995,Canas,2025,Res SS 97/2025,2025-05-30,2,fixo,26340.0,E_R-SS-97_300525.pdf
350995,Canas,2025,Res SS 180/2025,2025-10-08,1+2,variavel,17911.2,E_RS-SS-180_081025.pdf
350995,Canas,2025,Res SS 230/2025,2025-12-09,2,ajuste,1619.91,E_RS-SS-230_091225.pdf
350995,Canas,2025,Res SS 230/2025,2025-12-09,2025,bonus,0.0,E_RS-SS-230_091225.pdf
350995,Canas,2025,Res SS 230/2025,2025-12-09,3,fixo,26340.0,E_RS-SS-230_091225.pdf
350995,Canas,2025,Res SS 230/2025,2025-12-09,3,variavel,22125.6,E_RS-SS-230_091225.pdf
350995,Canas,2026,Res SS 111/2026,2026-06-09,1,fixo,26340.0,E_RS-SS-111_090626.pdf
350995,Canas,2026,Res SS 111/2026,2026-06-09,1,variavel,12643.2,E_RS-SS-111_090626.pdf
350995,Canas,2026,Res SS 185/2026,2026-09-08,2,fixo,26340.0,E_RS-SS-185_080926.pdf
350995,Canas,2026,Res SS 185/2026,2026-09-08,2,variavel,24627.9,E_RS-SS-185_080926.pdf
351000,Cândido Mota,2024,Res SS 18/2024,2024-02-08,1,fixo,94230.0,E_R-SS-18_080224.pdf
351000,Cândido Mota,2024,Res SS 140/2024,2024-06-20,2,fixo,94230.0,E_R-SS-140_200624.pdf
351000,Cândido Mota,2024,Res SS 140/2024,2024-06-20,2,variavel,57700.17,E_R-SS-140_200624.pdf
351000,Cândido Mota,2024,Res SS 140/2024,2024-06-20,3,fixo,94230.0,E_R-SS-140_200624.pdf
351000,Cândido Mota,2024,Res SS 140/2024,2024-06-20,3,variavel,57700.17,E_R-SS-140_200624.pdf
351000,Cândido Mota,2025,Res SS 13/2025,2025-01-24,1,fixo,78525.0,E_R-SS-13_240125.pdf
351000,Cândido Mota,2025,Res SS 97/2025,2025-05-30,2,fixo,78525.0,E_R-SS-97_300525.pdf
351000,Cândido Mota,2025,Res SS 180/2025,2025-10-08,1+2,variavel,111505.5,E_RS-SS-180_081025.pdf
351000,Cândido Mota,2025,Res SS 230/2025,2025-12-09,2,ajuste,15076.8,E_RS-SS-230_091225.pdf
351000,Cândido Mota,2025,Res SS 230/2025,2025-12-09,2025,bonus,0.0,E_RS-SS-230_091225.pdf
351000,Cândido Mota,2025,Res SS 230/2025,2025-12-09,3,fixo,78525.0,E_RS-SS-230_091225.pdf
351000,Cândido Mota,2025,Res SS 230/2025,2025-12-09,3,variavel,62820.0,E_RS-SS-230_091225.pdf
351000,Cândido Mota,2026,Res SS 111/2026,2026-06-09,1,fixo,78525.0,E_RS-SS-111_090626.pdf
351000,Cândido Mota,2026,Res SS 111/2026,2026-06-09,1,variavel,61642.13,E_RS-SS-111_090626.pdf
351000,Cândido Mota,2026,Res SS 185/2026,2026-09-08,2,fixo,78525.0,E_RS-SS-185_080926.pdf
351000,Cândido Mota,2026,Res SS 185/2026,2026-09-08,2,variavel,36121.5,E_RS-SS-185_080926.pdf
351010,Cândido Rodrigues,2024,Res SS 18/2024,2024-02-08,1,fixo,16830.0,E_R-SS-18_080224.pdf
351010,Cândido Rodrigues,2024,Res SS 140/2024,2024-06-20,2,fixo,16830.0,E_R-SS-140_200624.pdf
351010,Cândido Rodrigues,2024,Res SS 140/2024,2024-06-20,2,variavel,11220.0,E_R-SS-140_200624.pdf
351010,Cândido Rodrigues,2024,Res SS 140/2024,2024-06-20,3,fixo,16830.0,E_R-SS-140_200624.pdf
351010,Cândido Rodrigues,2024,Res SS 140/2024,2024-06-20,3,variavel,11220.0,E_R-SS-140_200624.pdf
351010,Cândido Rodrigues,2025,Res SS 13/2025,2025-01-24,1,fixo,14025.0,E_R-SS-13_240125.pdf
351010,Cândido Rodrigues,2025,Res SS 97/2025,2025-05-30,2,fixo,14025.0,E_R-SS-97_300525.pdf
351010,Cândido Rodrigues,2025,Res SS 180/2025,2025-10-08,1+2,variavel,8415.0,E_RS-SS-180_081025.pdf
351010,Cândido Rodrigues,2025,Res SS 230/2025,2025-12-09,2,ajuste,5049.0,E_RS-SS-230_091225.pdf
351010,Cândido Rodrigues,2025,Res SS 230/2025,2025-12-09,2025,bonus,0.0,E_RS-SS-230_091225.pdf
351010,Cândido Rodrigues,2025,Res SS 230/2025,2025-12-09,3,fixo,14025.0,E_RS-SS-230_091225.pdf
351010,Cândido Rodrigues,2025,Res SS 230/2025,2025-12-09,3,variavel,12482.25,E_RS-SS-230_091225.pdf
351010,Cândido Rodrigues,2026,Res SS 111/2026,2026-06-09,1,fixo,14025.0,E_RS-SS-111_090626.pdf
351010,Cândido Rodrigues,2026,Res SS 111/2026,2026-06-09,1,variavel,11290.13,E_RS-SS-111_090626.pdf
351010,Cândido Rodrigues,2026,Res SS 185/2026,2026-09-08,2,fixo,14025.0,E_RS-SS-185_080926.pdf
351010,Cândido Rodrigues,2026,Res SS 185/2026,2026-09-08,2,variavel,9116.25,E_RS-SS-185_080926.pdf
351015,Canitar,2024,Res SS 18/2024,2024-02-08,1,fixo,32190.0,E_R-SS-18_080224.pdf
351015,Canitar,2024,Res SS 140/2024,2024-06-20,2,fixo,32190.0,E_R-SS-140_200624.pdf
351015,Canitar,2024,Res SS 140/2024,2024-06-20,2,variavel,16996.32,E_R-SS-140_200624.pdf
351015,Canitar,2024,Res SS 140/2024,2024-06-20,3,fixo,32190.0,E_R-SS-140_200624.pdf
351015,Canitar,2024,Res SS 140/2024,2024-06-20,3,variavel,16996.32,E_R-SS-140_200624.pdf
351015,Canitar,2025,Res SS 13/2025,2025-01-24,1,fixo,26825.0,E_R-SS-13_240125.pdf
351015,Canitar,2025,Res SS 97/2025,2025-05-30,2,fixo,26825.0,E_R-SS-97_300525.pdf
351015,Canitar,2025,Res SS 180/2025,2025-10-08,1+2,variavel,36482.0,E_RS-SS-180_081025.pdf
351015,Canitar,2025,Res SS 230/2025,2025-12-09,2,ajuste,8315.75,E_RS-SS-230_091225.pdf
351015,Canitar,2025,Res SS 230/2025,2025-12-09,2025,bonus,0.0,E_RS-SS-230_091225.pdf
351015,Canitar,2025,Res SS 230/2025,2025-12-09,3,fixo,26825.0,E_RS-SS-230_091225.pdf
351015,Canitar,2025,Res SS 230/2025,2025-12-09,3,variavel,15826.75,E_RS-SS-230_091225.pdf
351015,Canitar,2026,Res SS 111/2026,2026-06-09,1,fixo,26825.0,E_RS-SS-111_090626.pdf
351015,Canitar,2026,Res SS 111/2026,2026-06-09,1,variavel,25483.75,E_RS-SS-111_090626.pdf
351015,Canitar,2026,Res SS 185/2026,2026-09-08,2,fixo,26825.0,E_RS-SS-185_080926.pdf
351015,Canitar,2026,Res SS 185/2026,2026-09-08,2,variavel,26825.0,E_RS-SS-185_080926.pdf
351020,Capão Bonito,2024,Res SS 18/2024,2024-02-08,1,fixo,376784.0,E_R-SS-18_080224.pdf
351020,Capão Bonito,2024,Res SS 140/2024,2024-06-20,2,fixo,376784.0,E_R-SS-140_200624.pdf
351020,Capão Bonito,2024,Res SS 140/2024,2024-06-20,2,variavel,192034.25,E_R-SS-140_200624.pdf
351020,Capão Bonito,2024,Res SS 140/2024,2024-06-20,3,fixo,376784.0,E_R-SS-140_200624.pdf
351020,Capão Bonito,2024,Res SS 140/2024,2024-06-20,3,variavel,192034.25,E_R-SS-140_200624.pdf
351020,Capão Bonito,2025,Res SS 13/2025,2025-01-24,1,fixo,313986.67,E_R-SS-13_240125.pdf
351020,Capão Bonito,2025,Res SS 97/2025,2025-05-30,2,fixo,313986.67,E_R-SS-97_300525.pdf
351020,Capão Bonito,2025,Res SS 180/2025,2025-10-08,1+2,variavel,276308.27,E_RS-SS-180_081025.pdf
351020,Capão Bonito,2025,Res SS 230/2025,2025-12-09,2,ajuste,158877.25,E_RS-SS-230_091225.pdf
351020,Capão Bonito,2025,Res SS 230/2025,2025-12-09,2025,bonus,0.0,E_RS-SS-230_091225.pdf
351020,Capão Bonito,2025,Res SS 230/2025,2025-12-09,3,fixo,313986.67,E_RS-SS-230_091225.pdf
351020,Capão Bonito,2025,Res SS 230/2025,2025-12-09,3,variavel,256684.1,E_RS-SS-230_091225.pdf
351020,Capão Bonito,2026,Res SS 111/2026,2026-06-09,1,fixo,313986.67,E_RS-SS-111_090626.pdf
351020,Capão Bonito,2026,Res SS 111/2026,2026-06-09,1,variavel,292007.6,E_RS-SS-111_090626.pdf
351020,Capão Bonito,2026,Res SS 185/2026,2026-09-08,2,fixo,313986.67,E_RS-SS-185_080926.pdf
351020,Capão Bonito,2026,Res SS 185/2026,2026-09-08,2,variavel,210371.07,E_RS-SS-185_080926.pdf
351030,Capela Do Alto,2024,Res SS 18/2024,2024-02-08,1,fixo,148799.0,E_R-SS-18_080224.pdf
351030,Capela Do Alto,2024,Res SS 140/2024,2024-06-20,2,fixo,148799.0,E_R-SS-140_200624.pdf
351030,Capela Do Alto,2024,Res SS 140/2024,2024-06-20,2,variavel,78020.28,E_R-SS-140_200624.pdf
351030,Capela Do Alto,2024,Res SS 140/2024,2024-06-20,3,fixo,148799.0,E_R-SS-140_200624.pdf
351030,Capela Do Alto,2024,Res SS 140/2024,2024-06-20,3,variavel,78020.28,E_R-SS-140_200624.pdf
351030,Capela Do Alto,2025,Res SS 13/2025,2025-01-24,1,fixo,123999.17,E_R-SS-13_240125.pdf
351030,Capela Do Alto,2025,Res SS 97/2025,2025-05-30,2,fixo,123999.17,E_R-SS-97_300525.pdf
351030,Capela Do Alto,2025,Res SS 180/2025,2025-10-08,1+2,variavel,151278.98,E_RS-SS-180_081025.pdf
351030,Capela Do Alto,2025,Res SS 230/2025,2025-12-09,2,ajuste,14383.9,E_RS-SS-230_091225.pdf
351030,Capela Do Alto,2025,Res SS 230/2025,2025-12-09,2025,bonus,0.0,E_RS-SS-230_091225.pdf
351030,Capela Do Alto,2025,Res SS 230/2025,2025-12-09,3,fixo,123999.17,E_RS-SS-230_091225.pdf
351030,Capela Do Alto,2025,Res SS 230/2025,2025-12-09,3,variavel,123999.17,E_RS-SS-230_091225.pdf
351030,Capela Do Alto,2026,Res SS 111/2026,2026-06-09,1,fixo,123999.17,E_RS-SS-111_090626.pdf
351030,Capela Do Alto,2026,Res SS 111/2026,2026-06-09,1,variavel,99199.33,E_RS-SS-111_090626.pdf
351030,Capela Do Alto,2026,Res SS 185/2026,2026-09-08,2,fixo,123999.17,E_RS-SS-185_080926.pdf
351030,Capela Do Alto,2026,Res SS 185/2026,2026-09-08,2,variavel,66959.55,E_RS-SS-185_080926.pdf
351040,Capivari,2024,Res SS 18/2024,2024-02-08,1,fixo,170919.0,E_R-SS-18_080224.pdf
351040,Capivari,2024,Res SS 140/2024,2024-06-20,2,fixo,170919.0,E_R-SS-140_200624.pdf
351040,Capivari,2024,Res SS 140/2024,2024-06-20,2,variavel,86598.96,E_R-SS-140_200624.pdf
351040,Capivari,2024,Res SS 140/2024,2024-06-20,3,fixo,170919.0,E_R-SS-140_200624.pdf
351040,Capivari,2024,Res SS 140/2024,2024-06-20,3,variavel,86598.96,E_R-SS-140_200624.pdf
351040,Capivari,2025,Res SS 13/2025,2025-01-24,1,fixo,142432.5,E_R-SS-13_240125.pdf
351040,Capivari,2025,Res SS 97/2025,2025-05-30,2,fixo,142432.5,E_R-SS-97_300525.pdf
351040,Capivari,2025,Res SS 180/2025,2025-10-08,1+2,variavel,207951.45,E_RS-SS-180_081025.pdf
351040,Capivari,2025,Res SS 230/2025,2025-12-09,2,ajuste,0.0,E_RS-SS-230_091225.pdf
351040,Capivari,2025,Res SS 230/2025,2025-12-09,2025,bonus,0.0,E_RS-SS-230_091225.pdf
351040,Capivari,2025,Res SS 230/2025,2025-12-09,3,fixo,142432.5,E_RS-SS-230_091225.pdf
351040,Capivari,2025,Res SS 230/2025,2025-12-09,3,variavel,121779.79,E_RS-SS-230_091225.pdf
351040,Capivari,2026,Res SS 111/2026,2026-06-09,1,fixo,142432.5,E_RS-SS-111_090626.pdf
351040,Capivari,2026,Res SS 111/2026,2026-06-09,1,variavel,127477.09,E_RS-SS-111_090626.pdf
351040,Capivari,2026,Res SS 185/2026,2026-09-08,2,fixo,142432.5,E_RS-SS-185_080926.pdf
351040,Capivari,2026,Res SS 185/2026,2026-09-08,2,variavel,62670.3,E_RS-SS-185_080926.pdf
351050,Caraguatatuba,2024,Res SS 18/2024,2024-02-08,1,fixo,375582.0,E_R-SS-18_080224.pdf
351050,Caraguatatuba,2024,Res SS 140/2024,2024-06-20,2,fixo,375582.0,E_R-SS-140_200624.pdf
351050,Caraguatatuba,2024,Res SS 140/2024,2024-06-20,2,variavel,210325.92,E_R-SS-140_200624.pdf
351050,Caraguatatuba,2024,Res SS 140/2024,2024-06-20,3,fixo,375582.0,E_R-SS-140_200624.pdf
351050,Caraguatatuba,2024,Res SS 140/2024,2024-06-20,3,variavel,210325.92,E_R-SS-140_200624.pdf
351050,Caraguatatuba,2025,Res SS 13/2025,2025-01-24,1,fixo,312985.0,E_R-SS-13_240125.pdf
351050,Caraguatatuba,2025,Res SS 97/2025,2025-05-30,2,fixo,312985.0,E_R-SS-97_300525.pdf
351050,Caraguatatuba,2025,Res SS 180/2025,2025-10-08,1+2,variavel,344283.5,E_RS-SS-180_081025.pdf
351050,Caraguatatuba,2025,Res SS 230/2025,2025-12-09,2,ajuste,117056.39,E_RS-SS-230_091225.pdf
351050,Caraguatatuba,2025,Res SS 230/2025,2025-12-09,2025,bonus,0.0,E_RS-SS-230_091225.pdf
351050,Caraguatatuba,2025,Res SS 230/2025,2025-12-09,3,fixo,312985.0,E_RS-SS-230_091225.pdf
351050,Caraguatatuba,2025,Res SS 230/2025,2025-12-09,3,variavel,158057.43,E_RS-SS-230_091225.pdf
351050,Caraguatatuba,2026,Res SS 111/2026,2026-06-09,1,fixo,312985.0,E_RS-SS-111_090626.pdf
351050,Caraguatatuba,2026,Res SS 111/2026,2026-06-09,1,variavel,250388.0,E_RS-SS-111_090626.pdf
351050,Caraguatatuba,2026,Res SS 185/2026,2026-09-08,2,fixo,312985.0,E_RS-SS-185_080926.pdf
351050,Caraguatatuba,2026,Res SS 185/2026,2026-09-08,2,variavel,312985.0,E_RS-SS-185_080926.pdf
351060,Carapicuíba,2024,Res SS 18/2024,2024-02-08,1,fixo,2026875.0,E_R-SS-18_080224.pdf
351060,Carapicuíba,2024,Res SS 140/2024,2024-06-20,2,fixo,2026875.0,E_R-SS-140_200624.pdf
351060,Carapicuíba,2024,Res SS 140/2024,2024-06-20,2,variavel,1062758.13,E_R-SS-140_200624.pdf
351060,Carapicuíba,2024,Res SS 140/2024,2024-06-20,3,fixo,2026875.0,E_R-SS-140_200624.pdf
351060,Carapicuíba,2024,Res SS 140/2024,2024-06-20,3,variavel,1062758.13,E_R-SS-140_200624.pdf
351060,Carapicuíba,2025,Res SS 13/2025,2025-01-24,1,fixo,1689062.5,E_R-SS-13_240125.pdf
351060,Carapicuíba,2025,Res SS 97/2025,2025-05-30,2,fixo,1689062.5,E_R-SS-97_300525.pdf
351060,Carapicuíba,2025,Res SS 180/2025,2025-10-08,1+2,variavel,878312.5,E_RS-SS-180_081025.pdf
351060,Carapicuíba,2025,Res SS 230/2025,2025-12-09,2,ajuste,228023.44,E_RS-SS-230_091225.pdf
351060,Carapicuíba,2025,Res SS 230/2025,2025-12-09,2025,bonus,0.0,E_RS-SS-230_091225.pdf
351060,Carapicuíba,2025,Res SS 230/2025,2025-12-09,3,fixo,1689062.5,E_RS-SS-230_091225.pdf
351060,Carapicuíba,2025,Res SS 230/2025,2025-12-09,3,variavel,886757.81,E_RS-SS-230_091225.pdf
351060,Carapicuíba,2026,Res SS 111/2026,2026-06-09,1,fixo,1689062.5,E_RS-SS-111_090626.pdf
351060,Carapicuíba,2026,Res SS 111/2026,2026-06-09,1,variavel,903648.44,E_RS-SS-111_090626.pdf
351060,Carapicuíba,2026,Res SS 185/2026,2026-09-08,2,fixo,1689062.5,E_RS-SS-185_080926.pdf
351060,Carapicuíba,2026,Res SS 185/2026,2026-09-08,2,variavel,684070.31,E_RS-SS-185_080926.pdf
351070,Cardoso,2024,Res SS 18/2024,2024-02-08,1,fixo,74226.0,E_R-SS-18_080224.pdf
351070,Cardoso,2024,Res SS 140/2024,2024-06-20,2,fixo,74226.0,E_R-SS-140_200624.pdf
351070,Cardoso,2024,Res SS 140/2024,2024-06-20,2,variavel,49484.0,E_R-SS-140_200624.pdf
351070,Cardoso,2024,Res SS 140/2024,2024-06-20,3,fixo,74226.0,E_R-SS-140_200624.pdf
351070,Cardoso,2024,Res SS 140/2024,2024-06-20,3,variavel,49484.0,E_R-SS-140_200624.pdf
351070,Cardoso,2025,Res SS 13/2025,2025-01-24,1,fixo,61855.0,E_R-SS-13_240125.pdf
351070,Cardoso,2025,Res SS 97/2025,2025-05-30,2,fixo,61855.0,E_R-SS-97_300525.pdf
351070,Cardoso,2025,Res SS 180/2025,2025-10-08,1+2,variavel,61855.0,E_RS-SS-180_081025.pdf
351070,Cardoso,2025,Res SS 230/2025,2025-12-09,2,ajuste,30927.5,E_RS-SS-230_091225.pdf
351070,Cardoso,2025,Res SS 230/2025,2025-12-09,2025,bonus,0.0,E_RS-SS-230_091225.pdf
351070,Cardoso,2025,Res SS 230/2025,2025-12-09,3,fixo,61855.0,E_RS-SS-230_091225.pdf
351070,Cardoso,2025,Res SS 230/2025,2025-12-09,3,variavel,38659.38,E_RS-SS-230_091225.pdf
351070,Cardoso,2026,Res SS 111/2026,2026-06-09,1,fixo,61855.0,E_RS-SS-111_090626.pdf
351070,Cardoso,2026,Res SS 111/2026,2026-06-09,1,variavel,56288.05,E_RS-SS-111_090626.pdf
351070,Cardoso,2026,Res SS 185/2026,2026-09-08,2,fixo,61855.0,E_RS-SS-185_080926.pdf
351070,Cardoso,2026,Res SS 185/2026,2026-09-08,2,variavel,61855.0,E_RS-SS-185_080926.pdf
351080,Casa Branca,2024,Res SS 18/2024,2024-02-08,1,fixo,91965.0,E_R-SS-18_080224.pdf
351080,Casa Branca,2024,Res SS 140/2024,2024-06-20,2,fixo,91965.0,E_R-SS-140_200624.pdf
351080,Casa Branca,2024,Res SS 140/2024,2024-06-20,2,variavel,59348.08,E_R-SS-140_200624.pdf
351080,Casa Branca,2024,Res SS 140/2024,2024-06-20,3,fixo,91965.0,E_R-SS-140_200624.pdf
351080,Casa Branca,2024,Res SS 140/2024,2024-06-20,3,variavel,59348.08,E_R-SS-140_200624.pdf
351080,Casa Branca,2025,Res SS 13/2025,2025-01-24,1,fixo,76637.5,E_R-SS-13_240125.pdf
351080,Casa Branca,2025,Res SS 97/2025,2025-05-30,2,fixo,76637.5,E_R-SS-97_300525.pdf
351080,Casa Branca,2025,Res SS 180/2025,2025-10-08,1+2,variavel,107292.5,E_RS-SS-180_081025.pdf
351080,Casa Branca,2025,Res SS 230/2025,2025-12-09,2,ajuste,22991.25,E_RS-SS-230_091225.pdf
351080,Casa Branca,2025,Res SS 230/2025,2025-12-09,2025,bonus,0.0,E_RS-SS-230_091225.pdf
351080,Casa Branca,2025,Res SS 230/2025,2025-12-09,3,fixo,76637.5,E_RS-SS-230_091225.pdf
351080,Casa Branca,2025,Res SS 230/2025,2025-12-09,3,variavel,64758.69,E_RS-SS-230_091225.pdf
351080,Casa Branca,2026,Res SS 111/2026,2026-06-09,1,fixo,76637.5,E_RS-SS-111_090626.pdf
351080,Casa Branca,2026,Res SS 111/2026,2026-06-09,1,variavel,68590.56,E_RS-SS-111_090626.pdf
351080,Casa Branca,2026,Res SS 185/2026,2026-09-08,2,fixo,76637.5,E_RS-SS-185_080926.pdf
351080,Casa Branca,2026,Res SS 185/2026,2026-09-08,2,variavel,30655.0,E_RS-SS-185_080926.pdf
351090,Cássia Dos Coqueiros,2024,Res SS 18/2024,2024-02-08,1,fixo,14928.0,E_R-SS-18_080224.pdf
351090,Cássia Dos Coqueiros,2024,Res SS 140/2024,2024-06-20,2,fixo,14928.0,E_R-SS-140_200624.pdf
351090,Cássia Dos Coqueiros,2024,Res SS 140/2024,2024-06-20,2,variavel,9852.48,E_R-SS-140_200624.pdf
351090,Cássia Dos Coqueiros,2024,Res SS 140/2024,2024-06-20,3,fixo,14928.0,E_R-SS-140_200624.pdf
351090,Cássia Dos Coqueiros,2024,Res SS 140/2024,2024-06-20,3,variavel,9852.48,E_R-SS-140_200624.pdf
351090,Cássia Dos Coqueiros,2025,Res SS 13/2025,2025-01-24,1,fixo,12440.0,E_R-SS-13_240125.pdf
351090,Cássia Dos Coqueiros,2025,Res SS 97/2025,2025-05-30,2,fixo,12440.0,E_R-SS-97_300525.pdf
351090,Cássia Dos Coqueiros,2025,Res SS 180/2025,2025-10-08,1+2,variavel,8956.8,E_RS-SS-180_081025.pdf
351090,Cássia Dos Coqueiros,2025,Res SS 230/2025,2025-12-09,2,ajuste,6468.8,E_RS-SS-230_091225.pdf
351090,Cássia Dos Coqueiros,2025,Res SS 230/2025,2025-12-09,2025,bonus,0.0,E_RS-SS-230_091225.pdf
351090,Cássia Dos Coqueiros,2025,Res SS 230/2025,2025-12-09,3,fixo,12440.0,E_RS-SS-230_091225.pdf
351090,Cássia Dos Coqueiros,2025,Res SS 230/2025,2025-12-09,3,variavel,9143.4,E_RS-SS-230_091225.pdf
351090,Cássia Dos Coqueiros,2026,Res SS 111/2026,2026-06-09,1,fixo,12440.0,E_RS-SS-111_090626.pdf
351090,Cássia Dos Coqueiros,2026,Res SS 111/2026,2026-06-09,1,variavel,9143.4,E_RS-SS-111_090626.pdf
351090,Cássia Dos Coqueiros,2026,Res SS 185/2026,2026-09-08,2,fixo,12440.0,E_RS-SS-185_080926.pdf
351090,Cássia Dos Coqueiros,2026,Res SS 185/2026,2026-09-08,2,variavel,9952.0,E_RS-SS-185_080926.pdf
351100,Castilho,2024,Res SS 18/2024,2024-02-08,1,fixo,129126.0,E_R-SS-18_080224.pdf
351100,Castilho,2024,Res SS 140/2024,2024-06-20,2,fixo,129126.0,E_R-SS-140_200624.pdf
351100,Castilho,2024,Res SS 140/2024,2024-06-20,2,variavel,75280.46,E_R-SS-140_200624.pdf
351100,Castilho,2024,Res SS 140/2024,2024-06-20,3,fixo,129126.0,E_R-SS-140_200624.pdf
351100,Castilho,2024,Res SS 140/2024,2024-06-20,3,variavel,75280.46,E_R-SS-140_200624.pdf
351100,Castilho,2025,Res SS 13/2025,2025-01-24,1,fixo,107605.0,E_R-SS-13_240125.pdf
351100,Castilho,2025,Res SS 97/2025,2025-05-30,2,fixo,107605.0,E_R-SS-97_300525.pdf
351100,Castilho,2025,Res SS 180/2025,2025-10-08,1+2,variavel,170015.9,E_RS-SS-180_081025.pdf
351100,Castilho,2025,Res SS 230/2025,2025-12-09,2,ajuste,0.0,E_RS-SS-230_091225.pdf
351100,Castilho,2025,Res SS 230/2025,2025-12-09,2025,bonus,0.0,E_RS-SS-230_091225.pdf
351100,Castilho,2025,Res SS 230/2025,2025-12-09,3,fixo,107605.0,E_RS-SS-230_091225.pdf
351100,Castilho,2025,Res SS 230/2025,2025-12-09,3,variavel,58106.7,E_RS-SS-230_091225.pdf
351100,Castilho,2026,Res SS 111/2026,2026-06-09,1,fixo,107605.0,E_RS-SS-111_090626.pdf
351100,Castilho,2026,Res SS 111/2026,2026-06-09,1,variavel,58106.7,E_RS-SS-111_090626.pdf
351100,Castilho,2026,Res SS 185/2026,2026-09-08,2,fixo,107605.0,E_RS-SS-185_080926.pdf
351100,Castilho,2026,Res SS 185/2026,2026-09-08,2,variavel,93078.33,E_RS-SS-185_080926.pdf
351110,Catanduva,2024,Res SS 18/2024,2024-02-08,1,fixo,369342.0,E_R-SS-18_080224.pdf
351110,Catanduva,2024,Res SS 140/2024,2024-06-20,2,fixo,369342.0,E_R-SS-140_200624.pdf
351110,Catanduva,2024,Res SS 140/2024,2024-06-20,2,variavel,169897.32,E_R-SS-140_200624.pdf
351110,Catanduva,2024,Res SS 140/2024,2024-06-20,3,fixo,369342.0,E_R-SS-140_200624.pdf
351110,Catanduva,2024,Res SS 140/2024,2024-06-20,3,variavel,169897.32,E_R-SS-140_200624.pdf
351110,Catanduva,2025,Res SS 13/2025,2025-01-24,1,fixo,307785.0,E_R-SS-13_240125.pdf
351110,Catanduva,2025,Res SS 97/2025,2025-05-30,2,fixo,307785.0,E_R-SS-97_300525.pdf
351110,Catanduva,2025,Res SS 180/2025,2025-10-08,1+2,variavel,246228.0,E_RS-SS-180_081025.pdf
351110,Catanduva,2025,Res SS 230/2025,2025-12-09,2,ajuste,166357.79,E_RS-SS-230_091225.pdf
351110,Catanduva,2025,Res SS 230/2025,2025-12-09,2025,bonus,0.0,E_RS-SS-230_091225.pdf
351110,Catanduva,2025,Res SS 230/2025,2025-12-09,3,fixo,307785.0,E_RS-SS-230_091225.pdf
351110,Catanduva,2025,Res SS 230/2025,2025-12-09,3,variavel,203138.1,E_RS-SS-230_091225.pdf
351110,Catanduva,2026,Res SS 111/2026,2026-06-09,1,fixo,307785.0,E_RS-SS-111_090626.pdf
351110,Catanduva,2026,Res SS 111/2026,2026-06-09,1,variavel,241611.23,E_RS-SS-111_090626.pdf
351110,Catanduva,2026,Res SS 185/2026,2026-09-08,2,fixo,307785.0,E_RS-SS-185_080926.pdf
351110,Catanduva,2026,Res SS 185/2026,2026-09-08,2,variavel,273928.65,E_RS-SS-185_080926.pdf
351120,Catiguá,2024,Res SS 18/2024,2024-02-08,1,fixo,47430.0,E_R-SS-18_080224.pdf
351120,Catiguá,2024,Res SS 140/2024,2024-06-20,2,fixo,47430.0,E_R-SS-140_200624.pdf
351120,Catiguá,2024,Res SS 140/2024,2024-06-20,2,variavel,27477.78,E_R-SS-140_200624.pdf
351120,Catiguá,2024,Res SS 140/2024,2024-06-20,3,fixo,47430.0,E_R-SS-140_200624.pdf
351120,Catiguá,2024,Res SS 140/2024,2024-06-20,3,variavel,27477.78,E_R-SS-140_200624.pdf
351120,Catiguá,2025,Res SS 13/2025,2025-01-24,1,fixo,39525.0,E_R-SS-13_240125.pdf
351120,Catiguá,2025,Res SS 97/2025,2025-05-30,2,fixo,39525.0,E_R-SS-97_300525.pdf
351120,Catiguá,2025,Res SS 180/2025,2025-10-08,1+2,variavel,67983.0,E_RS-SS-180_081025.pdf
351120,Catiguá,2025,Res SS 230/2025,2025-12-09,2,ajuste,0.0,E_RS-SS-230_091225.pdf
351120,Catiguá,2025,Res SS 230/2025,2025-12-09,2025,bonus,0.0,E_RS-SS-230_091225.pdf
351120,Catiguá,2025,Res SS 230/2025,2025-12-09,3,fixo,39525.0,E_RS-SS-230_091225.pdf
351120,Catiguá,2025,Res SS 230/2025,2025-12-09,3,variavel,39525.0,E_RS-SS-230_091225.pdf
351120,Catiguá,2026,Res SS 111/2026,2026-06-09,1,fixo,39525.0,E_RS-SS-111_090626.pdf
351120,Catiguá,2026,Res SS 111/2026,2026-06-09,1,variavel,37944.0,E_RS-SS-111_090626.pdf
351120,Catiguá,2026,Res SS 185/2026,2026-09-08,2,fixo,39525.0,E_RS-SS-185_080926.pdf
351120,Catiguá,2026,Res SS 185/2026,2026-09-08,2,variavel,37944.0,E_RS-SS-185_080926.pdf
351130,Cedral,2024,Res SS 18/2024,2024-02-08,1,fixo,47260.0,E_R-SS-18_080224.pdf
351130,Cedral,2024,Res SS 140/2024,2024-06-20,2,fixo,47260.0,E_R-SS-140_200624.pdf
351130,Cedral,2024,Res SS 140/2024,2024-06-20,2,variavel,30498.45,E_R-SS-140_200624.pdf
351130,Cedral,2024,Res SS 140/2024,2024-06-20,3,fixo,47260.0,E_R-SS-140_200624.pdf
351130,Cedral,2024,Res SS 140/2024,2024-06-20,3,variavel,30498.45,E_R-SS-140_200624.pdf
351130,Cedral,2025,Res SS 13/2025,2025-01-24,1,fixo,39383.33,E_R-SS-13_240125.pdf
351130,Cedral,2025,Res SS 97/2025,2025-05-30,2,fixo,39383.33,E_R-SS-97_300525.pdf
351130,Cedral,2025,Res SS 180/2025,2025-10-08,1+2,variavel,31506.67,E_RS-SS-180_081025.pdf
351130,Cedral,2025,Res SS 230/2025,2025-12-09,2,ajuste,16737.92,E_RS-SS-230_091225.pdf
351130,Cedral,2025,Res SS 230/2025,2025-12-09,2025,bonus,0.0,E_RS-SS-230_091225.pdf
351130,Cedral,2025,Res SS 230/2025,2025-12-09,3,fixo,39383.33,E_RS-SS-230_091225.pdf
351130,Cedral,2025,Res SS 230/2025,2025-12-09,3,variavel,33082.0,E_RS-SS-230_091225.pdf
351130,Cedral,2026,Res SS 111/2026,2026-06-09,1,fixo,39383.33,E_RS-SS-111_090626.pdf
351130,Cedral,2026,Res SS 111/2026,2026-06-09,1,variavel,39383.33,E_RS-SS-111_090626.pdf
351130,Cedral,2026,Res SS 185/2026,2026-09-08,2,fixo,39383.33,E_RS-SS-185_080926.pdf
351130,Cedral,2026,Res SS 185/2026,2026-09-08,2,variavel,25106.88,E_RS-SS-185_080926.pdf
351140,Cerqueira César,2024,Res SS 18/2024,2024-02-08,1,fixo,122346.0,E_R-SS-18_080224.pdf
351140,Cerqueira César,2024,Res SS 140/2024,2024-06-20,2,fixo,122346.0,E_R-SS-140_200624.pdf
351140,Cerqueira César,2024,Res SS 140/2024,2024-06-20,2,variavel,63477.18,E_R-SS-140_200624.pdf
351140,Cerqueira César,2024,Res SS 140/2024,2024-06-20,3,fixo,122346.0,E_R-SS-140_200624.pdf
351140,Cerqueira César,2024,Res SS 140/2024,2024-06-20,3,variavel,63477.18,E_R-SS-140_200624.pdf
351140,Cerqueira César,2025,Res SS 13/2025,2025-01-24,1,fixo,101955.0,E_R-SS-13_240125.pdf
351140,Cerqueira César,2025,Res SS 97/2025,2025-05-30,2,fixo,101955.0,E_R-SS-97_300525.pdf
351140,Cerqueira César,2025,Res SS 180/2025,2025-10-08,1+2,variavel,103994.1,E_RS-SS-180_081025.pdf
351140,Cerqueira César,2025,Res SS 230/2025,2025-12-09,2,ajuste,17332.35,E_RS-SS-230_091225.pdf
351140,Cerqueira César,2025,Res SS 230/2025,2025-12-09,2025,bonus,0.0,E_RS-SS-230_091225.pdf
351140,Cerqueira César,2025,Res SS 230/2025,2025-12-09,3,fixo,101955.0,E_RS-SS-230_091225.pdf
351140,Cerqueira César,2025,Res SS 230/2025,2025-12-09,3,variavel,95837.7,E_RS-SS-230_091225.pdf
351140,Cerqueira César,2026,Res SS 111/2026,2026-06-09,1,fixo,101955.0,E_RS-SS-111_090626.pdf
351140,Cerqueira César,2026,Res SS 111/2026,2026-06-09,1,variavel,80544.45,E_RS-SS-111_090626.pdf
351140,Cerqueira César,2026,Res SS 185/2026,2026-09-08,2,fixo,101955.0,E_RS-SS-185_080926.pdf
351140,Cerqueira César,2026,Res SS 185/2026,2026-09-08,2,variavel,93798.6,E_RS-SS-185_080926.pdf
351150,Cerquilho,2024,Res SS 18/2024,2024-02-08,1,fixo,151893.0,E_R-SS-18_080224.pdf
351150,Cerquilho,2024,Res SS 140/2024,2024-06-20,2,fixo,151893.0,E_R-SS-140_200624.pdf
351150,Cerquilho,2024,Res SS 140/2024,2024-06-20,2,variavel,101262.0,E_R-SS-140_200624.pdf
351150,Cerquilho,2024,Res SS 140/2024,2024-06-20,3,fixo,151893.0,E_R-SS-140_200624.pdf
351150,Cerquilho,2024,Res SS 140/2024,2024-06-20,3,variavel,101262.0,E_R-SS-140_200624.pdf
351150,Cerquilho,2025,Res SS 13/2025,2025-01-24,1,fixo,126577.5,E_R-SS-13_240125.pdf
351150,Cerquilho,2025,Res SS 97/2025,2025-05-30,2,fixo,126577.5,E_R-SS-97_300525.pdf
351150,Cerquilho,2025,Res SS 180/2025,2025-10-08,1+2,variavel,144298.35,E_RS-SS-180_081025.pdf
351150,Cerquilho,2025,Res SS 230/2025,2025-12-09,2,ajuste,41327.55,E_RS-SS-230_091225.pdf
351150,Cerquilho,2025,Res SS 230/2025,2025-12-09,2025,bonus,0.0,E_RS-SS-230_091225.pdf
351150,Cerquilho,2025,Res SS 230/2025,2025-12-09,3,fixo,126577.5,E_RS-SS-230_091225.pdf
351150,Cerquilho,2025,Res SS 230/2025,2025-12-09,3,variavel,126577.5,E_RS-SS-230_091225.pdf
351150,Cerquilho,2026,Res SS 111/2026,2026-06-09,1,fixo,126577.5,E_RS-SS-111_090626.pdf
351150,Cerquilho,2026,Res SS 111/2026,2026-06-09,1,variavel,126577.5,E_RS-SS-111_090626.pdf
351150,Cerquilho,2026,Res SS 185/2026,2026-09-08,2,fixo,126577.5,E_RS-SS-185_080926.pdf
351150,Cerquilho,2026,Res SS 185/2026,2026-09-08,2,variavel,106008.66,E_RS-SS-185_080926.pdf
351160,Cesário Lange,2024,Res SS 18/2024,2024-02-08,1,fixo,55785.0,E_R-SS-18_080224.pdf
351160,Cesário Lange,2024,Res SS 140/2024,2024-06-20,2,fixo,55785.0,E_R-SS-140_200624.pdf
351160,Cesário Lange,2024,Res SS 140/2024,2024-06-20,2,variavel,31090.84,E_R-SS-140_200624.pdf
351160,Cesário Lange,2024,Res SS 140/2024,2024-06-20,3,fixo,55785.0,E_R-SS-140_200624.pdf
351160,Cesário Lange,2024,Res SS 140/2024,2024-06-20,3,variavel,31090.84,E_R-SS-140_200624.pdf
351160,Cesário Lange,2025,Res SS 13/2025,2025-01-24,1,fixo,46487.5,E_R-SS-13_240125.pdf
351160,Cesário Lange,2025,Res SS 97/2025,2025-05-30,2,fixo,46487.5,E_R-SS-97_300525.pdf
351160,Cesário Lange,2025,Res SS 180/2025,2025-10-08,1+2,variavel,29752.0,E_RS-SS-180_081025.pdf
351160,Cesário Lange,2025,Res SS 230/2025,2025-12-09,2,ajuste,25010.28,E_RS-SS-230_091225.pdf
351160,Cesário Lange,2025,Res SS 230/2025,2025-12-09,2025,bonus,0.0,E_RS-SS-230_091225.pdf
351160,Cesário Lange,2025,Res SS 230/2025,2025-12-09,3,fixo,46487.5,E_RS-SS-230_091225.pdf
351160,Cesário Lange,2025,Res SS 230/2025,2025-12-09,3,variavel,33471.0,E_RS-SS-230_091225.pdf
351160,Cesário Lange,2026,Res SS 111/2026,2026-06-09,1,fixo,46487.5,E_RS-SS-111_090626.pdf
351160,Cesário Lange,2026,Res SS 111/2026,2026-06-09,1,variavel,45557.75,E_RS-SS-111_090626.pdf
351160,Cesário Lange,2026,Res SS 185/2026,2026-09-08,2,fixo,46487.5,E_RS-SS-185_080926.pdf
351160,Cesário Lange,2026,Res SS 185/2026,2026-09-08,2,variavel,27427.63,E_RS-SS-185_080926.pdf
351170,Charqueada,2024,Res SS 18/2024,2024-02-08,1,fixo,105234.0,E_R-SS-18_080224.pdf
351170,Charqueada,2024,Res SS 140/2024,2024-06-20,2,fixo,105234.0,E_R-SS-140_200624.pdf
351170,Charqueada,2024,Res SS 140/2024,2024-06-20,2,variavel,66367.58,E_R-SS-140_200624.pdf
351170,Charqueada,2024,Res SS 140/2024,2024-06-20,3,fixo,105234.0,E_R-SS-140_200624.pdf
351170,Charqueada,2024,Res SS 140/2024,2024-06-20,3,variavel,66367.58,E_R-SS-140_200624.pdf
351170,Charqueada,2025,Res SS 13/2025,2025-01-24,1,fixo,87695.0,E_R-SS-13_240125.pdf
351170,Charqueada,2025,Res SS 97/2025,2025-05-30,2,fixo,87695.0,E_R-SS-97_300525.pdf
351170,Charqueada,2025,Res SS 180/2025,2025-10-08,1+2,variavel,117511.3,E_RS-SS-180_081025.pdf
351170,Charqueada,2025,Res SS 230/2025,2025-12-09,2,ajuste,28939.35,E_RS-SS-230_091225.pdf
351170,Charqueada,2025,Res SS 230/2025,2025-12-09,2025,bonus,0.0,E_RS-SS-230_091225.pdf
351170,Charqueada,2025,Res SS 230/2025,2025-12-09,3,fixo,87695.0,E_RS-SS-230_091225.pdf
351170,Charqueada,2025,Res SS 230/2025,2025-12-09,3,variavel,87695.0,E_RS-SS-230_091225.pdf
351170,Charqueada,2026,Res SS 111/2026,2026-06-09,1,fixo,87695.0,E_RS-SS-111_090626.pdf
351170,Charqueada,2026,Res SS 111/2026,2026-06-09,1,variavel,76294.65,E_RS-SS-111_090626.pdf
351170,Charqueada,2026,Res SS 185/2026,2026-09-08,2,fixo,87695.0,E_RS-SS-185_080926.pdf
351170,Charqueada,2026,Res SS 185/2026,2026-09-08,2,variavel,87695.0,E_RS-SS-185_080926.pdf
351190,Clementina,2024,Res SS 18/2024,2024-02-08,1,fixo,53364.0,E_R-SS-18_080224.pdf
351190,Clementina,2024,Res SS 140/2024,2024-06-20,2,fixo,53364.0,E_R-SS-140_200624.pdf
351190,Clementina,2024,Res SS 140/2024,2024-06-20,2,variavel,28176.19,E_R-SS-140_200624.pdf
351190,Clementina,2024,Res SS 140/2024,2024-06-20,3,fixo,53364.0,E_R-SS-140_200624.pdf
351190,Clementina,2024,Res SS 140/2024,2024-06-20,3,variavel,28176.19,E_R-SS-140_200624.pdf
351190,Clementina,2025,Res SS 13/2025,2025-01-24,1,fixo,44470.0,E_R-SS-13_240125.pdf
351190,Clementina,2025,Res SS 97/2025,2025-05-30,2,fixo,44470.0,E_R-SS-97_300525.pdf
351190,Clementina,2025,Res SS 180/2025,2025-10-08,1+2,variavel,37354.8,E_RS-SS-180_081025.pdf
351190,Clementina,2025,Res SS 230/2025,2025-12-09,2,ajuste,0.0,E_RS-SS-230_091225.pdf
351190,Clementina,2025,Res SS 230/2025,2025-12-09,2025,bonus,0.0,E_RS-SS-230_091225.pdf
351190,Clementina,2025,Res SS 230/2025,2025-12-09,3,fixo,44470.0,E_RS-SS-230_091225.pdf
351190,Clementina,2025,Res SS 230/2025,2025-12-09,3,variavel,32018.4,E_RS-SS-230_091225.pdf
351190,Clementina,2026,Res SS 111/2026,2026-06-09,1,fixo,44470.0,E_RS-SS-111_090626.pdf
351190,Clementina,2026,Res SS 111/2026,2026-06-09,1,variavel,35576.0,E_RS-SS-111_090626.pdf
351190,Clementina,2026,Res SS 185/2026,2026-09-08,2,fixo,44470.0,E_RS-SS-185_080926.pdf
351190,Clementina,2026,Res SS 185/2026,2026-09-08,2,variavel,34130.73,E_RS-SS-185_080926.pdf
351200,Colina,2024,Res SS 18/2024,2024-02-08,1,fixo,55803.0,E_R-SS-18_080224.pdf
351200,Colina,2024,Res SS 140/2024,2024-06-20,2,fixo,55803.0,E_R-SS-140_200624.pdf
351200,Colina,2024,Res SS 140/2024,2024-06-20,2,variavel,37202.0,E_R-SS-140_200624.pdf
351200,Colina,2024,Res SS 140/2024,2024-06-20,3,fixo,55803.0,E_R-SS-140_200624.pdf
351200,Colina,2024,Res SS 140/2024,2024-06-20,3,variavel,37202.0,E_R-SS-140_200624.pdf
351200,Colina,2025,Res SS 13/2025,2025-01-24,1,fixo,46502.5,E_R-SS-13_240125.pdf
351200,Colina,2025,Res SS 97/2025,2025-05-30,2,fixo,46502.5,E_R-SS-97_300525.pdf
351200,Colina,2025,Res SS 180/2025,2025-10-08,1+2,variavel,93005.0,E_RS-SS-180_081025.pdf
351200,Colina,2025,Res SS 230/2025,2025-12-09,2,ajuste,0.0,E_RS-SS-230_091225.pdf
351200,Colina,2025,Res SS 230/2025,2025-12-09,2025,bonus,0.0,E_RS-SS-230_091225.pdf
351200,Colina,2025,Res SS 230/2025,2025-12-09,3,fixo,46502.5,E_RS-SS-230_091225.pdf
351200,Colina,2025,Res SS 230/2025,2025-12-09,3,variavel,46502.5,E_RS-SS-230_091225.pdf
351200,Colina,2026,Res SS 111/2026,2026-06-09,1,fixo,46502.5,E_RS-SS-111_090626.pdf
351200,Colina,2026,Res SS 111/2026,2026-06-09,1,variavel,39759.64,E_RS-SS-111_090626.pdf
351200,Colina,2026,Res SS 185/2026,2026-09-08,2,fixo,46502.5,E_RS-SS-185_080926.pdf
351200,Colina,2026,Res SS 185/2026,2026-09-08,2,variavel,26506.43,E_RS-SS-185_080926.pdf
351210,Colômbia,2024,Res SS 18/2024,2024-02-08,1,fixo,37338.0,E_R-SS-18_080224.pdf
351210,Colômbia,2024,Res SS 140/2024,2024-06-20,2,fixo,37338.0,E_R-SS-140_200624.pdf
351210,Colômbia,2024,Res SS 140/2024,2024-06-20,2,variavel,16360.27,E_R-SS-140_200624.pdf
351210,Colômbia,2024,Res SS 140/2024,2024-06-20,3,fixo,37338.0,E_R-SS-140_200624.pdf
351210,Colômbia,2024,Res SS 140/2024,2024-06-20,3,variavel,16360.27,E_R-SS-140_200624.pdf
351210,Colômbia,2025,Res SS 13/2025,2025-01-24,1,fixo,31115.0,E_R-SS-13_240125.pdf
351210,Colômbia,2025,Res SS 97/2025,2025-05-30,2,fixo,31115.0,E_R-SS-97_300525.pdf
351210,Colômbia,2025,Res SS 180/2025,2025-10-08,1+2,variavel,26136.6,E_RS-SS-180_081025.pdf
351210,Colômbia,2025,Res SS 230/2025,2025-12-09,2,ajuste,12943.84,E_RS-SS-230_091225.pdf
351210,Colômbia,2025,Res SS 230/2025,2025-12-09,2025,bonus,0.0,E_RS-SS-230_091225.pdf
351210,Colômbia,2025,Res SS 230/2025,2025-12-09,3,fixo,31115.0,E_RS-SS-230_091225.pdf
351210,Colômbia,2025,Res SS 230/2025,2025-12-09,3,variavel,19135.73,E_RS-SS-230_091225.pdf
351210,Colômbia,2026,Res SS 111/2026,2026-06-09,1,fixo,31115.0,E_RS-SS-111_090626.pdf
351210,Colômbia,2026,Res SS 111/2026,2026-06-09,1,variavel,31115.0,E_RS-SS-111_090626.pdf
351210,Colômbia,2026,Res SS 185/2026,2026-09-08,2,fixo,31115.0,E_RS-SS-185_080926.pdf
351210,Colômbia,2026,Res SS 185/2026,2026-09-08,2,variavel,31115.0,E_RS-SS-185_080926.pdf
351220,Conchal,2024,Res SS 18/2024,2024-02-08,1,fixo,170946.0,E_R-SS-18_080224.pdf
351220,Conchal,2024,Res SS 140/2024,2024-06-20,2,fixo,170946.0,E_R-SS-140_200624.pdf
351220,Conchal,2024,Res SS 140/2024,2024-06-20,2,variavel,77723.45,E_R-SS-140_200624.pdf
351220,Conchal,2024,Res SS 140/2024,2024-06-20,3,fixo,170946.0,E_R-SS-140_200624.pdf
351220,Conchal,2024,Res SS 140/2024,2024-06-20,3,variavel,77723.45,E_R-SS-140_200624.pdf
351220,Conchal,2025,Res SS 13/2025,2025-01-24,1,fixo,142455.0,E_R-SS-13_240125.pdf
351220,Conchal,2025,Res SS 97/2025,2025-05-30,2,fixo,142455.0,E_R-SS-97_300525.pdf
351220,Conchal,2025,Res SS 180/2025,2025-10-08,1+2,variavel,68378.4,E_RS-SS-180_081025.pdf
351220,Conchal,2025,Res SS 230/2025,2025-12-09,2,ajuste,72367.14,E_RS-SS-230_091225.pdf
351220,Conchal,2025,Res SS 230/2025,2025-12-09,2025,bonus,0.0,E_RS-SS-230_091225.pdf
351220,Conchal,2025,Res SS 230/2025,2025-12-09,3,fixo,142455.0,E_RS-SS-230_091225.pdf
351220,Conchal,2025,Res SS 230/2025,2025-12-09,3,variavel,93308.03,E_RS-SS-230_091225.pdf
351220,Conchal,2026,Res SS 111/2026,2026-06-09,1,fixo,142455.0,E_RS-SS-111_090626.pdf
351220,Conchal,2026,Res SS 111/2026,2026-06-09,1,variavel,142455.0,E_RS-SS-111_090626.pdf
351220,Conchal,2026,Res SS 185/2026,2026-09-08,2,fixo,142455.0,E_RS-SS-185_080926.pdf
351220,Conchal,2026,Res SS 185/2026,2026-09-08,2,variavel,140674.31,E_RS-SS-185_080926.pdf
351230,Conchas,2024,Res SS 18/2024,2024-02-08,1,fixo,108828.0,E_R-SS-18_080224.pdf
351230,Conchas,2024,Res SS 140/2024,2024-06-20,2,fixo,108828.0,E_R-SS-140_200624.pdf
351230,Conchas,2024,Res SS 140/2024,2024-06-20,2,variavel,66639.01,E_R-SS-140_200624.pdf
351230,Conchas,2024,Res SS 140/2024,2024-06-20,3,fixo,108828.0,E_R-SS-140_200624.pdf
351230,Conchas,2024,Res SS 140/2024,2024-06-20,3,variavel,66639.01,E_R-SS-140_200624.pdf
351230,Conchas,2025,Res SS 13/2025,2025-01-24,1,fixo,90690.0,E_R-SS-13_240125.pdf
351230,Conchas,2025,Res SS 97/2025,2025-05-30,2,fixo,90690.0,E_R-SS-97_300525.pdf
351230,Conchas,2025,Res SS 180/2025,2025-10-08,1+2,variavel,130593.6,E_RS-SS-180_081025.pdf
351230,Conchas,2025,Res SS 230/2025,2025-12-09,2,ajuste,12515.22,E_RS-SS-230_091225.pdf
351230,Conchas,2025,Res SS 230/2025,2025-12-09,2025,bonus,0.0,E_RS-SS-230_091225.pdf
351230,Conchas,2025,Res SS 230/2025,2025-12-09,3,fixo,90690.0,E_RS-SS-230_091225.pdf
351230,Conchas,2025,Res SS 230/2025,2025-12-09,3,variavel,69604.58,E_RS-SS-230_091225.pdf
351230,Conchas,2026,Res SS 111/2026,2026-06-09,1,fixo,90690.0,E_RS-SS-111_090626.pdf
351230,Conchas,2026,Res SS 111/2026,2026-06-09,1,variavel,80714.1,E_RS-SS-111_090626.pdf
351230,Conchas,2026,Res SS 185/2026,2026-09-08,2,fixo,90690.0,E_RS-SS-185_080926.pdf
351230,Conchas,2026,Res SS 185/2026,2026-09-08,2,variavel,45345.0,E_RS-SS-185_080926.pdf
351240,Cordeirópolis,2024,Res SS 18/2024,2024-02-08,1,fixo,75348.0,E_R-SS-18_080224.pdf
351240,Cordeirópolis,2024,Res SS 140/2024,2024-06-20,2,fixo,75348.0,E_R-SS-140_200624.pdf
351240,Cordeirópolis,2024,Res SS 140/2024,2024-06-20,2,variavel,41993.95,E_R-SS-140_200624.pdf
351240,Cordeirópolis,2024,Res SS 140/2024,2024-06-20,3,fixo,75348.0,E_R-SS-140_200624.pdf
351240,Cordeirópolis,2024,Res SS 140/2024,2024-06-20,3,variavel,41993.95,E_R-SS-140_200624.pdf
351240,Cordeirópolis,2025,Res SS 13/2025,2025-01-24,1,fixo,62790.0,E_R-SS-13_240125.pdf
351240,Cordeirópolis,2025,Res SS 97/2025,2025-05-30,2,fixo,62790.0,E_R-SS-97_300525.pdf
351240,Cordeirópolis,2025,Res SS 180/2025,2025-10-08,1+2,variavel,42697.2,E_RS-SS-180_081025.pdf
351240,Cordeirópolis,2025,Res SS 230/2025,2025-12-09,2,ajuste,28381.08,E_RS-SS-230_091225.pdf
351240,Cordeirópolis,2025,Res SS 230/2025,2025-12-09,2025,bonus,0.0,E_RS-SS-230_091225.pdf
351240,Cordeirópolis,2025,Res SS 230/2025,2025-12-09,3,fixo,62790.0,E_RS-SS-230_091225.pdf
351240,Cordeirópolis,2025,Res SS 230/2025,2025-12-09,3,variavel,59022.6,E_RS-SS-230_091225.pdf
351240,Cordeirópolis,2026,Res SS 111/2026,2026-06-09,1,fixo,62790.0,E_RS-SS-111_090626.pdf
351240,Cordeirópolis,2026,Res SS 111/2026,2026-06-09,1,variavel,62790.0,E_RS-SS-111_090626.pdf
351240,Cordeirópolis,2026,Res SS 185/2026,2026-09-08,2,fixo,62790.0,E_RS-SS-185_080926.pdf
351240,Cordeirópolis,2026,Res SS 185/2026,2026-09-08,2,variavel,43325.1,E_RS-SS-185_080926.pdf
351250,Coroados,2024,Res SS 18/2024,2024-02-08,1,fixo,37182.0,E_R-SS-18_080224.pdf
351250,Coroados,2024,Res SS 140/2024,2024-06-20,2,fixo,37182.0,E_R-SS-140_200624.pdf
351250,Coroados,2024,Res SS 140/2024,2024-06-20,2,variavel,20450.1,E_R-SS-140_200624.pdf
351250,Coroados,2024,Res SS 140/2024,2024-06-20,3,fixo,37182.0,E_R-SS-140_200624.pdf
351250,Coroados,2024,Res SS 140/2024,2024-06-20,3,variavel,20450.1,E_R-SS-140_200624.pdf
351250,Coroados,2025,Res SS 13/2025,2025-01-24,1,fixo,30985.0,E_R-SS-13_240125.pdf
351250,Coroados,2025,Res SS 97/2025,2025-05-30,2,fixo,30985.0,E_R-SS-97_300525.pdf
351250,Coroados,2025,Res SS 180/2025,2025-10-08,1+2,variavel,26027.4,E_RS-SS-180_081025.pdf
351250,Coroados,2025,Res SS 230/2025,2025-12-09,2,ajuste,5902.64,E_RS-SS-230_091225.pdf
351250,Coroados,2025,Res SS 230/2025,2025-12-09,2025,bonus,0.0,E_RS-SS-230_091225.pdf
351250,Coroados,2025,Res SS 230/2025,2025-12-09,3,fixo,30985.0,E_RS-SS-230_091225.pdf
351250,Coroados,2025,Res SS 230/2025,2025-12-09,3,variavel,24788.0,E_RS-SS-230_091225.pdf
351250,Coroados,2026,Res SS 111/2026,2026-06-09,1,fixo,30985.0,E_RS-SS-111_090626.pdf
351250,Coroados,2026,Res SS 111/2026,2026-06-09,1,variavel,18281.15,E_RS-SS-111_090626.pdf
351250,Coroados,2026,Res SS 185/2026,2026-09-08,2,fixo,30985.0,E_RS-SS-185_080926.pdf
351250,Coroados,2026,Res SS 185/2026,2026-09-08,2,variavel,28351.28,E_RS-SS-185_080926.pdf
351260,Coronel Macedo,2024,Res SS 18/2024,2024-02-08,1,fixo,32137.0,E_R-SS-18_080224.pdf
351260,Coronel Macedo,2024,Res SS 140/2024,2024-06-20,2,fixo,32137.0,E_R-SS-140_200624.pdf
351260,Coronel Macedo,2024,Res SS 140/2024,2024-06-20,2,variavel,15966.73,E_R-SS-140_200624.pdf
351260,Coronel Macedo,2024,Res SS 140/2024,2024-06-20,3,fixo,32137.0,E_R-SS-140_200624.pdf
351260,Coronel Macedo,2024,Res SS 140/2024,2024-06-20,3,variavel,15966.73,E_R-SS-140_200624.pdf
351260,Coronel Macedo,2025,Res SS 13/2025,2025-01-24,1,fixo,26780.83,E_R-SS-13_240125.pdf
351260,Coronel Macedo,2025,Res SS 97/2025,2025-05-30,2,fixo,26780.83,E_R-SS-97_300525.pdf
351260,Coronel Macedo,2025,Res SS 180/2025,2025-10-08,1+2,variavel,43384.95,E_RS-SS-180_081025.pdf
351260,Coronel Macedo,2025,Res SS 230/2025,2025-12-09,2,ajuste,0.0,E_RS-SS-230_091225.pdf
351260,Coronel Macedo,2025,Res SS 230/2025,2025-12-09,2025,bonus,0.0,E_RS-SS-230_091225.pdf
351260,Coronel Macedo,2025,Res SS 230/2025,2025-12-09,3,fixo,26780.83,E_RS-SS-230_091225.pdf
351260,Coronel Macedo,2025,Res SS 230/2025,2025-12-09,3,variavel,25173.98,E_RS-SS-230_091225.pdf
351260,Coronel Macedo,2026,Res SS 111/2026,2026-06-09,1,fixo,26780.83,E_RS-SS-111_090626.pdf
351260,Coronel Macedo,2026,Res SS 111/2026,2026-06-09,1,variavel,26646.93,E_RS-SS-111_090626.pdf
351260,Coronel Macedo,2026,Res SS 185/2026,2026-09-08,2,fixo,26780.83,E_RS-SS-185_080926.pdf
351260,Coronel Macedo,2026,Res SS 185/2026,2026-09-08,2,variavel,17943.16,E_RS-SS-185_080926.pdf
351270,Corumbataí,2024,Res SS 18/2024,2024-02-08,1,fixo,12216.0,E_R-SS-18_080224.pdf
351270,Corumbataí,2024,Res SS 140/2024,2024-06-20,2,fixo,12216.0,E_R-SS-140_200624.pdf
351270,Corumbataí,2024,Res SS 140/2024,2024-06-20,2,variavel,1657.3,E_R-SS-140_200624.pdf
351270,Corumbataí,2024,Res SS 140/2024,2024-06-20,3,fixo,12216.0,E_R-SS-140_200624.pdf
351270,Corumbataí,2024,Res SS 140/2024,2024-06-20,3,variavel,1657.3,E_R-SS-140_200624.pdf
351270,Corumbataí,2025,Res SS 13/2025,2025-01-24,1,fixo,10180.0,E_R-SS-13_240125.pdf
351270,Corumbataí,2025,Res SS 97/2025,2025-05-30,2,fixo,10180.0,E_R-SS-97_300525.pdf
351270,Corumbataí,2025,Res SS 180/2025,2025-10-08,1+2,variavel,8347.6,E_RS-SS-180_081025.pdf
351270,Corumbataí,2025,Res SS 230/2025,2025-12-09,2,ajuste,4560.64,E_RS-SS-230_091225.pdf
351270,Corumbataí,2025,Res SS 230/2025,2025-12-09,2025,bonus,0.0,E_RS-SS-230_091225.pdf
351270,Corumbataí,2025,Res SS 230/2025,2025-12-09,3,fixo,10180.0,E_RS-SS-230_091225.pdf
351270,Corumbataí,2025,Res SS 230/2025,2025-12-09,3,variavel,8398.5,E_RS-SS-230_091225.pdf
351270,Corumbataí,2026,Res SS 111/2026,2026-06-09,1,fixo,10180.0,E_RS-SS-111_090626.pdf
351270,Corumbataí,2026,Res SS 111/2026,2026-06-09,1,variavel,10129.1,E_RS-SS-111_090626.pdf
351270,Corumbataí,2026,Res SS 185/2026,2026-09-08,2,fixo,10180.0,E_RS-SS-185_080926.pdf
351270,Corumbataí,2026,Res SS 185/2026,2026-09-08,2,variavel,9976.4,E_RS-SS-185_080926.pdf
351280,Cosmópolis,2024,Res SS 18/2024,2024-02-08,1,fixo,223986.0,E_R-SS-18_080224.pdf
351280,Cosmópolis,2024,Res SS 140/2024,2024-06-20,2,fixo,223986.0,E_R-SS-140_200624.pdf
351280,Cosmópolis,2024,Res SS 140/2024,2024-06-20,2,variavel,131405.12,E_R-SS-140_200624.pdf
351280,Cosmópolis,2024,Res SS 140/2024,2024-06-20,3,fixo,223986.0,E_R-SS-140_200624.pdf
351280,Cosmópolis,2024,Res SS 140/2024,2024-06-20,3,variavel,131405.12,E_R-SS-140_200624.pdf
351280,Cosmópolis,2025,Res SS 13/2025,2025-01-24,1,fixo,186655.0,E_R-SS-13_240125.pdf
351280,Cosmópolis,2025,Res SS 97/2025,2025-05-30,2,fixo,186655.0,E_R-SS-97_300525.pdf
351280,Cosmópolis,2025,Res SS 180/2025,2025-10-08,1+2,variavel,126925.4,E_RS-SS-180_081025.pdf
351280,Cosmópolis,2025,Res SS 230/2025,2025-12-09,2,ajuste,96687.29,E_RS-SS-230_091225.pdf
351280,Cosmópolis,2025,Res SS 230/2025,2025-12-09,2025,bonus,0.0,E_RS-SS-230_091225.pdf
351280,Cosmópolis,2025,Res SS 230/2025,2025-12-09,3,fixo,186655.0,E_RS-SS-230_091225.pdf
351280,Cosmópolis,2025,Res SS 230/2025,2025-12-09,3,variavel,146524.18,E_RS-SS-230_091225.pdf
351280,Cosmópolis,2026,Res SS 111/2026,2026-06-09,1,fixo,186655.0,E_RS-SS-111_090626.pdf
351280,Cosmópolis,2026,Res SS 111/2026,2026-06-09,1,variavel,186655.0,E_RS-SS-111_090626.pdf
351280,Cosmópolis,2026,Res SS 185/2026,2026-09-08,2,fixo,186655.0,E_RS-SS-185_080926.pdf
351280,Cosmópolis,2026,Res SS 185/2026,2026-09-08,2,variavel,186655.0,E_RS-SS-185_080926.pdf
351290,Cosmorama,2024,Res SS 18/2024,2024-02-08,1,fixo,51023.0,E_R-SS-18_080224.pdf
351290,Cosmorama,2024,Res SS 140/2024,2024-06-20,2,fixo,51023.0,E_R-SS-140_200624.pdf
351290,Cosmorama,2024,Res SS 140/2024,2024-06-20,2,variavel,24491.04,E_R-SS-140_200624.pdf
351290,Cosmorama,2024,Res SS 140/2024,2024-06-20,3,fixo,51023.0,E_R-SS-140_200624.pdf
351290,Cosmorama,2024,Res SS 140/2024,2024-06-20,3,variavel,24491.04,E_R-SS-140_200624.pdf
351290,Cosmorama,2025,Res SS 13/2025,2025-01-24,1,fixo,42519.17,E_R-SS-13_240125.pdf
351290,Cosmorama,2025,Res SS 97/2025,2025-05-30,2,fixo,42519.17,E_R-SS-97_300525.pdf
351290,Cosmorama,2025,Res SS 180/2025,2025-10-08,1+2,variavel,39968.02,E_RS-SS-180_081025.pdf
351290,Cosmorama,2025,Res SS 230/2025,2025-12-09,2,ajuste,13457.32,E_RS-SS-230_091225.pdf
351290,Cosmorama,2025,Res SS 230/2025,2025-12-09,2025,bonus,0.0,E_RS-SS-230_091225.pdf
351290,Cosmorama,2025,Res SS 230/2025,2025-12-09,3,fixo,42519.17,E_RS-SS-230_091225.pdf
351290,Cosmorama,2025,Res SS 230/2025,2025-12-09,3,variavel,31889.38,E_RS-SS-230_091225.pdf
351290,Cosmorama,2026,Res SS 111/2026,2026-06-09,1,fixo,42519.17,E_RS-SS-111_090626.pdf
351290,Cosmorama,2026,Res SS 111/2026,2026-06-09,1,variavel,27637.46,E_RS-SS-111_090626.pdf
351290,Cosmorama,2026,Res SS 185/2026,2026-09-08,2,fixo,42519.17,E_RS-SS-185_080926.pdf
351290,Cosmorama,2026,Res SS 185/2026,2026-09-08,2,variavel,14881.71,E_RS-SS-185_080926.pdf
351300,Cotia,2024,Res SS 18/2024,2024-02-08,1,fixo,773646.0,E_R-SS-18_080224.pdf
351300,Cotia,2024,Res SS 140/2024,2024-06-20,2,fixo,773646.0,E_R-SS-140_200624.pdf
351300,Cotia,2024,Res SS 140/2024,2024-06-20,2,variavel,376507.72,E_R-SS-140_200624.pdf
351300,Cotia,2024,Res SS 140/2024,2024-06-20,3,fixo,773646.0,E_R-SS-140_200624.pdf
351300,Cotia,2024,Res SS 140/2024,2024-06-20,3,variavel,376507.72,E_R-SS-140_200624.pdf
351300,Cotia,2025,Res SS 13/2025,2025-01-24,1,fixo,644705.0,E_R-SS-13_240125.pdf
351300,Cotia,2025,Res SS 97/2025,2025-05-30,2,fixo,644705.0,E_R-SS-97_300525.pdf
351300,Cotia,2025,Res SS 180/2025,2025-10-08,1+2,variavel,335246.6,E_RS-SS-180_081025.pdf
351300,Cotia,2025,Res SS 230/2025,2025-12-09,2,ajuste,112501.02,E_RS-SS-230_091225.pdf
351300,Cotia,2025,Res SS 230/2025,2025-12-09,2025,bonus,0.0,E_RS-SS-230_091225.pdf
351300,Cotia,2025,Res SS 230/2025,2025-12-09,3,fixo,644705.0,E_RS-SS-230_091225.pdf
351300,Cotia,2025,Res SS 230/2025,2025-12-09,3,variavel,341693.65,E_RS-SS-230_091225.pdf
351300,Cotia,2026,Res SS 111/2026,2026-06-09,1,fixo,644705.0,E_RS-SS-111_090626.pdf
351300,Cotia,2026,Res SS 111/2026,2026-06-09,1,variavel,373928.9,E_RS-SS-111_090626.pdf
351300,Cotia,2026,Res SS 185/2026,2026-09-08,2,fixo,644705.0,E_RS-SS-185_080926.pdf
351300,Cotia,2026,Res SS 185/2026,2026-09-08,2,variavel,206305.6,E_RS-SS-185_080926.pdf
351310,Cravinhos,2024,Res SS 18/2024,2024-02-08,1,fixo,107574.0,E_R-SS-18_080224.pdf
351310,Cravinhos,2024,Res SS 140/2024,2024-06-20,2,fixo,107574.0,E_R-SS-140_200624.pdf
351310,Cravinhos,2024,Res SS 140/2024,2024-06-20,2,variavel,39443.8,E_R-SS-140_200624.pdf
351310,Cravinhos,2024,Res SS 140/2024,2024-06-20,3,fixo,107574.0,E_R-SS-140_200624.pdf
351310,Cravinhos,2024,Res SS 140/2024,2024-06-20,3,variavel,39443.8,E_R-SS-140_200624.pdf
351310,Cravinhos,2025,Res SS 13/2025,2025-01-24,1,fixo,89645.0,E_R-SS-13_240125.pdf
351310,Cravinhos,2025,Res SS 97/2025,2025-05-30,2,fixo,89645.0,E_R-SS-97_300525.pdf
351310,Cravinhos,2025,Res SS 180/2025,2025-10-08,1+2,variavel,71716.0,E_RS-SS-180_081025.pdf
351310,Cravinhos,2025,Res SS 230/2025,2025-12-09,2,ajuste,13446.75,E_RS-SS-230_091225.pdf
351310,Cravinhos,2025,Res SS 230/2025,2025-12-09,2025,bonus,0.0,E_RS-SS-230_091225.pdf
351310,Cravinhos,2025,Res SS 230/2025,2025-12-09,3,fixo,89645.0,E_RS-SS-230_091225.pdf
351310,Cravinhos,2025,Res SS 230/2025,2025-12-09,3,variavel,75077.69,E_RS-SS-230_091225.pdf
351310,Cravinhos,2026,Res SS 111/2026,2026-06-09,1,fixo,89645.0,E_RS-SS-111_090626.pdf
351310,Cravinhos,2026,Res SS 111/2026,2026-06-09,1,variavel,64544.4,E_RS-SS-111_090626.pdf
351310,Cravinhos,2026,Res SS 185/2026,2026-09-08,2,fixo,89645.0,E_RS-SS-185_080926.pdf
351310,Cravinhos,2026,Res SS 185/2026,2026-09-08,2,variavel,41236.7,E_RS-SS-185_080926.pdf
351320,Cristais Paulista,2024,Res SS 18/2024,2024-02-08,1,fixo,52818.0,E_R-SS-18_080224.pdf
351320,Cristais Paulista,2024,Res SS 140/2024,2024-06-20,2,fixo,52818.0,E_R-SS-140_200624.pdf
351320,Cristais Paulista,2024,Res SS 140/2024,2024-06-20,2,variavel,35212.0,E_R-SS-140_200624.pdf
351320,Cristais Paulista,2024,Res SS 140/2024,2024-06-20,3,fixo,52818.0,E_R-SS-140_200624.pdf
351320,Cristais Paulista,2024,Res SS 140/2024,2024-06-20,3,variavel,35212.0,E_R-SS-140_200624.pdf
351320,Cristais Paulista,2025,Res SS 13/2025,2025-01-24,1,fixo,44015.0,E_R-SS-13_240125.pdf
351320,Cristais Paulista,2025,Res SS 97/2025,2025-05-30,2,fixo,44015.0,E_R-SS-97_300525.pdf
351320,Cristais Paulista,2025,Res SS 180/2025,2025-10-08,1+2,variavel,57219.5,E_RS-SS-180_081025.pdf
351320,Cristais Paulista,2025,Res SS 230/2025,2025-12-09,2,ajuste,13028.44,E_RS-SS-230_091225.pdf
351320,Cristais Paulista,2025,Res SS 230/2025,2025-12-09,2025,bonus,0.0,E_RS-SS-230_091225.pdf
351320,Cristais Paulista,2025,Res SS 230/2025,2025-12-09,3,fixo,44015.0,E_RS-SS-230_091225.pdf
351320,Cristais Paulista,2025,Res SS 230/2025,2025-12-09,3,variavel,39833.58,E_RS-SS-230_091225.pdf
351320,Cristais Paulista,2026,Res SS 111/2026,2026-06-09,1,fixo,44015.0,E_RS-SS-111_090626.pdf
351320,Cristais Paulista,2026,Res SS 111/2026,2026-06-09,1,variavel,40933.95,E_RS-SS-111_090626.pdf
351320,Cristais Paulista,2026,Res SS 185/2026,2026-09-08,2,fixo,44015.0,E_RS-SS-185_080926.pdf
351320,Cristais Paulista,2026,Res SS 185/2026,2026-09-08,2,variavel,40933.95,E_RS-SS-185_080926.pdf
351330,Cruzália,2024,Res SS 18/2024,2024-02-08,1,fixo,12126.0,E_R-SS-18_080224.pdf
351330,Cruzália,2024,Res SS 140/2024,2024-06-20,2,fixo,12126.0,E_R-SS-140_200624.pdf
351330,Cruzália,2024,Res SS 140/2024,2024-06-20,2,variavel,6713.76,E_R-SS-140_200624.pdf
351330,Cruzália,2024,Res SS 140/2024,2024-06-20,3,fixo,12126.0,E_R-SS-140_200624.pdf
351330,Cruzália,2024,Res SS 140/2024,2024-06-20,3,variavel,6713.76,E_R-SS-140_200624.pdf
351330,Cruzália,2025,Res SS 13/2025,2025-01-24,1,fixo,10105.0,E_R-SS-13_240125.pdf
351330,Cruzália,2025,Res SS 97/2025,2025-05-30,2,fixo,10105.0,E_R-SS-97_300525.pdf
351330,Cruzália,2025,Res SS 180/2025,2025-10-08,1+2,variavel,20210.0,E_RS-SS-180_081025.pdf
351330,Cruzália,2025,Res SS 230/2025,2025-12-09,2,ajuste,0.0,E_RS-SS-230_091225.pdf
351330,Cruzália,2025,Res SS 230/2025,2025-12-09,2025,bonus,0.0,E_RS-SS-230_091225.pdf
351330,Cruzália,2025,Res SS 230/2025,2025-12-09,3,fixo,10105.0,E_RS-SS-230_091225.pdf
351330,Cruzália,2025,Res SS 230/2025,2025-12-09,3,variavel,10105.0,E_RS-SS-230_091225.pdf
351330,Cruzália,2026,Res SS 111/2026,2026-06-09,1,fixo,10105.0,E_RS-SS-111_090626.pdf
351330,Cruzália,2026,Res SS 111/2026,2026-06-09,1,variavel,6113.53,E_RS-SS-111_090626.pdf
351330,Cruzália,2026,Res SS 185/2026,2026-09-08,2,fixo,10105.0,E_RS-SS-185_080926.pdf
351330,Cruzália,2026,Res SS 185/2026,2026-09-08,2,variavel,9397.65,E_RS-SS-185_080926.pdf
351340,Cruzeiro,2024,Res SS 18/2024,2024-02-08,1,fixo,414475.0,E_R-SS-18_080224.pdf
351340,Cruzeiro,2024,Res SS 140/2024,2024-06-20,2,fixo,414475.0,E_R-SS-140_200624.pdf
351340,Cruzeiro,2024,Res SS 140/2024,2024-06-20,2,variavel,198948.0,E_R-SS-140_200624.pdf
351340,Cruzeiro,2024,Res SS 140/2024,2024-06-20,3,fixo,414475.0,E_R-SS-140_200624.pdf
351340,Cruzeiro,2024,Res SS 140/2024,2024-06-20,3,variavel,198948.0,E_R-SS-140_200624.pdf
351340,Cruzeiro,2025,Res SS 13/2025,2025-01-24,1,fixo,345395.83,E_R-SS-13_240125.pdf
351340,Cruzeiro,2025,Res SS 97/2025,2025-05-30,2,fixo,345395.83,E_R-SS-97_300525.pdf
351340,Cruzeiro,2025,Res SS 180/2025,2025-10-08,1+2,variavel,352303.75,E_RS-SS-180_081025.pdf
351340,Cruzeiro,2025,Res SS 230/2025,2025-12-09,2,ajuste,80304.53,E_RS-SS-230_091225.pdf
351340,Cruzeiro,2025,Res SS 230/2025,2025-12-09,2025,bonus,0.0,E_RS-SS-230_091225.pdf
351340,Cruzeiro,2025,Res SS 230/2025,2025-12-09,3,fixo,345395.83,E_RS-SS-230_091225.pdf
351340,Cruzeiro,2025,Res SS 230/2025,2025-12-09,3,variavel,316037.19,E_RS-SS-230_091225.pdf
351340,Cruzeiro,2026,Res SS 111/2026,2026-06-09,1,fixo,345395.83,E_RS-SS-111_090626.pdf
351340,Cruzeiro,2026,Res SS 111/2026,2026-06-09,1,variavel,226234.27,E_RS-SS-111_090626.pdf
351340,Cruzeiro,2026,Res SS 185/2026,2026-09-08,2,fixo,345395.83,E_RS-SS-185_080926.pdf
351340,Cruzeiro,2026,Res SS 185/2026,2026-09-08,2,variavel,196875.63,E_RS-SS-185_080926.pdf
351350,Cubatão,2024,Res SS 18/2024,2024-02-08,1,fixo,397563.0,E_R-SS-18_080224.pdf
351350,Cubatão,2024,Res SS 140/2024,2024-06-20,2,fixo,397563.0,E_R-SS-140_200624.pdf
351350,Cubatão,2024,Res SS 140/2024,2024-06-20,2,variavel,155049.57,E_R-SS-140_200624.pdf
351350,Cubatão,2024,Res SS 140/2024,2024-06-20,3,fixo,397563.0,E_R-SS-140_200624.pdf
351350,Cubatão,2024,Res SS 140/2024,2024-06-20,3,variavel,155049.57,E_R-SS-140_200624.pdf
351350,Cubatão,2025,Res SS 13/2025,2025-01-24,1,fixo,331302.5,E_R-SS-13_240125.pdf
351350,Cubatão,2025,Res SS 97/2025,2025-05-30,2,fixo,331302.5,E_R-SS-97_300525.pdf
351350,Cubatão,2025,Res SS 180/2025,2025-10-08,1+2,variavel,596344.5,E_RS-SS-180_081025.pdf
351350,Cubatão,2025,Res SS 230/2025,2025-12-09,2,ajuste,0.0,E_RS-SS-230_091225.pdf
351350,Cubatão,2025,Res SS 230/2025,2025-12-09,2025,bonus,0.0,E_RS-SS-230_091225.pdf
351350,Cubatão,2025,Res SS 230/2025,2025-12-09,3,fixo,331302.5,E_RS-SS-230_091225.pdf
351350,Cubatão,2025,Res SS 230/2025,2025-12-09,3,variavel,207892.32,E_RS-SS-230_091225.pdf
351350,Cubatão,2026,Res SS 111/2026,2026-06-09,1,fixo,331302.5,E_RS-SS-111_090626.pdf
351350,Cubatão,2026,Res SS 111/2026,2026-06-09,1,variavel,260072.46,E_RS-SS-111_090626.pdf
351350,Cubatão,2026,Res SS 185/2026,2026-09-08,2,fixo,331302.5,E_RS-SS-185_080926.pdf
351350,Cubatão,2026,Res SS 185/2026,2026-09-08,2,variavel,238537.8,E_RS-SS-185_080926.pdf
351360,Cunha,2024,Res SS 18/2024,2024-02-08,1,fixo,170984.0,E_R-SS-18_080224.pdf
351360,Cunha,2024,Res SS 140/2024,2024-06-20,2,fixo,170984.0,E_R-SS-140_200624.pdf
351360,Cunha,2024,Res SS 140/2024,2024-06-20,2,variavel,95295.08,E_R-SS-140_200624.pdf
351360,Cunha,2024,Res SS 140/2024,2024-06-20,3,fixo,170984.0,E_R-SS-140_200624.pdf
351360,Cunha,2024,Res SS 140/2024,2024-06-20,3,variavel,95295.08,E_R-SS-140_200624.pdf
351360,Cunha,2025,Res SS 13/2025,2025-01-24,1,fixo,142486.67,E_R-SS-13_240125.pdf
351360,Cunha,2025,Res SS 97/2025,2025-05-30,2,fixo,142486.67,E_R-SS-97_300525.pdf
351360,Cunha,2025,Res SS 180/2025,2025-10-08,1+2,variavel,256476.0,E_RS-SS-180_081025.pdf
351360,Cunha,2025,Res SS 230/2025,2025-12-09,2,ajuste,0.0,E_RS-SS-230_091225.pdf
351360,Cunha,2025,Res SS 230/2025,2025-12-09,2025,bonus,0.0,E_RS-SS-230_091225.pdf
351360,Cunha,2025,Res SS 230/2025,2025-12-09,3,fixo,142486.67,E_RS-SS-230_091225.pdf
351360,Cunha,2025,Res SS 230/2025,2025-12-09,3,variavel,142486.67,E_RS-SS-230_091225.pdf
351360,Cunha,2026,Res SS 111/2026,2026-06-09,1,fixo,142486.67,E_RS-SS-111_090626.pdf
351360,Cunha,2026,Res SS 111/2026,2026-06-09,1,variavel,136787.2,E_RS-SS-111_090626.pdf
351360,Cunha,2026,Res SS 185/2026,2026-09-08,2,fixo,142486.67,E_RS-SS-185_080926.pdf
351360,Cunha,2026,Res SS 185/2026,2026-09-08,2,variavel,122894.75,E_RS-SS-185_080926.pdf
351370,Descalvado,2024,Res SS 18/2024,2024-02-08,1,fixo,102291.0,E_R-SS-18_080224.pdf
351370,Descalvado,2024,Res SS 140/2024,2024-06-20,2,fixo,102291.0,E_R-SS-140_200624.pdf
351370,Descalvado,2024,Res SS 140/2024,2024-06-20,2,variavel,56635.12,E_R-SS-140_200624.pdf
351370,Descalvado,2024,Res SS 140/2024,2024-06-20,3,fixo,102291.0,E_R-SS-140_200624.pdf
351370,Descalvado,2024,Res SS 140/2024,2024-06-20,3,variavel,56635.12,E_R-SS-140_200624.pdf
351370,Descalvado,2025,Res SS 13/2025,2025-01-24,1,fixo,85242.5,E_R-SS-13_240125.pdf
351370,Descalvado,2025,Res SS 97/2025,2025-05-30,2,fixo,85242.5,E_R-SS-97_300525.pdf
351370,Descalvado,2025,Res SS 180/2025,2025-10-08,1+2,variavel,163665.6,E_RS-SS-180_081025.pdf
351370,Descalvado,2025,Res SS 230/2025,2025-12-09,2,ajuste,0.0,E_RS-SS-230_091225.pdf
351370,Descalvado,2025,Res SS 230/2025,2025-12-09,2025,bonus,255727.5,E_RS-SS-230_091225.pdf
351370,Descalvado,2025,Res SS 230/2025,2025-12-09,3,fixo,85242.5,E_RS-SS-230_091225.pdf
351370,Descalvado,2025,Res SS 230/2025,2025-12-09,3,variavel,85242.5,E_RS-SS-230_091225.pdf
351370,Descalvado,2026,Res SS 111/2026,2026-06-09,1,fixo,85242.5,E_RS-SS-111_090626.pdf
351370,Descalvado,2026,Res SS 111/2026,2026-06-09,1,variavel,77144.46,E_RS-SS-111_090626.pdf
351370,Descalvado,2026,Res SS 185/2026,2026-09-08,2,fixo,85242.5,E_RS-SS-185_080926.pdf
351370,Descalvado,2026,Res SS 185/2026,2026-09-08,2,variavel,46030.95,E_RS-SS-185_080926.pdf
351380,Diadema,2024,Res SS 18/2024,2024-02-08,1,fixo,1288650.0,E_R-SS-18_080224.pdf
351380,Diadema,2024,Res SS 140/2024,2024-06-20,2,fixo,1288650.0,E_R-SS-140_200624.pdf
351380,Diadema,2024,Res SS 140/2024,2024-06-20,2,variavel,652916.0,E_R-SS-140_200624.pdf
351380,Diadema,2024,Res SS 140/2024,2024-06-20,3,fixo,1288650.0,E_R-SS-140_200624.pdf
351380,Diadema,2024,Res SS 140/2024,2024-06-20,3,variavel,652916.0,E_R-SS-140_200624.pdf
351380,Diadema,2025,Res SS 13/2025,2025-01-24,1,fixo,1073875.0,E_R-SS-13_240125.pdf
351380,Diadema,2025,Res SS 97/2025,2025-05-30,2,fixo,1073875.0,E_R-SS-97_300525.pdf
351380,Diadema,2025,Res SS 180/2025,2025-10-08,1+2,variavel,966487.5,E_RS-SS-180_081025.pdf
351380,Diadema,2025,Res SS 230/2025,2025-12-09,2,ajuste,332901.25,E_RS-SS-230_091225.pdf
351380,Diadema,2025,Res SS 230/2025,2025-12-09,2025,bonus,0.0,E_RS-SS-230_091225.pdf
351380,Diadema,2025,Res SS 230/2025,2025-12-09,3,fixo,1073875.0,E_RS-SS-230_091225.pdf
351380,Diadema,2025,Res SS 230/2025,2025-12-09,3,variavel,918163.13,E_RS-SS-230_091225.pdf
351380,Diadema,2026,Res SS 111/2026,2026-06-09,1,fixo,1073875.0,E_RS-SS-111_090626.pdf
351380,Diadema,2026,Res SS 111/2026,2026-06-09,1,variavel,1073875.0,E_RS-SS-111_090626.pdf
351380,Diadema,2026,Res SS 185/2026,2026-09-08,2,fixo,1073875.0,E_RS-SS-185_080926.pdf
351380,Diadema,2026,Res SS 185/2026,2026-09-08,2,variavel,969172.19,E_RS-SS-185_080926.pdf
351385,Dirce Reis,2024,Res SS 18/2024,2024-02-08,1,fixo,10830.0,E_R-SS-18_080224.pdf
351385,Dirce Reis,2024,Res SS 140/2024,2024-06-20,2,fixo,10830.0,E_R-SS-140_200624.pdf
351385,Dirce Reis,2024,Res SS 140/2024,2024-06-20,2,variavel,6988.96,E_R-SS-140_200624.pdf
351385,Dirce Reis,2024,Res SS 140/2024,2024-06-20,3,fixo,10830.0,E_R-SS-140_200624.pdf
351385,Dirce Reis,2024,Res SS 140/2024,2024-06-20,3,variavel,6988.96,E_R-SS-140_200624.pdf
351385,Dirce Reis,2025,Res SS 13/2025,2025-01-24,1,fixo,9025.0,E_R-SS-13_240125.pdf
351385,Dirce Reis,2025,Res SS 97/2025,2025-05-30,2,fixo,9025.0,E_R-SS-97_300525.pdf
351385,Dirce Reis,2025,Res SS 180/2025,2025-10-08,1+2,variavel,15884.0,E_RS-SS-180_081025.pdf
351385,Dirce Reis,2025,Res SS 230/2025,2025-12-09,2,ajuste,0.0,E_RS-SS-230_091225.pdf
351385,Dirce Reis,2025,Res SS 230/2025,2025-12-09,2025,bonus,0.0,E_RS-SS-230_091225.pdf
351385,Dirce Reis,2025,Res SS 230/2025,2025-12-09,3,fixo,9025.0,E_RS-SS-230_091225.pdf
351385,Dirce Reis,2025,Res SS 230/2025,2025-12-09,3,variavel,9025.0,E_RS-SS-230_091225.pdf
351385,Dirce Reis,2026,Res SS 111/2026,2026-06-09,1,fixo,9025.0,E_RS-SS-111_090626.pdf
351385,Dirce Reis,2026,Res SS 111/2026,2026-06-09,1,variavel,7513.31,E_RS-SS-111_090626.pdf
351385,Dirce Reis,2026,Res SS 185/2026,2026-09-08,2,fixo,9025.0,E_RS-SS-185_080926.pdf
351385,Dirce Reis,2026,Res SS 185/2026,2026-09-08,2,variavel,8754.25,E_RS-SS-185_080926.pdf
351390,Divinolândia,2024,Res SS 18/2024,2024-02-08,1,fixo,66162.0,E_R-SS-18_080224.pdf
351390,Divinolândia,2024,Res SS 140/2024,2024-06-20,2,fixo,66162.0,E_R-SS-140_200624.pdf
351390,Divinolândia,2024,Res SS 140/2024,2024-06-20,2,variavel,23774.21,E_R-SS-140_200624.pdf
351390,Divinolândia,2024,Res SS 140/2024,2024-06-20,3,fixo,66162.0,E_R-SS-140_200624.pdf
351390,Divinolândia,2024,Res SS 140/2024,2024-06-20,3,variavel,23774.21,E_R-SS-140_200624.pdf
351390,Divinolândia,2025,Res SS 13/2025,2025-01-24,1,fixo,55135.0,E_R-SS-13_240125.pdf
351390,Divinolândia,2025,Res SS 97/2025,2025-05-30,2,fixo,55135.0,E_R-SS-97_300525.pdf
351390,Divinolândia,2025,Res SS 180/2025,2025-10-08,1+2,variavel,60648.5,E_RS-SS-180_081025.pdf
351390,Divinolândia,2025,Res SS 230/2025,2025-12-09,2,ajuste,16981.58,E_RS-SS-230_091225.pdf
351390,Divinolândia,2025,Res SS 230/2025,2025-12-09,2025,bonus,0.0,E_RS-SS-230_091225.pdf
351390,Divinolândia,2025,Res SS 230/2025,2025-12-09,3,fixo,55135.0,E_RS-SS-230_091225.pdf
351390,Divinolândia,2025,Res SS 230/2025,2025-12-09,3,variavel,54032.3,E_RS-SS-230_091225.pdf
351390,Divinolândia,2026,Res SS 111/2026,2026-06-09,1,fixo,55135.0,E_RS-SS-111_090626.pdf
351390,Divinolândia,2026,Res SS 111/2026,2026-06-09,1,variavel,47967.45,E_RS-SS-111_090626.pdf
351390,Divinolândia,2026,Res SS 185/2026,2026-09-08,2,fixo,55135.0,E_RS-SS-185_080926.pdf
351390,Divinolândia,2026,Res SS 185/2026,2026-09-08,2,variavel,35837.75,E_RS-SS-185_080926.pdf
351400,Dobrada,2024,Res SS 18/2024,2024-02-08,1,fixo,72704.0,E_R-SS-18_080224.pdf
351400,Dobrada,2024,Res SS 140/2024,2024-06-20,2,fixo,72704.0,E_R-SS-140_200624.pdf
351400,Dobrada,2024,Res SS 140/2024,2024-06-20,2,variavel,42653.01,E_R-SS-140_200624.pdf
351400,Dobrada,2024,Res SS 140/2024,2024-06-20,3,fixo,72704.0,E_R-SS-140_200624.pdf
351400,Dobrada,2024,Res SS 140/2024,2024-06-20,3,variavel,42653.01,E_R-SS-140_200624.pdf
351400,Dobrada,2025,Res SS 13/2025,2025-01-24,1,fixo,60586.67,E_R-SS-13_240125.pdf
351400,Dobrada,2025,Res SS 97/2025,2025-05-30,2,fixo,60586.67,E_R-SS-97_300525.pdf
351400,Dobrada,2025,Res SS 180/2025,2025-10-08,1+2,variavel,83609.6,E_RS-SS-180_081025.pdf
351400,Dobrada,2025,Res SS 230/2025,2025-12-09,2,ajuste,0.0,E_RS-SS-230_091225.pdf
351400,Dobrada,2025,Res SS 230/2025,2025-12-09,2025,bonus,0.0,E_RS-SS-230_091225.pdf
351400,Dobrada,2025,Res SS 230/2025,2025-12-09,3,fixo,60586.67,E_RS-SS-230_091225.pdf
351400,Dobrada,2025,Res SS 230/2025,2025-12-09,3,variavel,53922.13,E_RS-SS-230_091225.pdf
351400,Dobrada,2026,Res SS 111/2026,2026-06-09,1,fixo,60586.67,E_RS-SS-111_090626.pdf
351400,Dobrada,2026,Res SS 111/2026,2026-06-09,1,variavel,55436.8,E_RS-SS-111_090626.pdf
351400,Dobrada,2026,Res SS 185/2026,2026-09-08,2,fixo,60586.67,E_RS-SS-185_080926.pdf
351400,Dobrada,2026,Res SS 185/2026,2026-09-08,2,variavel,59374.93,E_RS-SS-185_080926.pdf
351410,Dois Córregos,2024,Res SS 18/2024,2024-02-08,1,fixo,166224.0,E_R-SS-18_080224.pdf
351410,Dois Córregos,2024,Res SS 140/2024,2024-06-20,2,fixo,166224.0,E_R-SS-140_200624.pdf
351410,Dois Córregos,2024,Res SS 140/2024,2024-06-20,2,variavel,43273.65,E_R-SS-140_200624.pdf
351410,Dois Córregos,2024,Res SS 140/2024,2024-06-20,3,fixo,166224.0,E_R-SS-140_200624.pdf
351410,Dois Córregos,2024,Res SS 140/2024,2024-06-20,3,variavel,43273.65,E_R-SS-140_200624.pdf
351410,Dois Córregos,2025,Res SS 13/2025,2025-01-24,1,fixo,138520.0,E_R-SS-13_240125.pdf
351410,Dois Córregos,2025,Res SS 97/2025,2025-05-30,2,fixo,138520.0,E_R-SS-97_300525.pdf
351410,Dois Córregos,2025,Res SS 180/2025,2025-10-08,1+2,variavel,88652.8,E_RS-SS-180_081025.pdf
351410,Dois Córregos,2025,Res SS 230/2025,2025-12-09,2,ajuste,60048.42,E_RS-SS-230_091225.pdf
351410,Dois Córregos,2025,Res SS 230/2025,2025-12-09,2025,bonus,0.0,E_RS-SS-230_091225.pdf
351410,Dois Córregos,2025,Res SS 230/2025,2025-12-09,3,fixo,138520.0,E_RS-SS-230_091225.pdf
351410,Dois Córregos,2025,Res SS 230/2025,2025-12-09,3,variavel,123282.8,E_RS-SS-230_091225.pdf
351410,Dois Córregos,2026,Res SS 111/2026,2026-06-09,1,fixo,138520.0,E_RS-SS-111_090626.pdf
351410,Dois Córregos,2026,Res SS 111/2026,2026-06-09,1,variavel,135749.6,E_RS-SS-111_090626.pdf
351410,Dois Córregos,2026,Res SS 185/2026,2026-09-08,2,fixo,138520.0,E_RS-SS-185_080926.pdf
351410,Dois Córregos,2026,Res SS 185/2026,2026-09-08,2,variavel,81726.8,E_RS-SS-185_080926.pdf
351420,Dolcinópolis,2024,Res SS 18/2024,2024-02-08,1,fixo,14756.0,E_R-SS-18_080224.pdf
351420,Dolcinópolis,2024,Res SS 140/2024,2024-06-20,2,fixo,14756.0,E_R-SS-140_200624.pdf
351420,Dolcinópolis,2024,Res SS 140/2024,2024-06-20,2,variavel,9837.33,E_R-SS-140_200624.pdf
351420,Dolcinópolis,2024,Res SS 140/2024,2024-06-20,3,fixo,14756.0,E_R-SS-140_200624.pdf
351420,Dolcinópolis,2024,Res SS 140/2024,2024-06-20,3,variavel,9837.33,E_R-SS-140_200624.pdf
351420,Dolcinópolis,2025,Res SS 13/2025,2025-01-24,1,fixo,12296.67,E_R-SS-13_240125.pdf
351420,Dolcinópolis,2025,Res SS 97/2025,2025-05-30,2,fixo,12296.67,E_R-SS-97_300525.pdf
351420,Dolcinópolis,2025,Res SS 180/2025,2025-10-08,1+2,variavel,17707.2,E_RS-SS-180_081025.pdf
351420,Dolcinópolis,2025,Res SS 230/2025,2025-12-09,2,ajuste,2237.99,E_RS-SS-230_091225.pdf
351420,Dolcinópolis,2025,Res SS 230/2025,2025-12-09,2025,bonus,0.0,E_RS-SS-230_091225.pdf
351420,Dolcinópolis,2025,Res SS 230/2025,2025-12-09,3,fixo,12296.67,E_RS-SS-230_091225.pdf
351420,Dolcinópolis,2025,Res SS 230/2025,2025-12-09,3,variavel,12296.67,E_RS-SS-230_091225.pdf
351420,Dolcinópolis,2026,Res SS 111/2026,2026-06-09,1,fixo,12296.67,E_RS-SS-111_090626.pdf
351420,Dolcinópolis,2026,Res SS 111/2026,2026-06-09,1,variavel,12296.67,E_RS-SS-111_090626.pdf
351420,Dolcinópolis,2026,Res SS 185/2026,2026-09-08,2,fixo,12296.67,E_RS-SS-185_080926.pdf
351420,Dolcinópolis,2026,Res SS 185/2026,2026-09-08,2,variavel,12296.67,E_RS-SS-185_080926.pdf
351430,Dourado,2024,Res SS 18/2024,2024-02-08,1,fixo,53298.0,E_R-SS-18_080224.pdf
351430,Dourado,2024,Res SS 140/2024,2024-06-20,2,fixo,53298.0,E_R-SS-140_200624.pdf
351430,Dourado,2024,Res SS 140/2024,2024-06-20,2,variavel,28727.62,E_R-SS-140_200624.pdf
351430,Dourado,2024,Res SS 140/2024,2024-06-20,3,fixo,53298.0,E_R-SS-140_200624.pdf
351430,Dourado,2024,Res SS 140/2024,2024-06-20,3,variavel,28727.62,E_R-SS-140_200624.pdf
351430,Dourado,2025,Res SS 13/2025,2025-01-24,1,fixo,44415.0,E_R-SS-13_240125.pdf
351430,Dourado,2025,Res SS 97/2025,2025-05-30,2,fixo,44415.0,E_R-SS-97_300525.pdf
351430,Dourado,2025,Res SS 180/2025,2025-10-08,1+2,variavel,33755.4,E_RS-SS-180_081025.pdf
351430,Dourado,2025,Res SS 230/2025,2025-12-09,2,ajuste,1199.21,E_RS-SS-230_091225.pdf
351430,Dourado,2025,Res SS 230/2025,2025-12-09,2025,bonus,0.0,E_RS-SS-230_091225.pdf
351430,Dourado,2025,Res SS 230/2025,2025-12-09,3,fixo,44415.0,E_RS-SS-230_091225.pdf
351430,Dourado,2025,Res SS 230/2025,2025-12-09,3,variavel,32645.03,E_RS-SS-230_091225.pdf
351430,Dourado,2026,Res SS 111/2026,2026-06-09,1,fixo,44415.0,E_RS-SS-111_090626.pdf
351430,Dourado,2026,Res SS 111/2026,2026-06-09,1,variavel,27981.45,E_RS-SS-111_090626.pdf
351430,Dourado,2026,Res SS 185/2026,2026-09-08,2,fixo,44415.0,E_RS-SS-185_080926.pdf
351430,Dourado,2026,Res SS 185/2026,2026-09-08,2,variavel,31978.8,E_RS-SS-185_080926.pdf
351440,Dracena,2024,Res SS 18/2024,2024-02-08,1,fixo,141861.0,E_R-SS-18_080224.pdf
351440,Dracena,2024,Res SS 140/2024,2024-06-20,2,fixo,141861.0,E_R-SS-140_200624.pdf
351440,Dracena,2024,Res SS 140/2024,2024-06-20,2,variavel,87386.38,E_R-SS-140_200624.pdf
351440,Dracena,2024,Res SS 140/2024,2024-06-20,3,fixo,141861.0,E_R-SS-140_200624.pdf
351440,Dracena,2024,Res SS 140/2024,2024-06-20,3,variavel,87386.38,E_R-SS-140_200624.pdf
351440,Dracena,2025,Res SS 13/2025,2025-01-24,1,fixo,118217.5,E_R-SS-13_240125.pdf
351440,Dracena,2025,Res SS 97/2025,2025-05-30,2,fixo,118217.5,E_R-SS-97_300525.pdf
351440,Dracena,2025,Res SS 180/2025,2025-10-08,1+2,variavel,104031.4,E_RS-SS-180_081025.pdf
351440,Dracena,2025,Res SS 230/2025,2025-12-09,2,ajuste,0.0,E_RS-SS-230_091225.pdf
351440,Dracena,2025,Res SS 230/2025,2025-12-09,2025,bonus,0.0,E_RS-SS-230_091225.pdf
351440,Dracena,2025,Res SS 230/2025,2025-12-09,3,fixo,118217.5,E_RS-SS-230_091225.pdf
351440,Dracena,2025,Res SS 230/2025,2025-12-09,3,variavel,105213.58,E_RS-SS-230_091225.pdf
351440,Dracena,2026,Res SS 111/2026,2026-06-09,1,fixo,118217.5,E_RS-SS-111_090626.pdf
351440,Dracena,2026,Res SS 111/2026,2026-06-09,1,variavel,42558.3,E_RS-SS-111_090626.pdf
351440,Dracena,2026,Res SS 185/2026,2026-09-08,2,fixo,118217.5,E_RS-SS-185_080926.pdf
351440,Dracena,2026,Res SS 185/2026,2026-09-08,2,variavel,104031.4,E_RS-SS-185_080926.pdf
351450,Duartina,2024,Res SS 18/2024,2024-02-08,1,fixo,74526.0,E_R-SS-18_080224.pdf
351450,Duartina,2024,Res SS 140/2024,2024-06-20,2,fixo,74526.0,E_R-SS-140_200624.pdf
351450,Duartina,2024,Res SS 140/2024,2024-06-20,2,variavel,49684.0,E_R-SS-140_200624.pdf
351450,Duartina,2024,Res SS 140/2024,2024-06-20,3,fixo,74526.0,E_R-SS-140_200624.pdf
351450,Duartina,2024,Res SS 140/2024,2024-06-20,3,variavel,49684.0,E_R-SS-140_200624.pdf
351450,Duartina,2025,Res SS 13/2025,2025-01-24,1,fixo,62105.0,E_R-SS-13_240125.pdf
351450,Duartina,2025,Res SS 97/2025,2025-05-30,2,fixo,62105.0,E_R-SS-97_300525.pdf
351450,Duartina,2025,Res SS 180/2025,2025-10-08,1+2,variavel,124210.0,E_RS-SS-180_081025.pdf
351450,Duartina,2025,Res SS 230/2025,2025-12-09,2,ajuste,0.0,E_RS-SS-230_091225.pdf
351450,Duartina,2025,Res SS 230/2025,2025-12-09,2025,bonus,0.0,E_RS-SS-230_091225.pdf
351450,Duartina,2025,Res SS 230/2025,2025-12-09,3,fixo,62105.0,E_RS-SS-230_091225.pdf
351450,Duartina,2025,Res SS 230/2025,2025-12-09,3,variavel,62105.0,E_RS-SS-230_091225.pdf
351450,Duartina,2026,Res SS 111/2026,2026-06-09,1,fixo,62105.0,E_RS-SS-111_090626.pdf
351450,Duartina,2026,Res SS 111/2026,2026-06-09,1,variavel,49684.0,E_RS-SS-111_090626.pdf
351450,Duartina,2026,Res SS 185/2026,2026-09-08,2,fixo,62105.0,E_RS-SS-185_080926.pdf
351450,Duartina,2026,Res SS 185/2026,2026-09-08,2,variavel,62105.0,E_RS-SS-185_080926.pdf
351460,Dumont,2024,Res SS 18/2024,2024-02-08,1,fixo,50870.0,E_R-SS-18_080224.pdf
351460,Dumont,2024,Res SS 140/2024,2024-06-20,2,fixo,50870.0,E_R-SS-140_200624.pdf
351460,Dumont,2024,Res SS 140/2024,2024-06-20,2,variavel,30589.83,E_R-SS-140_200624.pdf
351460,Dumont,2024,Res SS 140/2024,2024-06-20,3,fixo,50870.0,E_R-SS-140_200624.pdf
351460,Dumont,2024,Res SS 140/2024,2024-06-20,3,variavel,30589.83,E_R-SS-140_200624.pdf
351460,Dumont,2025,Res SS 13/2025,2025-01-24,1,fixo,42391.67,E_R-SS-13_240125.pdf
351460,Dumont,2025,Res SS 97/2025,2025-05-30,2,fixo,42391.67,E_R-SS-97_300525.pdf
351460,Dumont,2025,Res SS 180/2025,2025-10-08,1+2,variavel,84783.33,E_RS-SS-180_081025.pdf
351460,Dumont,2025,Res SS 230/2025,2025-12-09,2,ajuste,0.0,E_RS-SS-230_091225.pdf
351460,Dumont,2025,Res SS 230/2025,2025-12-09,2025,bonus,0.0,E_RS-SS-230_091225.pdf
351460,Dumont,2025,Res SS 230/2025,2025-12-09,3,fixo,42391.67,E_RS-SS-230_091225.pdf
351460,Dumont,2025,Res SS 230/2025,2025-12-09,3,variavel,40801.98,E_RS-SS-230_091225.pdf
351460,Dumont,2026,Res SS 111/2026,2026-06-09,1,fixo,42391.67,E_RS-SS-111_090626.pdf
351460,Dumont,2026,Res SS 111/2026,2026-06-09,1,variavel,35820.96,E_RS-SS-111_090626.pdf
351460,Dumont,2026,Res SS 185/2026,2026-09-08,2,fixo,42391.67,E_RS-SS-185_080926.pdf
351460,Dumont,2026,Res SS 185/2026,2026-09-08,2,variavel,20348.0,E_RS-SS-185_080926.pdf
351470,Echaporã,2024,Res SS 18/2024,2024-02-08,1,fixo,42182.0,E_R-SS-18_080224.pdf
351470,Echaporã,2024,Res SS 140/2024,2024-06-20,2,fixo,42182.0,E_R-SS-140_200624.pdf
351470,Echaporã,2024,Res SS 140/2024,2024-06-20,2,variavel,23973.44,E_R-SS-140_200624.pdf
351470,Echaporã,2024,Res SS 140/2024,2024-06-20,3,fixo,42182.0,E_R-SS-140_200624.pdf
351470,Echaporã,2024,Res SS 140/2024,2024-06-20,3,variavel,23973.44,E_R-SS-140_200624.pdf
351470,Echaporã,2025,Res SS 13/2025,2025-01-24,1,fixo,35151.67,E_R-SS-13_240125.pdf
351470,Echaporã,2025,Res SS 97/2025,2025-05-30,2,fixo,35151.67,E_R-SS-97_300525.pdf
351470,Echaporã,2025,Res SS 180/2025,2025-10-08,1+2,variavel,57648.73,E_RS-SS-180_081025.pdf
351470,Echaporã,2025,Res SS 230/2025,2025-12-09,2,ajuste,0.0,E_RS-SS-230_091225.pdf
351470,Echaporã,2025,Res SS 230/2025,2025-12-09,2025,bonus,0.0,E_RS-SS-230_091225.pdf
351470,Echaporã,2025,Res SS 230/2025,2025-12-09,3,fixo,35151.67,E_RS-SS-230_091225.pdf
351470,Echaporã,2025,Res SS 230/2025,2025-12-09,3,variavel,35151.67,E_RS-SS-230_091225.pdf
351470,Echaporã,2026,Res SS 111/2026,2026-06-09,1,fixo,35151.67,E_RS-SS-111_090626.pdf
351470,Echaporã,2026,Res SS 111/2026,2026-06-09,1,variavel,32866.81,E_RS-SS-111_090626.pdf
351470,Echaporã,2026,Res SS 185/2026,2026-09-08,2,fixo,35151.67,E_RS-SS-185_080926.pdf
351470,Echaporã,2026,Res SS 185/2026,2026-09-08,2,variavel,20036.45,E_RS-SS-185_080926.pdf
351480,Eldorado,2024,Res SS 18/2024,2024-02-08,1,fixo,124736.0,E_R-SS-18_080224.pdf
351480,Eldorado,2024,Res SS 140/2024,2024-06-20,2,fixo,124736.0,E_R-SS-140_200624.pdf
351480,Eldorado,2024,Res SS 140/2024,2024-06-20,2,variavel,65403.24,E_R-SS-140_200624.pdf
351480,Eldorado,2024,Res SS 140/2024,2024-06-20,3,fixo,124736.0,E_R-SS-140_200624.pdf
351480,Eldorado,2024,Res SS 140/2024,2024-06-20,3,variavel,65403.24,E_R-SS-140_200624.pdf
351480,Eldorado,2025,Res SS 13/2025,2025-01-24,1,fixo,103946.67,E_R-SS-13_240125.pdf
351480,Eldorado,2025,Res SS 97/2025,2025-05-30,2,fixo,103946.67,E_R-SS-97_300525.pdf
351480,Eldorado,2025,Res SS 180/2025,2025-10-08,1+2,variavel,191261.87,E_RS-SS-180_081025.pdf
351480,Eldorado,2025,Res SS 230/2025,2025-12-09,2,ajuste,0.0,E_RS-SS-230_091225.pdf
351480,Eldorado,2025,Res SS 230/2025,2025-12-09,2025,bonus,0.0,E_RS-SS-230_091225.pdf
351480,Eldorado,2025,Res SS 230/2025,2025-12-09,3,fixo,103946.67,E_RS-SS-230_091225.pdf
351480,Eldorado,2025,Res SS 230/2025,2025-12-09,3,variavel,93811.87,E_RS-SS-230_091225.pdf
351480,Eldorado,2026,Res SS 111/2026,2026-06-09,1,fixo,103946.67,E_RS-SS-111_090626.pdf
351480,Eldorado,2026,Res SS 111/2026,2026-06-09,1,variavel,70164.0,E_RS-SS-111_090626.pdf
351480,Eldorado,2026,Res SS 185/2026,2026-09-08,2,fixo,103946.67,E_RS-SS-185_080926.pdf
351480,Eldorado,2026,Res SS 185/2026,2026-09-08,2,variavel,49894.4,E_RS-SS-185_080926.pdf
351490,Elias Fausto,2024,Res SS 18/2024,2024-02-08,1,fixo,108570.0,E_R-SS-18_080224.pdf
351490,Elias Fausto,2024,Res SS 140/2024,2024-06-20,2,fixo,108570.0,E_R-SS-140_200624.pdf
351490,Elias Fausto,2024,Res SS 140/2024,2024-06-20,2,variavel,61106.82,E_R-SS-140_200624.pdf
351490,Elias Fausto,2024,Res SS 140/2024,2024-06-20,3,fixo,108570.0,E_R-SS-140_200624.pdf
351490,Elias Fausto,2024,Res SS 140/2024,2024-06-20,3,variavel,61106.82,E_R-SS-140_200624.pdf
351490,Elias Fausto,2025,Res SS 13/2025,2025-01-24,1,fixo,90475.0,E_R-SS-13_240125.pdf
351490,Elias Fausto,2025,Res SS 97/2025,2025-05-30,2,fixo,90475.0,E_R-SS-97_300525.pdf
351490,Elias Fausto,2025,Res SS 180/2025,2025-10-08,1+2,variavel,95903.5,E_RS-SS-180_081025.pdf
351490,Elias Fausto,2025,Res SS 230/2025,2025-12-09,2,ajuste,29675.8,E_RS-SS-230_091225.pdf
351490,Elias Fausto,2025,Res SS 230/2025,2025-12-09,2025,bonus,0.0,E_RS-SS-230_091225.pdf
351490,Elias Fausto,2025,Res SS 230/2025,2025-12-09,3,fixo,90475.0,E_RS-SS-230_091225.pdf
351490,Elias Fausto,2025,Res SS 230/2025,2025-12-09,3,variavel,90475.0,E_RS-SS-230_091225.pdf
351490,Elias Fausto,2026,Res SS 111/2026,2026-06-09,1,fixo,90475.0,E_RS-SS-111_090626.pdf
351490,Elias Fausto,2026,Res SS 111/2026,2026-06-09,1,variavel,65820.56,E_RS-SS-111_090626.pdf
351490,Elias Fausto,2026,Res SS 185/2026,2026-09-08,2,fixo,90475.0,E_RS-SS-185_080926.pdf
351490,Elias Fausto,2026,Res SS 185/2026,2026-09-08,2,variavel,77582.31,E_RS-SS-185_080926.pdf
351492,Elisiário,2024,Res SS 18/2024,2024-02-08,1,fixo,26194.0,E_R-SS-18_080224.pdf
351492,Elisiário,2024,Res SS 140/2024,2024-06-20,2,fixo,26194.0,E_R-SS-140_200624.pdf
351492,Elisiário,2024,Res SS 140/2024,2024-06-20,2,variavel,11045.14,E_R-SS-140_200624.pdf
351492,Elisiário,2024,Res SS 140/2024,2024-06-20,3,fixo,26194.0,E_R-SS-140_200624.pdf
351492,Elisiário,2024,Res SS 140/2024,2024-06-20,3,variavel,11045.14,E_R-SS-140_200624.pdf
351492,Elisiário,2025,Res SS 13/2025,2025-01-24,1,fixo,21828.33,E_R-SS-13_240125.pdf
351492,Elisiário,2025,Res SS 97/2025,2025-05-30,2,fixo,21828.33,E_R-SS-97_300525.pdf
351492,Elisiário,2025,Res SS 180/2025,2025-10-08,1+2,variavel,21828.33,E_RS-SS-180_081025.pdf
351492,Elisiário,2025,Res SS 230/2025,2025-12-09,2,ajuste,10914.17,E_RS-SS-230_091225.pdf
351492,Elisiário,2025,Res SS 230/2025,2025-12-09,2025,bonus,0.0,E_RS-SS-230_091225.pdf
351492,Elisiário,2025,Res SS 230/2025,2025-12-09,3,fixo,21828.33,E_RS-SS-230_091225.pdf
351492,Elisiário,2025,Res SS 230/2025,2025-12-09,3,variavel,16916.96,E_RS-SS-230_091225.pdf
351492,Elisiário,2026,Res SS 111/2026,2026-06-09,1,fixo,21828.33,E_RS-SS-111_090626.pdf
351492,Elisiário,2026,Res SS 111/2026,2026-06-09,1,variavel,21828.33,E_RS-SS-111_090626.pdf
351492,Elisiário,2026,Res SS 185/2026,2026-09-08,2,fixo,21828.33,E_RS-SS-185_080926.pdf
351492,Elisiário,2026,Res SS 185/2026,2026-09-08,2,variavel,21828.33,E_RS-SS-185_080926.pdf
351495,Embaúba,2024,Res SS 18/2024,2024-02-08,1,fixo,14676.0,E_R-SS-18_080224.pdf
351495,Embaúba,2024,Res SS 140/2024,2024-06-20,2,fixo,14676.0,E_R-SS-140_200624.pdf
351495,Embaúba,2024,Res SS 140/2024,2024-06-20,2,variavel,8771.36,E_R-SS-140_200624.pdf
351495,Embaúba,2024,Res SS 140/2024,2024-06-20,3,fixo,14676.0,E_R-SS-140_200624.pdf
351495,Embaúba,2024,Res SS 140/2024,2024-06-20,3,variavel,8771.36,E_R-SS-140_200624.pdf
351495,Embaúba,2025,Res SS 13/2025,2025-01-24,1,fixo,12230.0,E_R-SS-13_240125.pdf
351495,Embaúba,2025,Res SS 97/2025,2025-05-30,2,fixo,12230.0,E_R-SS-97_300525.pdf
351495,Embaúba,2025,Res SS 180/2025,2025-10-08,1+2,variavel,19323.4,E_RS-SS-180_081025.pdf
351495,Embaúba,2025,Res SS 230/2025,2025-12-09,2,ajuste,1638.82,E_RS-SS-230_091225.pdf
351495,Embaúba,2025,Res SS 230/2025,2025-12-09,2025,bonus,0.0,E_RS-SS-230_091225.pdf
351495,Embaúba,2025,Res SS 230/2025,2025-12-09,3,fixo,12230.0,E_RS-SS-230_091225.pdf
351495,Embaúba,2025,Res SS 230/2025,2025-12-09,3,variavel,8897.33,E_RS-SS-230_091225.pdf
351495,Embaúba,2026,Res SS 111/2026,2026-06-09,1,fixo,12230.0,E_RS-SS-111_090626.pdf
351495,Embaúba,2026,Res SS 111/2026,2026-06-09,1,variavel,9600.55,E_RS-SS-111_090626.pdf
351495,Embaúba,2026,Res SS 185/2026,2026-09-08,2,fixo,12230.0,E_RS-SS-185_080926.pdf
351495,Embaúba,2026,Res SS 185/2026,2026-09-08,2,variavel,7093.4,E_RS-SS-185_080926.pdf
351500,Embu Das Artes,2024,Res SS 18/2024,2024-02-08,1,fixo,837792.0,E_R-SS-18_080224.pdf
351500,Embu Das Artes,2024,Res SS 140/2024,2024-06-20,2,fixo,837792.0,E_R-SS-140_200624.pdf
351500,Embu Das Artes,2024,Res SS 140/2024,2024-06-20,2,variavel,451569.89,E_R-SS-140_200624.pdf
351500,Embu Das Artes,2024,Res SS 140/2024,2024-06-20,3,fixo,837792.0,E_R-SS-140_200624.pdf
351500,Embu Das Artes,2024,Res SS 140/2024,2024-06-20,3,variavel,451569.89,E_R-SS-140_200624.pdf
351500,Embu Das Artes,2025,Res SS 13/2025,2025-01-24,1,fixo,698160.0,E_R-SS-13_240125.pdf
351500,Embu Das Artes,2025,Res SS 97/2025,2025-05-30,2,fixo,698160.0,E_R-SS-97_300525.pdf
351500,Embu Das Artes,2025,Res SS 180/2025,2025-10-08,1+2,variavel,1144982.4,E_RS-SS-180_081025.pdf
351500,Embu Das Artes,2025,Res SS 230/2025,2025-12-09,2,ajuste,0.0,E_RS-SS-230_091225.pdf
351500,Embu Das Artes,2025,Res SS 230/2025,2025-12-09,2025,bonus,0.0,E_RS-SS-230_091225.pdf
351500,Embu Das Artes,2025,Res SS 230/2025,2025-12-09,3,fixo,698160.0,E_RS-SS-230_091225.pdf
351500,Embu Das Artes,2025,Res SS 230/2025,2025-12-09,3,variavel,553291.8,E_RS-SS-230_091225.pdf
351500,Embu Das Artes,2026,Res SS 111/2026,2026-06-09,1,fixo,698160.0,E_RS-SS-111_090626.pdf
351500,Embu Das Artes,2026,Res SS 111/2026,2026-06-09,1,variavel,638816.4,E_RS-SS-111_090626.pdf
351500,Embu Das Artes,2026,Res SS 185/2026,2026-09-08,2,fixo,698160.0,E_RS-SS-185_080926.pdf
351500,Embu Das Artes,2026,Res SS 185/2026,2026-09-08,2,variavel,593436.0,E_RS-SS-185_080926.pdf
351510,Embu-Guaçu,2024,Res SS 18/2024,2024-02-08,1,fixo,422412.0,E_R-SS-18_080224.pdf
351510,Embu-Guaçu,2024,Res SS 140/2024,2024-06-20,2,fixo,422412.0,E_R-SS-140_200624.pdf
351510,Embu-Guaçu,2024,Res SS 140/2024,2024-06-20,2,variavel,182763.59,E_R-SS-140_200624.pdf
351510,Embu-Guaçu,2024,Res SS 140/2024,2024-06-20,3,fixo,422412.0,E_R-SS-140_200624.pdf
351510,Embu-Guaçu,2024,Res SS 140/2024,2024-06-20,3,variavel,182763.59,E_R-SS-140_200624.pdf
351510,Embu-Guaçu,2025,Res SS 13/2025,2025-01-24,1,fixo,352010.0,E_R-SS-13_240125.pdf
351510,Embu-Guaçu,2025,Res SS 97/2025,2025-05-30,2,fixo,352010.0,E_R-SS-97_300525.pdf
351510,Embu-Guaçu,2025,Res SS 180/2025,2025-10-08,1+2,variavel,549135.6,E_RS-SS-180_081025.pdf
351510,Embu-Guaçu,2025,Res SS 230/2025,2025-12-09,2,ajuste,0.0,E_RS-SS-230_091225.pdf
351510,Embu-Guaçu,2025,Res SS 230/2025,2025-12-09,2025,bonus,0.0,E_RS-SS-230_091225.pdf
351510,Embu-Guaçu,2025,Res SS 230/2025,2025-12-09,3,fixo,352010.0,E_RS-SS-230_091225.pdf
351510,Embu-Guaçu,2025,Res SS 230/2025,2025-12-09,3,variavel,330889.4,E_RS-SS-230_091225.pdf
351510,Embu-Guaçu,2026,Res SS 111/2026,2026-06-09,1,fixo,352010.0,E_RS-SS-111_090626.pdf
351510,Embu-Guaçu,2026,Res SS 111/2026,2026-06-09,1,variavel,144324.1,E_RS-SS-111_090626.pdf
351510,Embu-Guaçu,2026,Res SS 185/2026,2026-09-08,2,fixo,352010.0,E_RS-SS-185_080926.pdf
351510,Embu-Guaçu,2026,Res SS 185/2026,2026-09-08,2,variavel,98562.8,E_RS-SS-185_080926.pdf
351512,Emilianópolis,2024,Res SS 18/2024,2024-02-08,1,fixo,22666.0,E_R-SS-18_080224.pdf
351512,Emilianópolis,2024,Res SS 140/2024,2024-06-20,2,fixo,22666.0,E_R-SS-140_200624.pdf
351512,Emilianópolis,2024,Res SS 140/2024,2024-06-20,2,variavel,9973.04,E_R-SS-140_200624.pdf
351512,Emilianópolis,2024,Res SS 140/2024,2024-06-20,3,fixo,22666.0,E_R-SS-140_200624.pdf
351512,Emilianópolis,2024,Res SS 140/2024,2024-06-20,3,variavel,9973.04,E_R-SS-140_200624.pdf
351512,Emilianópolis,2025,Res SS 13/2025,2025-01-24,1,fixo,18888.33,E_R-SS-13_240125.pdf
351512,Emilianópolis,2025,Res SS 97/2025,2025-05-30,2,fixo,18888.33,E_R-SS-97_300525.pdf
351512,Emilianópolis,2025,Res SS 180/2025,2025-10-08,1+2,variavel,26065.9,E_RS-SS-180_081025.pdf
351512,Emilianópolis,2025,Res SS 230/2025,2025-12-09,2,ajuste,5855.38,E_RS-SS-230_091225.pdf
351512,Emilianópolis,2025,Res SS 230/2025,2025-12-09,2025,bonus,0.0,E_RS-SS-230_091225.pdf
351512,Emilianópolis,2025,Res SS 230/2025,2025-12-09,3,fixo,18888.33,E_RS-SS-230_091225.pdf
351512,Emilianópolis,2025,Res SS 230/2025,2025-12-09,3,variavel,18321.68,E_RS-SS-230_091225.pdf
351512,Emilianópolis,2026,Res SS 111/2026,2026-06-09,1,fixo,18888.33,E_RS-SS-111_090626.pdf
351512,Emilianópolis,2026,Res SS 111/2026,2026-06-09,1,variavel,18888.33,E_RS-SS-111_090626.pdf
351512,Emilianópolis,2026,Res SS 185/2026,2026-09-08,2,fixo,18888.33,E_RS-SS-185_080926.pdf
351512,Emilianópolis,2026,Res SS 185/2026,2026-09-08,2,variavel,18888.33,E_RS-SS-185_080926.pdf
351515,Engenheiro Coelho,2024,Res SS 18/2024,2024-02-08,1,fixo,130272.0,E_R-SS-18_080224.pdf
351515,Engenheiro Coelho,2024,Res SS 140/2024,2024-06-20,2,fixo,130272.0,E_R-SS-140_200624.pdf
351515,Engenheiro Coelho,2024,Res SS 140/2024,2024-06-20,2,variavel,59946.83,E_R-SS-140_200624.pdf
351515,Engenheiro Coelho,2024,Res SS 140/2024,2024-06-20,3,fixo,130272.0,E_R-SS-140_200624.pdf
351515,Engenheiro Coelho,2024,Res SS 140/2024,2024-06-20,3,variavel,59946.83,E_R-SS-140_200624.pdf
351515,Engenheiro Coelho,2025,Res SS 13/2025,2025-01-24,1,fixo,108560.0,E_R-SS-13_240125.pdf
351515,Engenheiro Coelho,2025,Res SS 97/2025,2025-05-30,2,fixo,108560.0,E_R-SS-97_300525.pdf
351515,Engenheiro Coelho,2025,Res SS 180/2025,2025-10-08,1+2,variavel,117244.8,E_RS-SS-180_081025.pdf
351515,Engenheiro Coelho,2025,Res SS 230/2025,2025-12-09,2,ajuste,44075.36,E_RS-SS-230_091225.pdf
351515,Engenheiro Coelho,2025,Res SS 230/2025,2025-12-09,2025,bonus,0.0,E_RS-SS-230_091225.pdf
351515,Engenheiro Coelho,2025,Res SS 230/2025,2025-12-09,3,fixo,108560.0,E_RS-SS-230_091225.pdf
351515,Engenheiro Coelho,2025,Res SS 230/2025,2025-12-09,3,variavel,108560.0,E_RS-SS-230_091225.pdf
351515,Engenheiro Coelho,2026,Res SS 111/2026,2026-06-09,1,fixo,108560.0,E_RS-SS-111_090626.pdf
351515,Engenheiro Coelho,2026,Res SS 111/2026,2026-06-09,1,variavel,106388.8,E_RS-SS-111_090626.pdf
351515,Engenheiro Coelho,2026,Res SS 185/2026,2026-09-08,2,fixo,108560.0,E_RS-SS-185_080926.pdf
351515,Engenheiro Coelho,2026,Res SS 185/2026,2026-09-08,2,variavel,95804.2,E_RS-SS-185_080926.pdf
351518,Espírito Santo Do Pinhal,2024,Res SS 18/2024,2024-02-08,1,fixo,223035.0,E_R-SS-18_080224.pdf
351518,Espírito Santo Do Pinhal,2024,Res SS 140/2024,2024-06-20,2,fixo,223035.0,E_R-SS-140_200624.pdf
351518,Espírito Santo Do Pinhal,2024,Res SS 140/2024,2024-06-20,2,variavel,110402.33,E_R-SS-140_200624.pdf
351518,Espírito Santo Do Pinhal,2024,Res SS 140/2024,2024-06-20,3,fixo,223035.0,E_R-SS-140_200624.pdf
351518,Espírito Santo Do Pinhal,2024,Res SS 140/2024,2024-06-20,3,variavel,110402.33,E_R-SS-140_200624.pdf
351518,Espírito Santo Do Pinhal,2025,Res SS 13/2025,2025-01-24,1,fixo,185862.5,E_R-SS-13_240125.pdf
351518,Espírito Santo Do Pinhal,2025,Res SS 97/2025,2025-05-30,2,fixo,185862.5,E_R-SS-97_300525.pdf
351518,Espírito Santo Do Pinhal,2025,Res SS 180/2025,2025-10-08,1+2,variavel,182145.25,E_RS-SS-180_081025.pdf
351518,Espírito Santo Do Pinhal,2025,Res SS 230/2025,2025-12-09,2,ajuste,71464.13,E_RS-SS-230_091225.pdf
351518,Espírito Santo Do Pinhal,2025,Res SS 230/2025,2025-12-09,2025,bonus,0.0,E_RS-SS-230_091225.pdf
351518,Espírito Santo Do Pinhal,2025,Res SS 230/2025,2025-12-09,3,fixo,185862.5,E_RS-SS-230_091225.pdf
351518,Espírito Santo Do Pinhal,2025,Res SS 230/2025,2025-12-09,3,variavel,89214.0,E_RS-SS-230_091225.pdf
351518,Espírito Santo Do Pinhal,2026,Res SS 111/2026,2026-06-09,1,fixo,185862.5,E_RS-SS-111_090626.pdf
351518,Espírito Santo Do Pinhal,2026,Res SS 111/2026,2026-06-09,1,variavel,133821.0,E_RS-SS-111_090626.pdf
351518,Espírito Santo Do Pinhal,2026,Res SS 185/2026,2026-09-08,2,fixo,185862.5,E_RS-SS-185_080926.pdf
351518,Espírito Santo Do Pinhal,2026,Res SS 185/2026,2026-09-08,2,variavel,85496.75,E_RS-SS-185_080926.pdf
351519,Espírito Santo Do Turvo,2024,Res SS 18/2024,2024-02-08,1,fixo,29556.0,E_R-SS-18_080224.pdf
351519,Espírito Santo Do Turvo,2024,Res SS 140/2024,2024-06-20,2,fixo,29556.0,E_R-SS-140_200624.pdf
351519,Espírito Santo Do Turvo,2024,Res SS 140/2024,2024-06-20,2,variavel,17935.57,E_R-SS-140_200624.pdf
351519,Espírito Santo Do Turvo,2024,Res SS 140/2024,2024-06-20,3,fixo,29556.0,E_R-SS-140_200624.pdf
351519,Espírito Santo Do Turvo,2024,Res SS 140/2024,2024-06-20,3,variavel,17935.57,E_R-SS-140_200624.pdf
351519,Espírito Santo Do Turvo,2025,Res SS 13/2025,2025-01-24,1,fixo,24630.0,E_R-SS-13_240125.pdf
351519,Espírito Santo Do Turvo,2025,Res SS 97/2025,2025-05-30,2,fixo,24630.0,E_R-SS-97_300525.pdf
351519,Espírito Santo Do Turvo,2025,Res SS 180/2025,2025-10-08,1+2,variavel,37437.6,E_RS-SS-180_081025.pdf
351519,Espírito Santo Do Turvo,2025,Res SS 230/2025,2025-12-09,2,ajuste,5911.2,E_RS-SS-230_091225.pdf
351519,Espírito Santo Do Turvo,2025,Res SS 230/2025,2025-12-09,2025,bonus,0.0,E_RS-SS-230_091225.pdf
351519,Espírito Santo Do Turvo,2025,Res SS 230/2025,2025-12-09,3,fixo,24630.0,E_RS-SS-230_091225.pdf
351519,Espírito Santo Do Turvo,2025,Res SS 230/2025,2025-12-09,3,variavel,13915.95,E_RS-SS-230_091225.pdf
351519,Espírito Santo Do Turvo,2026,Res SS 111/2026,2026-06-09,1,fixo,24630.0,E_RS-SS-111_090626.pdf
351519,Espírito Santo Do Turvo,2026,Res SS 111/2026,2026-06-09,1,variavel,24630.0,E_RS-SS-111_090626.pdf
351519,Espírito Santo Do Turvo,2026,Res SS 185/2026,2026-09-08,2,fixo,24630.0,E_RS-SS-185_080926.pdf
351519,Espírito Santo Do Turvo,2026,Res SS 185/2026,2026-09-08,2,variavel,24630.0,E_RS-SS-185_080926.pdf
351520,Estrela D'Oeste,2024,Res SS 18/2024,2024-02-08,1,fixo,50520.0,E_R-SS-18_080224.pdf
351520,Estrela D'Oeste,2024,Res SS 140/2024,2024-06-20,2,fixo,50520.0,E_R-SS-140_200624.pdf
351520,Estrela D'Oeste,2024,Res SS 140/2024,2024-06-20,2,variavel,31676.04,E_R-SS-140_200624.pdf
351520,Estrela D'Oeste,2024,Res SS 140/2024,2024-06-20,3,fixo,50520.0,E_R-SS-140_200624.pdf
351520,Estrela D'Oeste,2024,Res SS 140/2024,2024-06-20,3,variavel,31676.04,E_R-SS-140_200624.pdf
351520,Estrela D'Oeste,2025,Res SS 13/2025,2025-01-24,1,fixo,42100.0,E_R-SS-13_240125.pdf
351520,Estrela D'Oeste,2025,Res SS 97/2025,2025-05-30,2,fixo,42100.0,E_R-SS-97_300525.pdf
351520,Estrela D'Oeste,2025,Res SS 180/2025,2025-10-08,1+2,variavel,84200.0,E_RS-SS-180_081025.pdf
351520,Estrela D'Oeste,2025,Res SS 230/2025,2025-12-09,2,ajuste,0.0,E_RS-SS-230_091225.pdf
351520,Estrela D'Oeste,2025,Res SS 230/2025,2025-12-09,2025,bonus,126300.0,E_RS-SS-230_091225.pdf
351520,Estrela D'Oeste,2025,Res SS 230/2025,2025-12-09,3,fixo,42100.0,E_RS-SS-230_091225.pdf
351520,Estrela D'Oeste,2025,Res SS 230/2025,2025-12-09,3,variavel,42100.0,E_RS-SS-230_091225.pdf
351520,Estrela D'Oeste,2026,Res SS 111/2026,2026-06-09,1,fixo,42100.0,E_RS-SS-111_090626.pdf
351520,Estrela D'Oeste,2026,Res SS 111/2026,2026-06-09,1,variavel,42100.0,E_RS-SS-111_090626.pdf
351520,Estrela D'Oeste,2026,Res SS 185/2026,2026-09-08,2,fixo,42100.0,E_RS-SS-185_080926.pdf
351520,Estrela D'Oeste,2026,Res SS 185/2026,2026-09-08,2,variavel,42100.0,E_RS-SS-185_080926.pdf
351530,Estrela Do Norte,2024,Res SS 18/2024,2024-02-08,1,fixo,16644.0,E_R-SS-18_080224.pdf
351530,Estrela Do Norte,2024,Res SS 140/2024,2024-06-20,2,fixo,16644.0,E_R-SS-140_200624.pdf
351530,Estrela Do Norte,2024,Res SS 140/2024,2024-06-20,2,variavel,10008.59,E_R-SS-140_200624.pdf
351530,Estrela Do Norte,2024,Res SS 140/2024,2024-06-20,3,fixo,16644.0,E_R-SS-140_200624.pdf
351530,Estrela Do Norte,2024,Res SS 140/2024,2024-06-20,3,variavel,10008.59,E_R-SS-140_200624.pdf
351530,Estrela Do Norte,2025,Res SS 13/2025,2025-01-24,1,fixo,13870.0,E_R-SS-13_240125.pdf
351530,Estrela Do Norte,2025,Res SS 97/2025,2025-05-30,2,fixo,13870.0,E_R-SS-97_300525.pdf
351530,Estrela Do Norte,2025,Res SS 180/2025,2025-10-08,1+2,variavel,12205.6,E_RS-SS-180_081025.pdf
351530,Estrela Do Norte,2025,Res SS 230/2025,2025-12-09,2,ajuste,2135.98,E_RS-SS-230_091225.pdf
351530,Estrela Do Norte,2025,Res SS 230/2025,2025-12-09,2025,bonus,0.0,E_RS-SS-230_091225.pdf
351530,Estrela Do Norte,2025,Res SS 230/2025,2025-12-09,3,fixo,13870.0,E_RS-SS-230_091225.pdf
351530,Estrela Do Norte,2025,Res SS 230/2025,2025-12-09,3,variavel,9986.4,E_RS-SS-230_091225.pdf
351530,Estrela Do Norte,2026,Res SS 111/2026,2026-06-09,1,fixo,13870.0,E_RS-SS-111_090626.pdf
351530,Estrela Do Norte,2026,Res SS 111/2026,2026-06-09,1,variavel,12066.9,E_RS-SS-111_090626.pdf
351530,Estrela Do Norte,2026,Res SS 185/2026,2026-09-08,2,fixo,13870.0,E_RS-SS-185_080926.pdf
351530,Estrela Do Norte,2026,Res SS 185/2026,2026-09-08,2,variavel,13870.0,E_RS-SS-185_080926.pdf
351535,Euclides Da Cunha Paulista,2024,Res SS 18/2024,2024-02-08,1,fixo,74240.0,E_R-SS-18_080224.pdf
351535,Euclides Da Cunha Paulista,2024,Res SS 140/2024,2024-06-20,2,fixo,74240.0,E_R-SS-140_200624.pdf
351535,Euclides Da Cunha Paulista,2024,Res SS 140/2024,2024-06-20,2,variavel,42193.07,E_R-SS-140_200624.pdf
351535,Euclides Da Cunha Paulista,2024,Res SS 140/2024,2024-06-20,3,fixo,74240.0,E_R-SS-140_200624.pdf
351535,Euclides Da Cunha Paulista,2024,Res SS 140/2024,2024-06-20,3,variavel,42193.07,E_R-SS-140_200624.pdf
351535,Euclides Da Cunha Paulista,2025,Res SS 13/2025,2025-01-24,1,fixo,61866.67,E_R-SS-13_240125.pdf
351535,Euclides Da Cunha Paulista,2025,Res SS 97/2025,2025-05-30,2,fixo,61866.67,E_R-SS-97_300525.pdf
351535,Euclides Da Cunha Paulista,2025,Res SS 180/2025,2025-10-08,1+2,variavel,70528.0,E_RS-SS-180_081025.pdf
351535,Euclides Da Cunha Paulista,2025,Res SS 230/2025,2025-12-09,2,ajuste,19178.67,E_RS-SS-230_091225.pdf
351535,Euclides Da Cunha Paulista,2025,Res SS 230/2025,2025-12-09,2025,bonus,0.0,E_RS-SS-230_091225.pdf
351535,Euclides Da Cunha Paulista,2025,Res SS 230/2025,2025-12-09,3,fixo,61866.67,E_RS-SS-230_091225.pdf
351535,Euclides Da Cunha Paulista,2025,Res SS 230/2025,2025-12-09,3,variavel,35882.67,E_RS-SS-230_091225.pdf
351535,Euclides Da Cunha Paulista,2026,Res SS 111/2026,2026-06-09,1,fixo,61866.67,E_RS-SS-111_090626.pdf
351535,Euclides Da Cunha Paulista,2026,Res SS 111/2026,2026-06-09,1,variavel,51040.0,E_RS-SS-111_090626.pdf
351535,Euclides Da Cunha Paulista,2026,Res SS 185/2026,2026-09-08,2,fixo,61866.67,E_RS-SS-185_080926.pdf
351535,Euclides Da Cunha Paulista,2026,Res SS 185/2026,2026-09-08,2,variavel,38976.0,E_RS-SS-185_080926.pdf
351540,Fartura,2024,Res SS 18/2024,2024-02-08,1,fixo,96612.0,E_R-SS-18_080224.pdf
351540,Fartura,2024,Res SS 140/2024,2024-06-20,2,fixo,96612.0,E_R-SS-140_200624.pdf
351540,Fartura,2024,Res SS 140/2024,2024-06-20,2,variavel,63763.92,E_R-SS-140_200624.pdf
351540,Fartura,2024,Res SS 140/2024,2024-06-20,3,fixo,96612.0,E_R-SS-140_200624.pdf
351540,Fartura,2024,Res SS 140/2024,2024-06-20,3,variavel,63763.92,E_R-SS-140_200624.pdf
351540,Fartura,2025,Res SS 13/2025,2025-01-24,1,fixo,80510.0,E_R-SS-13_240125.pdf
351540,Fartura,2025,Res SS 97/2025,2025-05-30,2,fixo,80510.0,E_R-SS-97_300525.pdf
351540,Fartura,2025,Res SS 180/2025,2025-10-08,1+2,variavel,61187.6,E_RS-SS-180_081025.pdf
351540,Fartura,2025,Res SS 230/2025,2025-12-09,2,ajuste,31841.71,E_RS-SS-230_091225.pdf
351540,Fartura,2025,Res SS 230/2025,2025-12-09,2025,bonus,0.0,E_RS-SS-230_091225.pdf
351540,Fartura,2025,Res SS 230/2025,2025-12-09,3,fixo,80510.0,E_RS-SS-230_091225.pdf
351540,Fartura,2025,Res SS 230/2025,2025-12-09,3,variavel,62797.8,E_RS-SS-230_091225.pdf
351540,Fartura,2026,Res SS 111/2026,2026-06-09,1,fixo,80510.0,E_RS-SS-111_090626.pdf
351540,Fartura,2026,Res SS 111/2026,2026-06-09,1,variavel,71653.9,E_RS-SS-111_090626.pdf
351540,Fartura,2026,Res SS 185/2026,2026-09-08,2,fixo,80510.0,E_RS-SS-185_080926.pdf
351540,Fartura,2026,Res SS 185/2026,2026-09-08,2,variavel,40255.0,E_RS-SS-185_080926.pdf
351550,Fernandópolis,2024,Res SS 18/2024,2024-02-08,1,fixo,418080.0,E_R-SS-18_080224.pdf
351550,Fernandópolis,2024,Res SS 140/2024,2024-06-20,2,fixo,418080.0,E_R-SS-140_200624.pdf
351550,Fernandópolis,2024,Res SS 140/2024,2024-06-20,2,variavel,245273.6,E_R-SS-140_200624.pdf
351550,Fernandópolis,2024,Res SS 140/2024,2024-06-20,3,fixo,418080.0,E_R-SS-140_200624.pdf
351550,Fernandópolis,2024,Res SS 140/2024,2024-06-20,3,variavel,245273.6,E_R-SS-140_200624.pdf
351550,Fernandópolis,2025,Res SS 13/2025,2025-01-24,1,fixo,348400.0,E_R-SS-13_240125.pdf
351550,Fernandópolis,2025,Res SS 97/2025,2025-05-30,2,fixo,348400.0,E_R-SS-97_300525.pdf
351550,Fernandópolis,2025,Res SS 180/2025,2025-10-08,1+2,variavel,641056.0,E_RS-SS-180_081025.pdf
351550,Fernandópolis,2025,Res SS 230/2025,2025-12-09,2,ajuste,0.0,E_RS-SS-230_091225.pdf
351550,Fernandópolis,2025,Res SS 230/2025,2025-12-09,2025,bonus,1045200.0,E_RS-SS-230_091225.pdf
351550,Fernandópolis,2025,Res SS 230/2025,2025-12-09,3,fixo,348400.0,E_RS-SS-230_091225.pdf
351550,Fernandópolis,2025,Res SS 230/2025,2025-12-09,3,variavel,348400.0,E_RS-SS-230_091225.pdf
351550,Fernandópolis,2026,Res SS 111/2026,2026-06-09,1,fixo,348400.0,E_RS-SS-111_090626.pdf
351550,Fernandópolis,2026,Res SS 111/2026,2026-06-09,1,variavel,315302.0,E_RS-SS-111_090626.pdf
351550,Fernandópolis,2026,Res SS 185/2026,2026-09-08,2,fixo,348400.0,E_RS-SS-185_080926.pdf
351550,Fernandópolis,2026,Res SS 185/2026,2026-09-08,2,variavel,202072.0,E_RS-SS-185_080926.pdf
351560,Fernando Prestes,2024,Res SS 18/2024,2024-02-08,1,fixo,34830.0,E_R-SS-18_080224.pdf
351560,Fernando Prestes,2024,Res SS 140/2024,2024-06-20,2,fixo,34830.0,E_R-SS-140_200624.pdf
351560,Fernando Prestes,2024,Res SS 140/2024,2024-06-20,2,variavel,23220.0,E_R-SS-140_200624.pdf
351560,Fernando Prestes,2024,Res SS 140/2024,2024-06-20,3,fixo,34830.0,E_R-SS-140_200624.pdf
351560,Fernando Prestes,2024,Res SS 140/2024,2024-06-20,3,variavel,23220.0,E_R-SS-140_200624.pdf
351560,Fernando Prestes,2025,Res SS 13/2025,2025-01-24,1,fixo,29025.0,E_R-SS-13_240125.pdf
351560,Fernando Prestes,2025,Res SS 97/2025,2025-05-30,2,fixo,29025.0,E_R-SS-97_300525.pdf
351560,Fernando Prestes,2025,Res SS 180/2025,2025-10-08,1+2,variavel,33088.5,E_RS-SS-180_081025.pdf
351560,Fernando Prestes,2025,Res SS 230/2025,2025-12-09,2,ajuste,12480.75,E_RS-SS-230_091225.pdf
351560,Fernando Prestes,2025,Res SS 230/2025,2025-12-09,2025,bonus,0.0,E_RS-SS-230_091225.pdf
351560,Fernando Prestes,2025,Res SS 230/2025,2025-12-09,3,fixo,29025.0,E_RS-SS-230_091225.pdf
351560,Fernando Prestes,2025,Res SS 230/2025,2025-12-09,3,variavel,28154.25,E_RS-SS-230_091225.pdf
351560,Fernando Prestes,2026,Res SS 111/2026,2026-06-09,1,fixo,29025.0,E_RS-SS-111_090626.pdf
351560,Fernando Prestes,2026,Res SS 111/2026,2026-06-09,1,variavel,29025.0,E_RS-SS-111_090626.pdf
351560,Fernando Prestes,2026,Res SS 185/2026,2026-09-08,2,fixo,29025.0,E_RS-SS-185_080926.pdf
351560,Fernando Prestes,2026,Res SS 185/2026,2026-09-08,2,variavel,21333.38,E_RS-SS-185_080926.pdf
351565,Fernão,2024,Res SS 18/2024,2024-02-08,1,fixo,12173.0,E_R-SS-18_080224.pdf
351565,Fernão,2024,Res SS 140/2024,2024-06-20,2,fixo,12173.0,E_R-SS-140_200624.pdf
351565,Fernão,2024,Res SS 140/2024,2024-06-20,2,variavel,5757.83,E_R-SS-140_200624.pdf
351565,Fernão,2024,Res SS 140/2024,2024-06-20,3,fixo,12173.0,E_R-SS-140_200624.pdf
351565,Fernão,2024,Res SS 140/2024,2024-06-20,3,variavel,5757.83,E_R-SS-140_200624.pdf
351565,Fernão,2025,Res SS 13/2025,2025-01-24,1,fixo,10144.17,E_R-SS-13_240125.pdf
351565,Fernão,2025,Res SS 97/2025,2025-05-30,2,fixo,10144.17,E_R-SS-97_300525.pdf
351565,Fernão,2025,Res SS 180/2025,2025-10-08,1+2,variavel,20288.33,E_RS-SS-180_081025.pdf
351565,Fernão,2025,Res SS 230/2025,2025-12-09,2,ajuste,0.0,E_RS-SS-230_091225.pdf
351565,Fernão,2025,Res SS 230/2025,2025-12-09,2025,bonus,0.0,E_RS-SS-230_091225.pdf
351565,Fernão,2025,Res SS 230/2025,2025-12-09,3,fixo,10144.17,E_RS-SS-230_091225.pdf
351565,Fernão,2025,Res SS 230/2025,2025-12-09,3,variavel,10144.17,E_RS-SS-230_091225.pdf
351565,Fernão,2026,Res SS 111/2026,2026-06-09,1,fixo,10144.17,E_RS-SS-111_090626.pdf
351565,Fernão,2026,Res SS 111/2026,2026-06-09,1,variavel,10144.17,E_RS-SS-111_090626.pdf
351565,Fernão,2026,Res SS 185/2026,2026-09-08,2,fixo,10144.17,E_RS-SS-185_080926.pdf
351565,Fernão,2026,Res SS 185/2026,2026-09-08,2,variavel,10144.17,E_RS-SS-185_080926.pdf
351570,Ferraz De Vasconcelos,2024,Res SS 18/2024,2024-02-08,1,fixo,1191966.0,E_R-SS-18_080224.pdf
351570,Ferraz De Vasconcelos,2024,Res SS 140/2024,2024-06-20,2,fixo,1191966.0,E_R-SS-140_200624.pdf
351570,Ferraz De Vasconcelos,2024,Res SS 140/2024,2024-06-20,2,variavel,560224.02,E_R-SS-140_200624.pdf
351570,Ferraz De Vasconcelos,2024,Res SS 140/2024,2024-06-20,3,fixo,1191966.0,E_R-SS-140_200624.pdf
351570,Ferraz De Vasconcelos,2024,Res SS 140/2024,2024-06-20,3,variavel,560224.02,E_R-SS-140_200624.pdf
351570,Ferraz De Vasconcelos,2025,Res SS 13/2025,2025-01-24,1,fixo,993305.0,E_R-SS-13_240125.pdf
351570,Ferraz De Vasconcelos,2025,Res SS 97/2025,2025-05-30,2,fixo,993305.0,E_R-SS-97_300525.pdf
351570,Ferraz De Vasconcelos,2025,Res SS 180/2025,2025-10-08,1+2,variavel,893974.5,E_RS-SS-180_081025.pdf
351570,Ferraz De Vasconcelos,2025,Res SS 230/2025,2025-12-09,2,ajuste,383415.73,E_RS-SS-230_091225.pdf
351570,Ferraz De Vasconcelos,2025,Res SS 230/2025,2025-12-09,2025,bonus,0.0,E_RS-SS-230_091225.pdf
351570,Ferraz De Vasconcelos,2025,Res SS 230/2025,2025-12-09,3,fixo,993305.0,E_RS-SS-230_091225.pdf
351570,Ferraz De Vasconcelos,2025,Res SS 230/2025,2025-12-09,3,variavel,486719.45,E_RS-SS-230_091225.pdf
351570,Ferraz De Vasconcelos,2026,Res SS 111/2026,2026-06-09,1,fixo,993305.0,E_RS-SS-111_090626.pdf
351570,Ferraz De Vasconcelos,2026,Res SS 111/2026,2026-06-09,1,variavel,655581.3,E_RS-SS-111_090626.pdf
351570,Ferraz De Vasconcelos,2026,Res SS 185/2026,2026-09-08,2,fixo,993305.0,E_RS-SS-185_080926.pdf
351570,Ferraz De Vasconcelos,2026,Res SS 185/2026,2026-09-08,2,variavel,397322.0,E_RS-SS-185_080926.pdf
351580,Flora Rica,2024,Res SS 18/2024,2024-02-08,1,fixo,9779.0,E_R-SS-18_080224.pdf
351580,Flora Rica,2024,Res SS 140/2024,2024-06-20,2,fixo,9779.0,E_R-SS-140_200624.pdf
351580,Flora Rica,2024,Res SS 140/2024,2024-06-20,2,variavel,5432.23,E_R-SS-140_200624.pdf
351580,Flora Rica,2024,Res SS 140/2024,2024-06-20,3,fixo,9779.0,E_R-SS-140_200624.pdf
351580,Flora Rica,2024,Res SS 140/2024,2024-06-20,3,variavel,5432.23,E_R-SS-140_200624.pdf
351580,Flora Rica,2025,Res SS 13/2025,2025-01-24,1,fixo,8149.17,E_R-SS-13_240125.pdf
351580,Flora Rica,2025,Res SS 97/2025,2025-05-30,2,fixo,8149.17,E_R-SS-97_300525.pdf
351580,Flora Rica,2025,Res SS 180/2025,2025-10-08,1+2,variavel,10267.95,E_RS-SS-180_081025.pdf
351580,Flora Rica,2025,Res SS 230/2025,2025-12-09,2,ajuste,1678.73,E_RS-SS-230_091225.pdf
351580,Flora Rica,2025,Res SS 230/2025,2025-12-09,2025,bonus,0.0,E_RS-SS-230_091225.pdf
351580,Flora Rica,2025,Res SS 230/2025,2025-12-09,3,fixo,8149.17,E_RS-SS-230_091225.pdf
351580,Flora Rica,2025,Res SS 230/2025,2025-12-09,3,variavel,4930.25,E_RS-SS-230_091225.pdf
351580,Flora Rica,2026,Res SS 111/2026,2026-06-09,1,fixo,8149.17,E_RS-SS-111_090626.pdf
351580,Flora Rica,2026,Res SS 111/2026,2026-06-09,1,variavel,8149.17,E_RS-SS-111_090626.pdf
351580,Flora Rica,2026,Res SS 185/2026,2026-09-08,2,fixo,8149.17,E_RS-SS-185_080926.pdf
351580,Flora Rica,2026,Res SS 185/2026,2026-09-08,2,variavel,8149.17,E_RS-SS-185_080926.pdf
351590,Floreal,2024,Res SS 18/2024,2024-02-08,1,fixo,17304.0,E_R-SS-18_080224.pdf
351590,Floreal,2024,Res SS 140/2024,2024-06-20,2,fixo,17304.0,E_R-SS-140_200624.pdf
351590,Floreal,2024,Res SS 140/2024,2024-06-20,2,variavel,10532.37,E_R-SS-140_200624.pdf
351590,Floreal,2024,Res SS 140/2024,2024-06-20,3,fixo,17304.0,E_R-SS-140_200624.pdf
351590,Floreal,2024,Res SS 140/2024,2024-06-20,3,variavel,10532.37,E_R-SS-140_200624.pdf
351590,Floreal,2025,Res SS 13/2025,2025-01-24,1,fixo,14420.0,E_R-SS-13_240125.pdf
351590,Floreal,2025,Res SS 97/2025,2025-05-30,2,fixo,14420.0,E_R-SS-97_300525.pdf
351590,Floreal,2025,Res SS 180/2025,2025-10-08,1+2,variavel,14420.0,E_RS-SS-180_081025.pdf
351590,Floreal,2025,Res SS 230/2025,2025-12-09,2,ajuste,3972.71,E_RS-SS-230_091225.pdf
351590,Floreal,2025,Res SS 230/2025,2025-12-09,2025,bonus,0.0,E_RS-SS-230_091225.pdf
351590,Floreal,2025,Res SS 230/2025,2025-12-09,3,fixo,14420.0,E_RS-SS-230_091225.pdf
351590,Floreal,2025,Res SS 230/2025,2025-12-09,3,variavel,9300.9,E_RS-SS-230_091225.pdf
351590,Floreal,2026,Res SS 111/2026,2026-06-09,1,fixo,14420.0,E_RS-SS-111_090626.pdf
351590,Floreal,2026,Res SS 111/2026,2026-06-09,1,variavel,14131.6,E_RS-SS-111_090626.pdf
351590,Floreal,2026,Res SS 185/2026,2026-09-08,2,fixo,14420.0,E_RS-SS-185_080926.pdf
351590,Floreal,2026,Res SS 185/2026,2026-09-08,2,variavel,14131.6,E_RS-SS-185_080926.pdf
351600,Flórida Paulista,2024,Res SS 18/2024,2024-02-08,1,fixo,89616.0,E_R-SS-18_080224.pdf
351600,Flórida Paulista,2024,Res SS 140/2024,2024-06-20,2,fixo,89616.0,E_R-SS-140_200624.pdf
351600,Flórida Paulista,2024,Res SS 140/2024,2024-06-20,2,variavel,41522.08,E_R-SS-140_200624.pdf
351600,Flórida Paulista,2024,Res SS 140/2024,2024-06-20,3,fixo,89616.0,E_R-SS-140_200624.pdf
351600,Flórida Paulista,2024,Res SS 140/2024,2024-06-20,3,variavel,41522.08,E_R-SS-140_200624.pdf
351600,Flórida Paulista,2025,Res SS 13/2025,2025-01-24,1,fixo,74680.0,E_R-SS-13_240125.pdf
351600,Flórida Paulista,2025,Res SS 97/2025,2025-05-30,2,fixo,74680.0,E_R-SS-97_300525.pdf
351600,Flórida Paulista,2025,Res SS 180/2025,2025-10-08,1+2,variavel,89616.0,E_RS-SS-180_081025.pdf
351600,Flórida Paulista,2025,Res SS 230/2025,2025-12-09,2,ajuste,22553.36,E_RS-SS-230_091225.pdf
351600,Flórida Paulista,2025,Res SS 230/2025,2025-12-09,2025,bonus,0.0,E_RS-SS-230_091225.pdf
351600,Flórida Paulista,2025,Res SS 230/2025,2025-12-09,3,fixo,74680.0,E_RS-SS-230_091225.pdf
351600,Flórida Paulista,2025,Res SS 230/2025,2025-12-09,3,variavel,73186.4,E_RS-SS-230_091225.pdf
351600,Flórida Paulista,2026,Res SS 111/2026,2026-06-09,1,fixo,74680.0,E_RS-SS-111_090626.pdf
351600,Flórida Paulista,2026,Res SS 111/2026,2026-06-09,1,variavel,74680.0,E_RS-SS-111_090626.pdf
351600,Flórida Paulista,2026,Res SS 185/2026,2026-09-08,2,fixo,74680.0,E_RS-SS-185_080926.pdf
351600,Flórida Paulista,2026,Res SS 185/2026,2026-09-08,2,variavel,35846.4,E_RS-SS-185_080926.pdf
351610,Florínia,2024,Res SS 18/2024,2024-02-08,1,fixo,18417.0,E_R-SS-18_080224.pdf
351610,Florínia,2024,Res SS 140/2024,2024-06-20,2,fixo,18417.0,E_R-SS-140_200624.pdf
351610,Florínia,2024,Res SS 140/2024,2024-06-20,2,variavel,11614.99,E_R-SS-140_200624.pdf
351610,Florínia,2024,Res SS 140/2024,2024-06-20,3,fixo,18417.0,E_R-SS-140_200624.pdf
351610,Florínia,2024,Res SS 140/2024,2024-06-20,3,variavel,11614.99,E_R-SS-140_200624.pdf
351610,Florínia,2025,Res SS 13/2025,2025-01-24,1,fixo,15347.5,E_R-SS-13_240125.pdf
351610,Florínia,2025,Res SS 97/2025,2025-05-30,2,fixo,15347.5,E_R-SS-97_300525.pdf
351610,Florínia,2025,Res SS 180/2025,2025-10-08,1+2,variavel,14119.7,E_RS-SS-180_081025.pdf
351610,Florínia,2025,Res SS 230/2025,2025-12-09,2,ajuste,5939.48,E_RS-SS-230_091225.pdf
351610,Florínia,2025,Res SS 230/2025,2025-12-09,2025,bonus,0.0,E_RS-SS-230_091225.pdf
351610,Florínia,2025,Res SS 230/2025,2025-12-09,3,fixo,15347.5,E_RS-SS-230_091225.pdf
351610,Florínia,2025,Res SS 230/2025,2025-12-09,3,variavel,8901.55,E_RS-SS-230_091225.pdf
351610,Florínia,2026,Res SS 111/2026,2026-06-09,1,fixo,15347.5,E_RS-SS-111_090626.pdf
351610,Florínia,2026,Res SS 111/2026,2026-06-09,1,variavel,15347.5,E_RS-SS-111_090626.pdf
351610,Florínia,2026,Res SS 185/2026,2026-09-08,2,fixo,15347.5,E_RS-SS-185_080926.pdf
351610,Florínia,2026,Res SS 185/2026,2026-09-08,2,variavel,15347.5,E_RS-SS-185_080926.pdf
351620,Franca,2024,Res SS 18/2024,2024-02-08,1,fixo,1075617.0,E_R-SS-18_080224.pdf
351620,Franca,2024,Res SS 140/2024,2024-06-20,2,fixo,1075617.0,E_R-SS-140_200624.pdf
351620,Franca,2024,Res SS 140/2024,2024-06-20,2,variavel,408734.46,E_R-SS-140_200624.pdf
351620,Franca,2024,Res SS 140/2024,2024-06-20,3,fixo,1075617.0,E_R-SS-140_200624.pdf
351620,Franca,2024,Res SS 140/2024,2024-06-20,3,variavel,408734.46,E_R-SS-140_200624.pdf
351620,Franca,2025,Res SS 13/2025,2025-01-24,1,fixo,896347.5,E_R-SS-13_240125.pdf
351620,Franca,2025,Res SS 97/2025,2025-05-30,2,fixo,896347.5,E_R-SS-97_300525.pdf
351620,Franca,2025,Res SS 180/2025,2025-10-08,1+2,variavel,358539.0,E_RS-SS-180_081025.pdf
351620,Franca,2025,Res SS 230/2025,2025-12-09,2,ajuste,165824.29,E_RS-SS-230_091225.pdf
351620,Franca,2025,Res SS 230/2025,2025-12-09,2025,bonus,0.0,E_RS-SS-230_091225.pdf
351620,Franca,2025,Res SS 230/2025,2025-12-09,3,fixo,896347.5,E_RS-SS-230_091225.pdf
351620,Franca,2025,Res SS 230/2025,2025-12-09,3,variavel,416801.59,E_RS-SS-230_091225.pdf
351620,Franca,2026,Res SS 111/2026,2026-06-09,1,fixo,896347.5,E_RS-SS-111_090626.pdf
351620,Franca,2026,Res SS 111/2026,2026-06-09,1,variavel,340612.05,E_RS-SS-111_090626.pdf
351620,Franca,2026,Res SS 185/2026,2026-09-08,2,fixo,896347.5,E_RS-SS-185_080926.pdf
351620,Franca,2026,Res SS 185/2026,2026-09-08,2,variavel,631924.99,E_RS-SS-185_080926.pdf
351630,Francisco Morato,2024,Res SS 18/2024,2024-02-08,1,fixo,1076232.0,E_R-SS-18_080224.pdf
351630,Francisco Morato,2024,Res SS 140/2024,2024-06-20,2,fixo,1076232.0,E_R-SS-140_200624.pdf
351630,Francisco Morato,2024,Res SS 140/2024,2024-06-20,2,variavel,337219.36,E_R-SS-140_200624.pdf
351630,Francisco Morato,2024,Res SS 140/2024,2024-06-20,3,fixo,1076232.0,E_R-SS-140_200624.pdf
351630,Francisco Morato,2024,Res SS 140/2024,2024-06-20,3,variavel,337219.36,E_R-SS-140_200624.pdf
351630,Francisco Morato,2025,Res SS 13/2025,2025-01-24,1,fixo,896860.0,E_R-SS-13_240125.pdf
351630,Francisco Morato,2025,Res SS 97/2025,2025-05-30,2,fixo,896860.0,E_R-SS-97_300525.pdf
351630,Francisco Morato,2025,Res SS 180/2025,2025-10-08,1+2,variavel,1040357.6,E_RS-SS-180_081025.pdf
351630,Francisco Morato,2025,Res SS 230/2025,2025-12-09,2,ajuste,0.0,E_RS-SS-230_091225.pdf
351630,Francisco Morato,2025,Res SS 230/2025,2025-12-09,2025,bonus,0.0,E_RS-SS-230_091225.pdf
351630,Francisco Morato,2025,Res SS 230/2025,2025-12-09,3,fixo,896860.0,E_RS-SS-230_091225.pdf
351630,Francisco Morato,2025,Res SS 230/2025,2025-12-09,3,variavel,704035.1,E_RS-SS-230_091225.pdf
351630,Francisco Morato,2026,Res SS 111/2026,2026-06-09,1,fixo,896860.0,E_RS-SS-111_090626.pdf
351630,Francisco Morato,2026,Res SS 111/2026,2026-06-09,1,variavel,515694.5,E_RS-SS-111_090626.pdf
351630,Francisco Morato,2026,Res SS 185/2026,2026-09-08,2,fixo,896860.0,E_RS-SS-185_080926.pdf
351630,Francisco Morato,2026,Res SS 185/2026,2026-09-08,2,variavel,340806.8,E_RS-SS-185_080926.pdf
351640,Franco Da Rocha,2024,Res SS 18/2024,2024-02-08,1,fixo,950628.0,E_R-SS-18_080224.pdf
351640,Franco Da Rocha,2024,Res SS 140/2024,2024-06-20,2,fixo,950628.0,E_R-SS-140_200624.pdf
351640,Franco Da Rocha,2024,Res SS 140/2024,2024-06-20,2,variavel,468976.48,E_R-SS-140_200624.pdf
351640,Franco Da Rocha,2024,Res SS 140/2024,2024-06-20,3,fixo,950628.0,E_R-SS-140_200624.pdf
351640,Franco Da Rocha,2024,Res SS 140/2024,2024-06-20,3,variavel,468976.48,E_R-SS-140_200624.pdf
351640,Franco Da Rocha,2025,Res SS 13/2025,2025-01-24,1,fixo,792190.0,E_R-SS-13_240125.pdf
351640,Franco Da Rocha,2025,Res SS 97/2025,2025-05-30,2,fixo,792190.0,E_R-SS-97_300525.pdf
351640,Franco Da Rocha,2025,Res SS 180/2025,2025-10-08,1+2,variavel,507001.6,E_RS-SS-180_081025.pdf
351640,Franco Da Rocha,2025,Res SS 230/2025,2025-12-09,2,ajuste,373913.68,E_RS-SS-230_091225.pdf
351640,Franco Da Rocha,2025,Res SS 230/2025,2025-12-09,2025,bonus,0.0,E_RS-SS-230_091225.pdf
351640,Franco Da Rocha,2025,Res SS 230/2025,2025-12-09,3,fixo,792190.0,E_RS-SS-230_091225.pdf
351640,Franco Da Rocha,2025,Res SS 230/2025,2025-12-09,3,variavel,285188.4,E_RS-SS-230_091225.pdf
351640,Franco Da Rocha,2026,Res SS 111/2026,2026-06-09,1,fixo,792190.0,E_RS-SS-111_090626.pdf
351640,Franco Da Rocha,2026,Res SS 111/2026,2026-06-09,1,variavel,792190.0,E_RS-SS-111_090626.pdf
351640,Franco Da Rocha,2026,Res SS 185/2026,2026-09-08,2,fixo,792190.0,E_RS-SS-185_080926.pdf
351640,Franco Da Rocha,2026,Res SS 185/2026,2026-09-08,2,variavel,792190.0,E_RS-SS-185_080926.pdf
351650,Gabriel Monteiro,2024,Res SS 18/2024,2024-02-08,1,fixo,16656.0,E_R-SS-18_080224.pdf
351650,Gabriel Monteiro,2024,Res SS 140/2024,2024-06-20,2,fixo,16656.0,E_R-SS-140_200624.pdf
351650,Gabriel Monteiro,2024,Res SS 140/2024,2024-06-20,2,variavel,10504.38,E_R-SS-140_200624.pdf
351650,Gabriel Monteiro,2024,Res SS 140/2024,2024-06-20,3,fixo,16656.0,E_R-SS-140_200624.pdf
351650,Gabriel Monteiro,2024,Res SS 140/2024,2024-06-20,3,variavel,10504.38,E_R-SS-140_200624.pdf
351650,Gabriel Monteiro,2025,Res SS 13/2025,2025-01-24,1,fixo,13880.0,E_R-SS-13_240125.pdf
351650,Gabriel Monteiro,2025,Res SS 97/2025,2025-05-30,2,fixo,13880.0,E_R-SS-97_300525.pdf
351650,Gabriel Monteiro,2025,Res SS 180/2025,2025-10-08,1+2,variavel,16933.6,E_RS-SS-180_081025.pdf
351650,Gabriel Monteiro,2025,Res SS 230/2025,2025-12-09,2,ajuste,2144.46,E_RS-SS-230_091225.pdf
351650,Gabriel Monteiro,2025,Res SS 230/2025,2025-12-09,2025,bonus,0.0,E_RS-SS-230_091225.pdf
351650,Gabriel Monteiro,2025,Res SS 230/2025,2025-12-09,3,fixo,13880.0,E_RS-SS-230_091225.pdf
351650,Gabriel Monteiro,2025,Res SS 230/2025,2025-12-09,3,variavel,10201.8,E_RS-SS-230_091225.pdf
351650,Gabriel Monteiro,2026,Res SS 111/2026,2026-06-09,1,fixo,13880.0,E_RS-SS-111_090626.pdf
351650,Gabriel Monteiro,2026,Res SS 111/2026,2026-06-09,1,variavel,9091.4,E_RS-SS-111_090626.pdf
351650,Gabriel Monteiro,2026,Res SS 185/2026,2026-09-08,2,fixo,13880.0,E_RS-SS-185_080926.pdf
351650,Gabriel Monteiro,2026,Res SS 185/2026,2026-09-08,2,variavel,8744.4,E_RS-SS-185_080926.pdf
351660,Gália,2024,Res SS 18/2024,2024-02-08,1,fixo,38514.0,E_R-SS-18_080224.pdf
351660,Gália,2024,Res SS 140/2024,2024-06-20,2,fixo,38514.0,E_R-SS-140_200624.pdf
351660,Gália,2024,Res SS 140/2024,2024-06-20,2,variavel,17331.3,E_R-SS-140_200624.pdf
351660,Gália,2024,Res SS 140/2024,2024-06-20,3,fixo,38514.0,E_R-SS-140_200624.pdf
351660,Gália,2024,Res SS 140/2024,2024-06-20,3,variavel,17331.3,E_R-SS-140_200624.pdf
351660,Gália,2025,Res SS 13/2025,2025-01-24,1,fixo,32095.0,E_R-SS-13_240125.pdf
351660,Gália,2025,Res SS 97/2025,2025-05-30,2,fixo,32095.0,E_R-SS-97_300525.pdf
351660,Gália,2025,Res SS 180/2025,2025-10-08,1+2,variavel,14121.8,E_RS-SS-180_081025.pdf
351660,Gália,2025,Res SS 230/2025,2025-12-09,2,ajuste,14651.37,E_RS-SS-230_091225.pdf
351660,Gália,2025,Res SS 230/2025,2025-12-09,2025,bonus,0.0,E_RS-SS-230_091225.pdf
351660,Gália,2025,Res SS 230/2025,2025-12-09,3,fixo,32095.0,E_RS-SS-230_091225.pdf
351660,Gália,2025,Res SS 230/2025,2025-12-09,3,variavel,24552.68,E_RS-SS-230_091225.pdf
351660,Gália,2026,Res SS 111/2026,2026-06-09,1,fixo,32095.0,E_RS-SS-111_090626.pdf
351660,Gália,2026,Res SS 111/2026,2026-06-09,1,variavel,21664.13,E_RS-SS-111_090626.pdf
351660,Gália,2026,Res SS 185/2026,2026-09-08,2,fixo,32095.0,E_RS-SS-185_080926.pdf
351660,Gália,2026,Res SS 185/2026,2026-09-08,2,variavel,15405.6,E_RS-SS-185_080926.pdf
351670,Garça,2024,Res SS 18/2024,2024-02-08,1,fixo,311003.0,E_R-SS-18_080224.pdf
351670,Garça,2024,Res SS 140/2024,2024-06-20,2,fixo,311003.0,E_R-SS-140_200624.pdf
351670,Garça,2024,Res SS 140/2024,2024-06-20,2,variavel,157574.85,E_R-SS-140_200624.pdf
351670,Garça,2024,Res SS 140/2024,2024-06-20,3,fixo,311003.0,E_R-SS-140_200624.pdf
351670,Garça,2024,Res SS 140/2024,2024-06-20,3,variavel,157574.85,E_R-SS-140_200624.pdf
351670,Garça,2025,Res SS 13/2025,2025-01-24,1,fixo,259169.17,E_R-SS-13_240125.pdf
351670,Garça,2025,Res SS 97/2025,2025-05-30,2,fixo,259169.17,E_R-SS-97_300525.pdf
351670,Garça,2025,Res SS 180/2025,2025-10-08,1+2,variavel,155501.5,E_RS-SS-180_081025.pdf
351670,Garça,2025,Res SS 230/2025,2025-12-09,2,ajuste,150318.12,E_RS-SS-230_091225.pdf
351670,Garça,2025,Res SS 230/2025,2025-12-09,2025,bonus,0.0,E_RS-SS-230_091225.pdf
351670,Garça,2025,Res SS 230/2025,2025-12-09,3,fixo,259169.17,E_RS-SS-230_091225.pdf
351670,Garça,2025,Res SS 230/2025,2025-12-09,3,variavel,165868.27,E_RS-SS-230_091225.pdf
351670,Garça,2026,Res SS 111/2026,2026-06-09,1,fixo,259169.17,E_RS-SS-111_090626.pdf
351670,Garça,2026,Res SS 111/2026,2026-06-09,1,variavel,230660.56,E_RS-SS-111_090626.pdf
351670,Garça,2026,Res SS 185/2026,2026-09-08,2,fixo,259169.17,E_RS-SS-185_080926.pdf
351670,Garça,2026,Res SS 185/2026,2026-09-08,2,variavel,154853.58,E_RS-SS-185_080926.pdf
351680,Gastão Vidigal,2024,Res SS 18/2024,2024-02-08,1,fixo,29466.0,E_R-SS-18_080224.pdf
351680,Gastão Vidigal,2024,Res SS 140/2024,2024-06-20,2,fixo,29466.0,E_R-SS-140_200624.pdf
351680,Gastão Vidigal,2024,Res SS 140/2024,2024-06-20,2,variavel,19644.0,E_R-SS-140_200624.pdf
351680,Gastão Vidigal,2024,Res SS 140/2024,2024-06-20,3,fixo,29466.0,E_R-SS-140_200624.pdf
351680,Gastão Vidigal,2024,Res SS 140/2024,2024-06-20,3,variavel,19644.0,E_R-SS-140_200624.pdf
351680,Gastão Vidigal,2025,Res SS 13/2025,2025-01-24,1,fixo,24555.0,E_R-SS-13_240125.pdf
351680,Gastão Vidigal,2025,Res SS 97/2025,2025-05-30,2,fixo,24555.0,E_R-SS-97_300525.pdf
351680,Gastão Vidigal,2025,Res SS 180/2025,2025-10-08,1+2,variavel,40270.2,E_RS-SS-180_081025.pdf
351680,Gastão Vidigal,2025,Res SS 230/2025,2025-12-09,2,ajuste,1473.3,E_RS-SS-230_091225.pdf
351680,Gastão Vidigal,2025,Res SS 230/2025,2025-12-09,2025,bonus,0.0,E_RS-SS-230_091225.pdf
351680,Gastão Vidigal,2025,Res SS 230/2025,2025-12-09,3,fixo,24555.0,E_RS-SS-230_091225.pdf
351680,Gastão Vidigal,2025,Res SS 230/2025,2025-12-09,3,variavel,24555.0,E_RS-SS-230_091225.pdf
351680,Gastão Vidigal,2026,Res SS 111/2026,2026-06-09,1,fixo,24555.0,E_RS-SS-111_090626.pdf
351680,Gastão Vidigal,2026,Res SS 111/2026,2026-06-09,1,variavel,16451.85,E_RS-SS-111_090626.pdf
351680,Gastão Vidigal,2026,Res SS 185/2026,2026-09-08,2,fixo,24555.0,E_RS-SS-185_080926.pdf
351680,Gastão Vidigal,2026,Res SS 185/2026,2026-09-08,2,variavel,13259.7,E_RS-SS-185_080926.pdf
351685,Gavião Peixoto,2024,Res SS 18/2024,2024-02-08,1,fixo,24205.0,E_R-SS-18_080224.pdf
351685,Gavião Peixoto,2024,Res SS 140/2024,2024-06-20,2,fixo,24205.0,E_R-SS-140_200624.pdf
351685,Gavião Peixoto,2024,Res SS 140/2024,2024-06-20,2,variavel,9940.19,E_R-SS-140_200624.pdf
351685,Gavião Peixoto,2024,Res SS 140/2024,2024-06-20,3,fixo,24205.0,E_R-SS-140_200624.pdf
351685,Gavião Peixoto,2024,Res SS 140/2024,2024-06-20,3,variavel,9940.19,E_R-SS-140_200624.pdf
351685,Gavião Peixoto,2025,Res SS 13/2025,2025-01-24,1,fixo,20170.83,E_R-SS-13_240125.pdf
351685,Gavião Peixoto,2025,Res SS 97/2025,2025-05-30,2,fixo,20170.83,E_R-SS-97_300525.pdf
351685,Gavião Peixoto,2025,Res SS 180/2025,2025-10-08,1+2,variavel,25415.25,E_RS-SS-180_081025.pdf
351685,Gavião Peixoto,2025,Res SS 230/2025,2025-12-09,2,ajuste,5486.47,E_RS-SS-230_091225.pdf
351685,Gavião Peixoto,2025,Res SS 230/2025,2025-12-09,2025,bonus,0.0,E_RS-SS-230_091225.pdf
351685,Gavião Peixoto,2025,Res SS 230/2025,2025-12-09,3,fixo,20170.83,E_RS-SS-230_091225.pdf
351685,Gavião Peixoto,2025,Res SS 230/2025,2025-12-09,3,variavel,14825.56,E_RS-SS-230_091225.pdf
351685,Gavião Peixoto,2026,Res SS 111/2026,2026-06-09,1,fixo,20170.83,E_RS-SS-111_090626.pdf
351685,Gavião Peixoto,2026,Res SS 111/2026,2026-06-09,1,variavel,18758.88,E_RS-SS-111_090626.pdf
351685,Gavião Peixoto,2026,Res SS 185/2026,2026-09-08,2,fixo,20170.83,E_RS-SS-185_080926.pdf
351685,Gavião Peixoto,2026,Res SS 185/2026,2026-09-08,2,variavel,10892.25,E_RS-SS-185_080926.pdf
351690,General Salgado,2024,Res SS 18/2024,2024-02-08,1,fixo,65130.0,E_R-SS-18_080224.pdf
351690,General Salgado,2024,Res SS 140/2024,2024-06-20,2,fixo,65130.0,E_R-SS-140_200624.pdf
351690,General Salgado,2024,Res SS 140/2024,2024-06-20,2,variavel,37970.79,E_R-SS-140_200624.pdf
351690,General Salgado,2024,Res SS 140/2024,2024-06-20,3,fixo,65130.0,E_R-SS-140_200624.pdf
351690,General Salgado,2024,Res SS 140/2024,2024-06-20,3,variavel,37970.79,E_R-SS-140_200624.pdf
351690,General Salgado,2025,Res SS 13/2025,2025-01-24,1,fixo,54275.0,E_R-SS-13_240125.pdf
351690,General Salgado,2025,Res SS 97/2025,2025-05-30,2,fixo,54275.0,E_R-SS-97_300525.pdf
351690,General Salgado,2025,Res SS 180/2025,2025-10-08,1+2,variavel,43420.0,E_RS-SS-180_081025.pdf
351690,General Salgado,2025,Res SS 230/2025,2025-12-09,2,ajuste,29634.15,E_RS-SS-230_091225.pdf
351690,General Salgado,2025,Res SS 230/2025,2025-12-09,2025,bonus,0.0,E_RS-SS-230_091225.pdf
351690,General Salgado,2025,Res SS 230/2025,2025-12-09,3,fixo,54275.0,E_RS-SS-230_091225.pdf
351690,General Salgado,2025,Res SS 230/2025,2025-12-09,3,variavel,39078.0,E_RS-SS-230_091225.pdf
351690,General Salgado,2026,Res SS 111/2026,2026-06-09,1,fixo,54275.0,E_RS-SS-111_090626.pdf
351690,General Salgado,2026,Res SS 111/2026,2026-06-09,1,variavel,54275.0,E_RS-SS-111_090626.pdf
351690,General Salgado,2026,Res SS 185/2026,2026-09-08,2,fixo,54275.0,E_RS-SS-185_080926.pdf
351690,General Salgado,2026,Res SS 185/2026,2026-09-08,2,variavel,54275.0,E_RS-SS-185_080926.pdf
351700,Getulina,2024,Res SS 18/2024,2024-02-08,1,fixo,68910.0,E_R-SS-18_080224.pdf
351700,Getulina,2024,Res SS 140/2024,2024-06-20,2,fixo,68910.0,E_R-SS-140_200624.pdf
351700,Getulina,2024,Res SS 140/2024,2024-06-20,2,variavel,37142.49,E_R-SS-140_200624.pdf
351700,Getulina,2024,Res SS 140/2024,2024-06-20,3,fixo,68910.0,E_R-SS-140_200624.pdf
351700,Getulina,2024,Res SS 140/2024,2024-06-20,3,variavel,37142.49,E_R-SS-140_200624.pdf
351700,Getulina,2025,Res SS 13/2025,2025-01-24,1,fixo,57425.0,E_R-SS-13_240125.pdf
351700,Getulina,2025,Res SS 97/2025,2025-05-30,2,fixo,57425.0,E_R-SS-97_300525.pdf
351700,Getulina,2025,Res SS 180/2025,2025-10-08,1+2,variavel,93028.5,E_RS-SS-180_081025.pdf
351700,Getulina,2025,Res SS 230/2025,2025-12-09,2,ajuste,9073.15,E_RS-SS-230_091225.pdf
351700,Getulina,2025,Res SS 230/2025,2025-12-09,2025,bonus,0.0,E_RS-SS-230_091225.pdf
351700,Getulina,2025,Res SS 230/2025,2025-12-09,3,fixo,57425.0,E_RS-SS-230_091225.pdf
351700,Getulina,2025,Res SS 230/2025,2025-12-09,3,variavel,37326.25,E_RS-SS-230_091225.pdf
351700,Getulina,2026,Res SS 111/2026,2026-06-09,1,fixo,57425.0,E_RS-SS-111_090626.pdf
351700,Getulina,2026,Res SS 111/2026,2026-06-09,1,variavel,47375.63,E_RS-SS-111_090626.pdf
351700,Getulina,2026,Res SS 185/2026,2026-09-08,2,fixo,57425.0,E_RS-SS-185_080926.pdf
351700,Getulina,2026,Res SS 185/2026,2026-09-08,2,variavel,43643.0,E_RS-SS-185_080926.pdf
351710,Glicério,2024,Res SS 18/2024,2024-02-08,1,fixo,33894.0,E_R-SS-18_080224.pdf
351710,Glicério,2024,Res SS 140/2024,2024-06-20,2,fixo,33894.0,E_R-SS-140_200624.pdf
351710,Glicério,2024,Res SS 140/2024,2024-06-20,2,variavel,17336.78,E_R-SS-140_200624.pdf
351710,Glicério,2024,Res SS 140/2024,2024-06-20,3,fixo,33894.0,E_R-SS-140_200624.pdf
351710,Glicério,2024,Res SS 140/2024,2024-06-20,3,variavel,17336.78,E_R-SS-140_200624.pdf
351710,Glicério,2025,Res SS 13/2025,2025-01-24,1,fixo,28245.0,E_R-SS-13_240125.pdf
351710,Glicério,2025,Res SS 97/2025,2025-05-30,2,fixo,28245.0,E_R-SS-97_300525.pdf
351710,Glicério,2025,Res SS 180/2025,2025-10-08,1+2,variavel,20336.4,E_RS-SS-180_081025.pdf
351710,Glicério,2025,Res SS 230/2025,2025-12-09,2,ajuste,10337.67,E_RS-SS-230_091225.pdf
351710,Glicério,2025,Res SS 230/2025,2025-12-09,2025,bonus,0.0,E_RS-SS-230_091225.pdf
351710,Glicério,2025,Res SS 230/2025,2025-12-09,3,fixo,28245.0,E_RS-SS-230_091225.pdf
351710,Glicério,2025,Res SS 230/2025,2025-12-09,3,variavel,24008.25,E_RS-SS-230_091225.pdf
351710,Glicério,2026,Res SS 111/2026,2026-06-09,1,fixo,28245.0,E_RS-SS-111_090626.pdf
351710,Glicério,2026,Res SS 111/2026,2026-06-09,1,variavel,17935.58,E_RS-SS-111_090626.pdf
351710,Glicério,2026,Res SS 185/2026,2026-09-08,2,fixo,28245.0,E_RS-SS-185_080926.pdf
351710,Glicério,2026,Res SS 185/2026,2026-09-08,2,variavel,12427.8,E_RS-SS-185_080926.pdf
351720,Guaiçara,2024,Res SS 18/2024,2024-02-08,1,fixo,74496.0,E_R-SS-18_080224.pdf
351720,Guaiçara,2024,Res SS 140/2024,2024-06-20,2,fixo,74496.0,E_R-SS-140_200624.pdf
351720,Guaiçara,2024,Res SS 140/2024,2024-06-20,2,variavel,46982.14,E_R-SS-140_200624.pdf
351720,Guaiçara,2024,Res SS 140/2024,2024-06-20,3,fixo,74496.0,E_R-SS-140_200624.pdf
351720,Guaiçara,2024,Res SS 140/2024,2024-06-20,3,variavel,46982.14,E_R-SS-140_200624.pdf
351720,Guaiçara,2025,Res SS 13/2025,2025-01-24,1,fixo,62080.0,E_R-SS-13_240125.pdf
351720,Guaiçara,2025,Res SS 97/2025,2025-05-30,2,fixo,62080.0,E_R-SS-97_300525.pdf
351720,Guaiçara,2025,Res SS 180/2025,2025-10-08,1+2,variavel,89395.2,E_RS-SS-180_081025.pdf
351720,Guaiçara,2025,Res SS 230/2025,2025-12-09,2,ajuste,14030.08,E_RS-SS-230_091225.pdf
351720,Guaiçara,2025,Res SS 230/2025,2025-12-09,2025,bonus,0.0,E_RS-SS-230_091225.pdf
351720,Guaiçara,2025,Res SS 230/2025,2025-12-09,3,fixo,62080.0,E_RS-SS-230_091225.pdf
351720,Guaiçara,2025,Res SS 230/2025,2025-12-09,3,variavel,38334.4,E_RS-SS-230_091225.pdf
351720,Guaiçara,2026,Res SS 111/2026,2026-06-09,1,fixo,62080.0,E_RS-SS-111_090626.pdf
351720,Guaiçara,2026,Res SS 111/2026,2026-06-09,1,variavel,60838.4,E_RS-SS-111_090626.pdf
351720,Guaiçara,2026,Res SS 185/2026,2026-09-08,2,fixo,62080.0,E_RS-SS-185_080926.pdf
351720,Guaiçara,2026,Res SS 185/2026,2026-09-08,2,variavel,60838.4,E_RS-SS-185_080926.pdf
351730,Guaimbê,2024,Res SS 18/2024,2024-02-08,1,fixo,46448.0,E_R-SS-18_080224.pdf
351730,Guaimbê,2024,Res SS 140/2024,2024-06-20,2,fixo,46448.0,E_R-SS-140_200624.pdf
351730,Guaimbê,2024,Res SS 140/2024,2024-06-20,2,variavel,27930.73,E_R-SS-140_200624.pdf
351730,Guaimbê,2024,Res SS 140/2024,2024-06-20,3,fixo,46448.0,E_R-SS-140_200624.pdf
351730,Guaimbê,2024,Res SS 140/2024,2024-06-20,3,variavel,27930.73,E_R-SS-140_200624.pdf
351730,Guaimbê,2025,Res SS 13/2025,2025-01-24,1,fixo,38706.67,E_R-SS-13_240125.pdf
351730,Guaimbê,2025,Res SS 97/2025,2025-05-30,2,fixo,38706.67,E_R-SS-97_300525.pdf
351730,Guaimbê,2025,Res SS 180/2025,2025-10-08,1+2,variavel,44125.6,E_RS-SS-180_081025.pdf
351730,Guaimbê,2025,Res SS 230/2025,2025-12-09,2,ajuste,0.0,E_RS-SS-230_091225.pdf
351730,Guaimbê,2025,Res SS 230/2025,2025-12-09,2025,bonus,0.0,E_RS-SS-230_091225.pdf
351730,Guaimbê,2025,Res SS 230/2025,2025-12-09,3,fixo,38706.67,E_RS-SS-230_091225.pdf
351730,Guaimbê,2025,Res SS 230/2025,2025-12-09,3,variavel,31158.87,E_RS-SS-230_091225.pdf
351730,Guaimbê,2026,Res SS 111/2026,2026-06-09,1,fixo,38706.67,E_RS-SS-111_090626.pdf
351730,Guaimbê,2026,Res SS 111/2026,2026-06-09,1,variavel,34448.93,E_RS-SS-111_090626.pdf
351730,Guaimbê,2026,Res SS 185/2026,2026-09-08,2,fixo,38706.67,E_RS-SS-185_080926.pdf
351730,Guaimbê,2026,Res SS 185/2026,2026-09-08,2,variavel,24385.2,E_RS-SS-185_080926.pdf
351740,Guaíra,2024,Res SS 18/2024,2024-02-08,1,fixo,123849.0,E_R-SS-18_080224.pdf
351740,Guaíra,2024,Res SS 140/2024,2024-06-20,2,fixo,123849.0,E_R-SS-140_200624.pdf
351740,Guaíra,2024,Res SS 140/2024,2024-06-20,2,variavel,79923.89,E_R-SS-140_200624.pdf
351740,Guaíra,2024,Res SS 140/2024,2024-06-20,3,fixo,123849.0,E_R-SS-140_200624.pdf
351740,Guaíra,2024,Res SS 140/2024,2024-06-20,3,variavel,79923.89,E_R-SS-140_200624.pdf
351740,Guaíra,2025,Res SS 13/2025,2025-01-24,1,fixo,103207.5,E_R-SS-13_240125.pdf
351740,Guaíra,2025,Res SS 97/2025,2025-05-30,2,fixo,103207.5,E_R-SS-97_300525.pdf
351740,Guaíra,2025,Res SS 180/2025,2025-10-08,1+2,variavel,167196.15,E_RS-SS-180_081025.pdf
351740,Guaíra,2025,Res SS 230/2025,2025-12-09,2,ajuste,11765.66,E_RS-SS-230_091225.pdf
351740,Guaíra,2025,Res SS 230/2025,2025-12-09,2025,bonus,0.0,E_RS-SS-230_091225.pdf
351740,Guaíra,2025,Res SS 230/2025,2025-12-09,3,fixo,103207.5,E_RS-SS-230_091225.pdf
351740,Guaíra,2025,Res SS 230/2025,2025-12-09,3,variavel,93918.83,E_RS-SS-230_091225.pdf
351740,Guaíra,2026,Res SS 111/2026,2026-06-09,1,fixo,103207.5,E_RS-SS-111_090626.pdf
351740,Guaíra,2026,Res SS 111/2026,2026-06-09,1,variavel,103207.5,E_RS-SS-111_090626.pdf
351740,Guaíra,2026,Res SS 185/2026,2026-09-08,2,fixo,103207.5,E_RS-SS-185_080926.pdf
351740,Guaíra,2026,Res SS 185/2026,2026-09-08,2,variavel,103207.5,E_RS-SS-185_080926.pdf
351750,Guapiaçu,2024,Res SS 18/2024,2024-02-08,1,fixo,132522.0,E_R-SS-18_080224.pdf
351750,Guapiaçu,2024,Res SS 140/2024,2024-06-20,2,fixo,132522.0,E_R-SS-140_200624.pdf
351750,Guapiaçu,2024,Res SS 140/2024,2024-06-20,2,variavel,74874.93,E_R-SS-140_200624.pdf
351750,Guapiaçu,2024,Res SS 140/2024,2024-06-20,3,fixo,132522.0,E_R-SS-140_200624.pdf
351750,Guapiaçu,2024,Res SS 140/2024,2024-06-20,3,variavel,74874.93,E_R-SS-140_200624.pdf
351750,Guapiaçu,2025,Res SS 13/2025,2025-01-24,1,fixo,110435.0,E_R-SS-13_240125.pdf
351750,Guapiaçu,2025,Res SS 97/2025,2025-05-30,2,fixo,110435.0,E_R-SS-97_300525.pdf
351750,Guapiaçu,2025,Res SS 180/2025,2025-10-08,1+2,variavel,165652.5,E_RS-SS-180_081025.pdf
351750,Guapiaçu,2025,Res SS 230/2025,2025-12-09,2,ajuste,0.0,E_RS-SS-230_091225.pdf
351750,Guapiaçu,2025,Res SS 230/2025,2025-12-09,2025,bonus,0.0,E_RS-SS-230_091225.pdf
351750,Guapiaçu,2025,Res SS 230/2025,2025-12-09,3,fixo,110435.0,E_RS-SS-230_091225.pdf
351750,Guapiaçu,2025,Res SS 230/2025,2025-12-09,3,variavel,89452.35,E_RS-SS-230_091225.pdf
351750,Guapiaçu,2026,Res SS 111/2026,2026-06-09,1,fixo,110435.0,E_RS-SS-111_090626.pdf
351750,Guapiaçu,2026,Res SS 111/2026,2026-06-09,1,variavel,50800.1,E_RS-SS-111_090626.pdf
351750,Guapiaçu,2026,Res SS 185/2026,2026-09-08,2,fixo,110435.0,E_RS-SS-185_080926.pdf
351750,Guapiaçu,2026,Res SS 185/2026,2026-09-08,2,variavel,50800.1,E_RS-SS-185_080926.pdf
351760,Guapiara,2024,Res SS 18/2024,2024-02-08,1,fixo,135168.0,E_R-SS-18_080224.pdf
351760,Guapiara,2024,Res SS 140/2024,2024-06-20,2,fixo,135168.0,E_R-SS-140_200624.pdf
351760,Guapiara,2024,Res SS 140/2024,2024-06-20,2,variavel,81281.02,E_R-SS-140_200624.pdf
351760,Guapiara,2024,Res SS 140/2024,2024-06-20,3,fixo,135168.0,E_R-SS-140_200624.pdf
351760,Guapiara,2024,Res SS 140/2024,2024-06-20,3,variavel,81281.02,E_R-SS-140_200624.pdf
351760,Guapiara,2025,Res SS 13/2025,2025-01-24,1,fixo,112640.0,E_R-SS-13_240125.pdf
351760,Guapiara,2025,Res SS 97/2025,2025-05-30,2,fixo,112640.0,E_R-SS-97_300525.pdf
351760,Guapiara,2025,Res SS 180/2025,2025-10-08,1+2,variavel,193740.8,E_RS-SS-180_081025.pdf
351760,Guapiara,2025,Res SS 230/2025,2025-12-09,2,ajuste,0.0,E_RS-SS-230_091225.pdf
351760,Guapiara,2025,Res SS 230/2025,2025-12-09,2025,bonus,0.0,E_RS-SS-230_091225.pdf
351760,Guapiara,2025,Res SS 230/2025,2025-12-09,3,fixo,112640.0,E_RS-SS-230_091225.pdf
351760,Guapiara,2025,Res SS 230/2025,2025-12-09,3,variavel,112640.0,E_RS-SS-230_091225.pdf
351760,Guapiara,2026,Res SS 111/2026,2026-06-09,1,fixo,112640.0,E_RS-SS-111_090626.pdf
351760,Guapiara,2026,Res SS 111/2026,2026-06-09,1,variavel,90675.2,E_RS-SS-111_090626.pdf
351760,Guapiara,2026,Res SS 185/2026,2026-09-08,2,fixo,112640.0,E_RS-SS-185_080926.pdf
351760,Guapiara,2026,Res SS 185/2026,2026-09-08,2,variavel,54067.2,E_RS-SS-185_080926.pdf
351770,Guará,2024,Res SS 18/2024,2024-02-08,1,fixo,128364.0,E_R-SS-18_080224.pdf
351770,Guará,2024,Res SS 140/2024,2024-06-20,2,fixo,128364.0,E_R-SS-140_200624.pdf
351770,Guará,2024,Res SS 140/2024,2024-06-20,2,variavel,79072.22,E_R-SS-140_200624.pdf
351770,Guará,2024,Res SS 140/2024,2024-06-20,3,fixo,128364.0,E_R-SS-140_200624.pdf
351770,Guará,2024,Res SS 140/2024,2024-06-20,3,variavel,79072.22,E_R-SS-140_200624.pdf
351770,Guará,2025,Res SS 13/2025,2025-01-24,1,fixo,106970.0,E_R-SS-13_240125.pdf
351770,Guará,2025,Res SS 97/2025,2025-05-30,2,fixo,106970.0,E_R-SS-97_300525.pdf
351770,Guará,2025,Res SS 180/2025,2025-10-08,1+2,variavel,145479.2,E_RS-SS-180_081025.pdf
351770,Guará,2025,Res SS 230/2025,2025-12-09,2,ajuste,30807.36,E_RS-SS-230_091225.pdf
351770,Guará,2025,Res SS 230/2025,2025-12-09,2025,bonus,0.0,E_RS-SS-230_091225.pdf
351770,Guará,2025,Res SS 230/2025,2025-12-09,3,fixo,106970.0,E_RS-SS-230_091225.pdf
351770,Guará,2025,Res SS 230/2025,2025-12-09,3,variavel,106970.0,E_RS-SS-230_091225.pdf
351770,Guará,2026,Res SS 111/2026,2026-06-09,1,fixo,106970.0,E_RS-SS-111_090626.pdf
351770,Guará,2026,Res SS 111/2026,2026-06-09,1,variavel,106970.0,E_RS-SS-111_090626.pdf
351770,Guará,2026,Res SS 185/2026,2026-09-08,2,fixo,106970.0,E_RS-SS-185_080926.pdf
351770,Guará,2026,Res SS 185/2026,2026-09-08,2,variavel,100016.95,E_RS-SS-185_080926.pdf
351780,Guaraçaí,2024,Res SS 18/2024,2024-02-08,1,fixo,49548.0,E_R-SS-18_080224.pdf
351780,Guaraçaí,2024,Res SS 140/2024,2024-06-20,2,fixo,49548.0,E_R-SS-140_200624.pdf
351780,Guaraçaí,2024,Res SS 140/2024,2024-06-20,2,variavel,31248.27,E_R-SS-140_200624.pdf
351780,Guaraçaí,2024,Res SS 140/2024,2024-06-20,3,fixo,49548.0,E_R-SS-140_200624.pdf
351780,Guaraçaí,2024,Res SS 140/2024,2024-06-20,3,variavel,31248.27,E_R-SS-140_200624.pdf
351780,Guaraçaí,2025,Res SS 13/2025,2025-01-24,1,fixo,41290.0,E_R-SS-13_240125.pdf
351780,Guaraçaí,2025,Res SS 97/2025,2025-05-30,2,fixo,41290.0,E_R-SS-97_300525.pdf
351780,Guaraçaí,2025,Res SS 180/2025,2025-10-08,1+2,variavel,71844.6,E_RS-SS-180_081025.pdf
351780,Guaraçaí,2025,Res SS 230/2025,2025-12-09,2,ajuste,0.0,E_RS-SS-230_091225.pdf
351780,Guaraçaí,2025,Res SS 230/2025,2025-12-09,2025,bonus,0.0,E_RS-SS-230_091225.pdf
351780,Guaraçaí,2025,Res SS 230/2025,2025-12-09,3,fixo,41290.0,E_RS-SS-230_091225.pdf
351780,Guaraçaí,2025,Res SS 230/2025,2025-12-09,3,variavel,30348.15,E_RS-SS-230_091225.pdf
351780,Guaraçaí,2026,Res SS 111/2026,2026-06-09,1,fixo,41290.0,E_RS-SS-111_090626.pdf
351780,Guaraçaí,2026,Res SS 111/2026,2026-06-09,1,variavel,37780.35,E_RS-SS-111_090626.pdf
351780,Guaraçaí,2026,Res SS 185/2026,2026-09-08,2,fixo,41290.0,E_RS-SS-185_080926.pdf
351780,Guaraçaí,2026,Res SS 185/2026,2026-09-08,2,variavel,21677.25,E_RS-SS-185_080926.pdf
351790,Guaraci,2024,Res SS 18/2024,2024-02-08,1,fixo,68292.0,E_R-SS-18_080224.pdf
351790,Guaraci,2024,Res SS 140/2024,2024-06-20,2,fixo,68292.0,E_R-SS-140_200624.pdf
351790,Guaraci,2024,Res SS 140/2024,2024-06-20,2,variavel,36058.18,E_R-SS-140_200624.pdf
351790,Guaraci,2024,Res SS 140/2024,2024-06-20,3,fixo,68292.0,E_R-SS-140_200624.pdf
351790,Guaraci,2024,Res SS 140/2024,2024-06-20,3,variavel,36058.18,E_R-SS-140_200624.pdf
351790,Guaraci,2025,Res SS 13/2025,2025-01-24,1,fixo,56910.0,E_R-SS-13_240125.pdf
351790,Guaraci,2025,Res SS 97/2025,2025-05-30,2,fixo,56910.0,E_R-SS-97_300525.pdf
351790,Guaraci,2025,Res SS 180/2025,2025-10-08,1+2,variavel,69430.2,E_RS-SS-180_081025.pdf
351790,Guaraci,2025,Res SS 230/2025,2025-12-09,2,ajuste,654.46,E_RS-SS-230_091225.pdf
351790,Guaraci,2025,Res SS 230/2025,2025-12-09,2025,bonus,0.0,E_RS-SS-230_091225.pdf
351790,Guaraci,2025,Res SS 230/2025,2025-12-09,3,fixo,56910.0,E_RS-SS-230_091225.pdf
351790,Guaraci,2025,Res SS 230/2025,2025-12-09,3,variavel,43251.6,E_RS-SS-230_091225.pdf
351790,Guaraci,2026,Res SS 111/2026,2026-06-09,1,fixo,56910.0,E_RS-SS-111_090626.pdf
351790,Guaraci,2026,Res SS 111/2026,2026-06-09,1,variavel,56910.0,E_RS-SS-111_090626.pdf
351790,Guaraci,2026,Res SS 185/2026,2026-09-08,2,fixo,56910.0,E_RS-SS-185_080926.pdf
351790,Guaraci,2026,Res SS 185/2026,2026-09-08,2,variavel,43251.6,E_RS-SS-185_080926.pdf
351800,Guarani D'Oeste,2024,Res SS 18/2024,2024-02-08,1,fixo,13972.0,E_R-SS-18_080224.pdf
351800,Guarani D'Oeste,2024,Res SS 140/2024,2024-06-20,2,fixo,13972.0,E_R-SS-140_200624.pdf
351800,Guarani D'Oeste,2024,Res SS 140/2024,2024-06-20,2,variavel,9314.67,E_R-SS-140_200624.pdf
351800,Guarani D'Oeste,2024,Res SS 140/2024,2024-06-20,3,fixo,13972.0,E_R-SS-140_200624.pdf
351800,Guarani D'Oeste,2024,Res SS 140/2024,2024-06-20,3,variavel,9314.67,E_R-SS-140_200624.pdf
351800,Guarani D'Oeste,2025,Res SS 13/2025,2025-01-24,1,fixo,11643.33,E_R-SS-13_240125.pdf
351800,Guarani D'Oeste,2025,Res SS 97/2025,2025-05-30,2,fixo,11643.33,E_R-SS-97_300525.pdf
351800,Guarani D'Oeste,2025,Res SS 180/2025,2025-10-08,1+2,variavel,23286.67,E_RS-SS-180_081025.pdf
351800,Guarani D'Oeste,2025,Res SS 230/2025,2025-12-09,2,ajuste,0.0,E_RS-SS-230_091225.pdf
351800,Guarani D'Oeste,2025,Res SS 230/2025,2025-12-09,2025,bonus,0.0,E_RS-SS-230_091225.pdf
351800,Guarani D'Oeste,2025,Res SS 230/2025,2025-12-09,3,fixo,11643.33,E_RS-SS-230_091225.pdf
351800,Guarani D'Oeste,2025,Res SS 230/2025,2025-12-09,3,variavel,11643.33,E_RS-SS-230_091225.pdf
351800,Guarani D'Oeste,2026,Res SS 111/2026,2026-06-09,1,fixo,11643.33,E_RS-SS-111_090626.pdf
351800,Guarani D'Oeste,2026,Res SS 111/2026,2026-06-09,1,variavel,6112.75,E_RS-SS-111_090626.pdf
351800,Guarani D'Oeste,2026,Res SS 185/2026,2026-09-08,2,fixo,11643.33,E_RS-SS-185_080926.pdf
351800,Guarani D'Oeste,2026,Res SS 185/2026,2026-09-08,2,variavel,6869.57,E_RS-SS-185_080926.pdf
351810,Guarantã,2024,Res SS 18/2024,2024-02-08,1,fixo,46795.0,E_R-SS-18_080224.pdf
351810,Guarantã,2024,Res SS 140/2024,2024-06-20,2,fixo,46795.0,E_R-SS-140_200624.pdf
351810,Guarantã,2024,Res SS 140/2024,2024-06-20,2,variavel,28825.72,E_R-SS-140_200624.pdf
351810,Guarantã,2024,Res SS 140/2024,2024-06-20,3,fixo,46795.0,E_R-SS-140_200624.pdf
351810,Guarantã,2024,Res SS 140/2024,2024-06-20,3,variavel,28825.72,E_R-SS-140_200624.pdf
351810,Guarantã,2025,Res SS 13/2025,2025-01-24,1,fixo,38995.83,E_R-SS-13_240125.pdf
351810,Guarantã,2025,Res SS 97/2025,2025-05-30,2,fixo,38995.83,E_R-SS-97_300525.pdf
351810,Guarantã,2025,Res SS 180/2025,2025-10-08,1+2,variavel,32756.5,E_RS-SS-180_081025.pdf
351810,Guarantã,2025,Res SS 230/2025,2025-12-09,2,ajuste,20511.81,E_RS-SS-230_091225.pdf
351810,Guarantã,2025,Res SS 230/2025,2025-12-09,2025,bonus,0.0,E_RS-SS-230_091225.pdf
351810,Guarantã,2025,Res SS 230/2025,2025-12-09,3,fixo,38995.83,E_RS-SS-230_091225.pdf
351810,Guarantã,2025,Res SS 230/2025,2025-12-09,3,variavel,32756.5,E_RS-SS-230_091225.pdf
351810,Guarantã,2026,Res SS 111/2026,2026-06-09,1,fixo,38995.83,E_RS-SS-111_090626.pdf
351810,Guarantã,2026,Res SS 111/2026,2026-06-09,1,variavel,35876.17,E_RS-SS-111_090626.pdf
351810,Guarantã,2026,Res SS 185/2026,2026-09-08,2,fixo,38995.83,E_RS-SS-185_080926.pdf
351810,Guarantã,2026,Res SS 185/2026,2026-09-08,2,variavel,35876.17,E_RS-SS-185_080926.pdf
351820,Guararapes,2024,Res SS 18/2024,2024-02-08,1,fixo,99771.0,E_R-SS-18_080224.pdf
351820,Guararapes,2024,Res SS 140/2024,2024-06-20,2,fixo,99771.0,E_R-SS-140_200624.pdf
351820,Guararapes,2024,Res SS 140/2024,2024-06-20,2,variavel,59995.63,E_R-SS-140_200624.pdf
351820,Guararapes,2024,Res SS 140/2024,2024-06-20,3,fixo,99771.0,E_R-SS-140_200624.pdf
351820,Guararapes,2024,Res SS 140/2024,2024-06-20,3,variavel,59995.63,E_R-SS-140_200624.pdf
351820,Guararapes,2025,Res SS 13/2025,2025-01-24,1,fixo,83142.5,E_R-SS-13_240125.pdf
351820,Guararapes,2025,Res SS 97/2025,2025-05-30,2,fixo,83142.5,E_R-SS-97_300525.pdf
351820,Guararapes,2025,Res SS 180/2025,2025-10-08,1+2,variavel,49885.5,E_RS-SS-180_081025.pdf
351820,Guararapes,2025,Res SS 230/2025,2025-12-09,2,ajuste,48222.65,E_RS-SS-230_091225.pdf
351820,Guararapes,2025,Res SS 230/2025,2025-12-09,2025,bonus,0.0,E_RS-SS-230_091225.pdf
351820,Guararapes,2025,Res SS 230/2025,2025-12-09,3,fixo,83142.5,E_RS-SS-230_091225.pdf
351820,Guararapes,2025,Res SS 230/2025,2025-12-09,3,variavel,41571.25,E_RS-SS-230_091225.pdf
351820,Guararapes,2026,Res SS 111/2026,2026-06-09,1,fixo,83142.5,E_RS-SS-111_090626.pdf
351820,Guararapes,2026,Res SS 111/2026,2026-06-09,1,variavel,34919.85,E_RS-SS-111_090626.pdf
351820,Guararapes,2026,Res SS 185/2026,2026-09-08,2,fixo,83142.5,E_RS-SS-185_080926.pdf
351820,Guararapes,2026,Res SS 185/2026,2026-09-08,2,variavel,67345.43,E_RS-SS-185_080926.pdf
351830,Guararema,2024,Res SS 18/2024,2024-02-08,1,fixo,91395.0,E_R-SS-18_080224.pdf
351830,Guararema,2024,Res SS 140/2024,2024-06-20,2,fixo,91395.0,E_R-SS-140_200624.pdf
351830,Guararema,2024,Res SS 140/2024,2024-06-20,2,variavel,54958.86,E_R-SS-140_200624.pdf
351830,Guararema,2024,Res SS 140/2024,2024-06-20,3,fixo,91395.0,E_R-SS-140_200624.pdf
351830,Guararema,2024,Res SS 140/2024,2024-06-20,3,variavel,54958.86,E_R-SS-140_200624.pdf
351830,Guararema,2025,Res SS 13/2025,2025-01-24,1,fixo,76162.5,E_R-SS-13_240125.pdf
351830,Guararema,2025,Res SS 97/2025,2025-05-30,2,fixo,76162.5,E_R-SS-97_300525.pdf
351830,Guararema,2025,Res SS 180/2025,2025-10-08,1+2,variavel,86825.25,E_RS-SS-180_081025.pdf
351830,Guararema,2025,Res SS 230/2025,2025-12-09,2,ajuste,0.0,E_RS-SS-230_091225.pdf
351830,Guararema,2025,Res SS 230/2025,2025-12-09,2025,bonus,0.0,E_RS-SS-230_091225.pdf
351830,Guararema,2025,Res SS 230/2025,2025-12-09,3,fixo,76162.5,E_RS-SS-230_091225.pdf
351830,Guararema,2025,Res SS 230/2025,2025-12-09,3,variavel,75781.69,E_RS-SS-230_091225.pdf
351830,Guararema,2026,Res SS 111/2026,2026-06-09,1,fixo,76162.5,E_RS-SS-111_090626.pdf
351830,Guararema,2026,Res SS 111/2026,2026-06-09,1,variavel,69688.69,E_RS-SS-111_090626.pdf
351830,Guararema,2026,Res SS 185/2026,2026-09-08,2,fixo,76162.5,E_RS-SS-185_080926.pdf
351830,Guararema,2026,Res SS 185/2026,2026-09-08,2,variavel,35034.75,E_RS-SS-185_080926.pdf
351840,Guaratinguetá,2024,Res SS 18/2024,2024-02-08,1,fixo,369576.0,E_R-SS-18_080224.pdf
351840,Guaratinguetá,2024,Res SS 140/2024,2024-06-20,2,fixo,369576.0,E_R-SS-140_200624.pdf
351840,Guaratinguetá,2024,Res SS 140/2024,2024-06-20,2,variavel,152758.08,E_R-SS-140_200624.pdf
351840,Guaratinguetá,2024,Res SS 140/2024,2024-06-20,3,fixo,369576.0,E_R-SS-140_200624.pdf
351840,Guaratinguetá,2024,Res SS 140/2024,2024-06-20,3,variavel,152758.08,E_R-SS-140_200624.pdf
351840,Guaratinguetá,2025,Res SS 13/2025,2025-01-24,1,fixo,307980.0,E_R-SS-13_240125.pdf
351840,Guaratinguetá,2025,Res SS 97/2025,2025-05-30,2,fixo,307980.0,E_R-SS-97_300525.pdf
351840,Guaratinguetá,2025,Res SS 180/2025,2025-10-08,1+2,variavel,184788.0,E_RS-SS-180_081025.pdf
351840,Guaratinguetá,2025,Res SS 230/2025,2025-12-09,2,ajuste,88852.23,E_RS-SS-230_091225.pdf
351840,Guaratinguetá,2025,Res SS 230/2025,2025-12-09,2025,bonus,0.0,E_RS-SS-230_091225.pdf
351840,Guaratinguetá,2025,Res SS 230/2025,2025-12-09,3,fixo,307980.0,E_RS-SS-230_091225.pdf
351840,Guaratinguetá,2025,Res SS 230/2025,2025-12-09,3,variavel,143210.7,E_RS-SS-230_091225.pdf
351840,Guaratinguetá,2026,Res SS 111/2026,2026-06-09,1,fixo,307980.0,E_RS-SS-111_090626.pdf
351840,Guaratinguetá,2026,Res SS 111/2026,2026-06-09,1,variavel,221745.6,E_RS-SS-111_090626.pdf
351840,Guaratinguetá,2026,Res SS 185/2026,2026-09-08,2,fixo,307980.0,E_RS-SS-185_080926.pdf
351840,Guaratinguetá,2026,Res SS 185/2026,2026-09-08,2,variavel,249463.8,E_RS-SS-185_080926.pdf
351850,Guareí,2024,Res SS 18/2024,2024-02-08,1,fixo,115464.0,E_R-SS-18_080224.pdf
351850,Guareí,2024,Res SS 140/2024,2024-06-20,2,fixo,115464.0,E_R-SS-140_200624.pdf
351850,Guareí,2024,Res SS 140/2024,2024-06-20,2,variavel,65622.04,E_R-SS-140_200624.pdf
351850,Guareí,2024,Res SS 140/2024,2024-06-20,3,fixo,115464.0,E_R-SS-140_200624.pdf
351850,Guareí,2024,Res SS 140/2024,2024-06-20,3,variavel,65622.04,E_R-SS-140_200624.pdf
351850,Guareí,2025,Res SS 13/2025,2025-01-24,1,fixo,96220.0,E_R-SS-13_240125.pdf
351850,Guareí,2025,Res SS 97/2025,2025-05-30,2,fixo,96220.0,E_R-SS-97_300525.pdf
351850,Guareí,2025,Res SS 180/2025,2025-10-08,1+2,variavel,184742.4,E_RS-SS-180_081025.pdf
351850,Guareí,2025,Res SS 230/2025,2025-12-09,2,ajuste,3848.8,E_RS-SS-230_091225.pdf
351850,Guareí,2025,Res SS 230/2025,2025-12-09,2025,bonus,288660.0,E_RS-SS-230_091225.pdf
351850,Guareí,2025,Res SS 230/2025,2025-12-09,3,fixo,96220.0,E_RS-SS-230_091225.pdf
351850,Guareí,2025,Res SS 230/2025,2025-12-09,3,variavel,96220.0,E_RS-SS-230_091225.pdf
351850,Guareí,2026,Res SS 111/2026,2026-06-09,1,fixo,96220.0,E_RS-SS-111_090626.pdf
351850,Guareí,2026,Res SS 111/2026,2026-06-09,1,variavel,89484.6,E_RS-SS-111_090626.pdf
351850,Guareí,2026,Res SS 185/2026,2026-09-08,2,fixo,96220.0,E_RS-SS-185_080926.pdf
351850,Guareí,2026,Res SS 185/2026,2026-09-08,2,variavel,89484.6,E_RS-SS-185_080926.pdf
351860,Guariba,2024,Res SS 18/2024,2024-02-08,1,fixo,122571.0,E_R-SS-18_080224.pdf
351860,Guariba,2024,Res SS 140/2024,2024-06-20,2,fixo,122571.0,E_R-SS-140_200624.pdf
351860,Guariba,2024,Res SS 140/2024,2024-06-20,2,variavel,81714.0,E_R-SS-140_200624.pdf
351860,Guariba,2024,Res SS 140/2024,2024-06-20,3,fixo,122571.0,E_R-SS-140_200624.pdf
351860,Guariba,2024,Res SS 140/2024,2024-06-20,3,variavel,81714.0,E_R-SS-140_200624.pdf
351860,Guariba,2025,Res SS 13/2025,2025-01-24,1,fixo,102142.5,E_R-SS-13_240125.pdf
351860,Guariba,2025,Res SS 97/2025,2025-05-30,2,fixo,102142.5,E_R-SS-97_300525.pdf
351860,Guariba,2025,Res SS 180/2025,2025-10-08,1+2,variavel,177727.95,E_RS-SS-180_081025.pdf
351860,Guariba,2025,Res SS 230/2025,2025-12-09,2,ajuste,0.0,E_RS-SS-230_091225.pdf
351860,Guariba,2025,Res SS 230/2025,2025-12-09,2025,bonus,0.0,E_RS-SS-230_091225.pdf
351860,Guariba,2025,Res SS 230/2025,2025-12-09,3,fixo,102142.5,E_RS-SS-230_091225.pdf
351860,Guariba,2025,Res SS 230/2025,2025-12-09,3,variavel,102142.5,E_RS-SS-230_091225.pdf
351860,Guariba,2026,Res SS 111/2026,2026-06-09,1,fixo,102142.5,E_RS-SS-111_090626.pdf
351860,Guariba,2026,Res SS 111/2026,2026-06-09,1,variavel,98056.8,E_RS-SS-111_090626.pdf
351860,Guariba,2026,Res SS 185/2026,2026-09-08,2,fixo,102142.5,E_RS-SS-185_080926.pdf
351860,Guariba,2026,Res SS 185/2026,2026-09-08,2,variavel,58221.23,E_RS-SS-185_080926.pdf
351870,Guarujá,2024,Res SS 18/2024,2024-02-08,1,fixo,974931.0,E_R-SS-18_080224.pdf
351870,Guarujá,2024,Res SS 140/2024,2024-06-20,2,fixo,974931.0,E_R-SS-140_200624.pdf
351870,Guarujá,2024,Res SS 140/2024,2024-06-20,2,variavel,493965.04,E_R-SS-140_200624.pdf
351870,Guarujá,2024,Res SS 140/2024,2024-06-20,3,fixo,974931.0,E_R-SS-140_200624.pdf
351870,Guarujá,2024,Res SS 140/2024,2024-06-20,3,variavel,493965.04,E_R-SS-140_200624.pdf
351870,Guarujá,2025,Res SS 13/2025,2025-01-24,1,fixo,812442.5,E_R-SS-13_240125.pdf
351870,Guarujá,2025,Res SS 97/2025,2025-05-30,2,fixo,812442.5,E_R-SS-97_300525.pdf
351870,Guarujá,2025,Res SS 180/2025,2025-10-08,1+2,variavel,666202.85,E_RS-SS-180_081025.pdf
351870,Guarujá,2025,Res SS 230/2025,2025-12-09,2,ajuste,52808.76,E_RS-SS-230_091225.pdf
351870,Guarujá,2025,Res SS 230/2025,2025-12-09,2025,bonus,0.0,E_RS-SS-230_091225.pdf
351870,Guarujá,2025,Res SS 230/2025,2025-12-09,3,fixo,812442.5,E_RS-SS-230_091225.pdf
351870,Guarujá,2025,Res SS 230/2025,2025-12-09,3,variavel,341225.85,E_RS-SS-230_091225.pdf
351870,Guarujá,2026,Res SS 111/2026,2026-06-09,1,fixo,812442.5,E_RS-SS-111_090626.pdf
351870,Guarujá,2026,Res SS 111/2026,2026-06-09,1,variavel,308728.15,E_RS-SS-111_090626.pdf
351870,Guarujá,2026,Res SS 185/2026,2026-09-08,2,fixo,812442.5,E_RS-SS-185_080926.pdf
351870,Guarujá,2026,Res SS 185/2026,2026-09-08,2,variavel,361536.91,E_RS-SS-185_080926.pdf
351880,Guarulhos,2024,Res SS 18/2024,2024-02-08,1,fixo,4214082.0,E_R-SS-18_080224.pdf
351880,Guarulhos,2024,Res SS 140/2024,2024-06-20,2,fixo,4214082.0,E_R-SS-140_200624.pdf
351880,Guarulhos,2024,Res SS 140/2024,2024-06-20,2,variavel,2268580.81,E_R-SS-140_200624.pdf
351880,Guarulhos,2024,Res SS 140/2024,2024-06-20,3,fixo,4214082.0,E_R-SS-140_200624.pdf
351880,Guarulhos,2024,Res SS 140/2024,2024-06-20,3,variavel,2268580.81,E_R-SS-140_200624.pdf
351880,Guarulhos,2025,Res SS 13/2025,2025-01-24,1,fixo,3511735.0,E_R-SS-13_240125.pdf
351880,Guarulhos,2025,Res SS 97/2025,2025-05-30,2,fixo,3511735.0,E_R-SS-97_300525.pdf
351880,Guarulhos,2025,Res SS 180/2025,2025-10-08,1+2,variavel,2247510.4,E_RS-SS-180_081025.pdf
351880,Guarulhos,2025,Res SS 230/2025,2025-12-09,2,ajuste,1474928.7,E_RS-SS-230_091225.pdf
351880,Guarulhos,2025,Res SS 230/2025,2025-12-09,2025,bonus,0.0,E_RS-SS-230_091225.pdf
351880,Guarulhos,2025,Res SS 230/2025,2025-12-09,3,fixo,3511735.0,E_RS-SS-230_091225.pdf
351880,Guarulhos,2025,Res SS 230/2025,2025-12-09,3,variavel,2159717.03,E_RS-SS-230_091225.pdf
351880,Guarulhos,2026,Res SS 111/2026,2026-06-09,1,fixo,3511735.0,E_RS-SS-111_090626.pdf
351880,Guarulhos,2026,Res SS 111/2026,2026-06-09,1,variavel,2704035.95,E_RS-SS-111_090626.pdf
351880,Guarulhos,2026,Res SS 185/2026,2026-09-08,2,fixo,3511735.0,E_RS-SS-185_080926.pdf
351880,Guarulhos,2026,Res SS 185/2026,2026-09-08,2,variavel,1676853.46,E_RS-SS-185_080926.pdf
351885,Guatapará,2024,Res SS 18/2024,2024-02-08,1,fixo,54320.0,E_R-SS-18_080224.pdf
351885,Guatapará,2024,Res SS 140/2024,2024-06-20,2,fixo,54320.0,E_R-SS-140_200624.pdf
351885,Guatapará,2024,Res SS 140/2024,2024-06-20,2,variavel,34058.64,E_R-SS-140_200624.pdf
351885,Guatapará,2024,Res SS 140/2024,2024-06-20,3,fixo,54320.0,E_R-SS-140_200624.pdf
351885,Guatapará,2024,Res SS 140/2024,2024-06-20,3,variavel,34058.64,E_R-SS-140_200624.pdf
351885,Guatapará,2025,Res SS 13/2025,2025-01-24,1,fixo,45266.67,E_R-SS-13_240125.pdf
351885,Guatapará,2025,Res SS 97/2025,2025-05-30,2,fixo,45266.67,E_R-SS-97_300525.pdf
351885,Guatapará,2025,Res SS 180/2025,2025-10-08,1+2,variavel,57036.0,E_RS-SS-180_081025.pdf
351885,Guatapará,2025,Res SS 230/2025,2025-12-09,2,ajuste,15300.13,E_RS-SS-230_091225.pdf
351885,Guatapará,2025,Res SS 230/2025,2025-12-09,2025,bonus,0.0,E_RS-SS-230_091225.pdf
351885,Guatapará,2025,Res SS 230/2025,2025-12-09,3,fixo,45266.67,E_RS-SS-230_091225.pdf
351885,Guatapará,2025,Res SS 230/2025,2025-12-09,3,variavel,45266.67,E_RS-SS-230_091225.pdf
351885,Guatapará,2026,Res SS 111/2026,2026-06-09,1,fixo,45266.67,E_RS-SS-111_090626.pdf
351885,Guatapará,2026,Res SS 111/2026,2026-06-09,1,variavel,39155.67,E_RS-SS-111_090626.pdf
351885,Guatapará,2026,Res SS 185/2026,2026-09-08,2,fixo,45266.67,E_RS-SS-185_080926.pdf
351885,Guatapará,2026,Res SS 185/2026,2026-09-08,2,variavel,36213.33,E_RS-SS-185_080926.pdf
351890,Guzolândia,2024,Res SS 18/2024,2024-02-08,1,fixo,32076.0,E_R-SS-18_080224.pdf
351890,Guzolândia,2024,Res SS 140/2024,2024-06-20,2,fixo,32076.0,E_R-SS-140_200624.pdf
351890,Guzolândia,2024,Res SS 140/2024,2024-06-20,2,variavel,13054.93,E_R-SS-140_200624.pdf
351890,Guzolândia,2024,Res SS 140/2024,2024-06-20,3,fixo,32076.0,E_R-SS-140_200624.pdf
351890,Guzolândia,2024,Res SS 140/2024,2024-06-20,3,variavel,13054.93,E_R-SS-140_200624.pdf
351890,Guzolândia,2025,Res SS 13/2025,2025-01-24,1,fixo,26730.0,E_R-SS-13_240125.pdf
351890,Guzolândia,2025,Res SS 97/2025,2025-05-30,2,fixo,26730.0,E_R-SS-97_300525.pdf
351890,Guzolândia,2025,Res SS 180/2025,2025-10-08,1+2,variavel,18176.4,E_RS-SS-180_081025.pdf
351890,Guzolândia,2025,Res SS 230/2025,2025-12-09,2,ajuste,13552.11,E_RS-SS-230_091225.pdf
351890,Guzolândia,2025,Res SS 230/2025,2025-12-09,2025,bonus,0.0,E_RS-SS-230_091225.pdf
351890,Guzolândia,2025,Res SS 230/2025,2025-12-09,3,fixo,26730.0,E_RS-SS-230_091225.pdf
351890,Guzolândia,2025,Res SS 230/2025,2025-12-09,3,variavel,12295.8,E_RS-SS-230_091225.pdf
351890,Guzolândia,2026,Res SS 111/2026,2026-06-09,1,fixo,26730.0,E_RS-SS-111_090626.pdf
351890,Guzolândia,2026,Res SS 111/2026,2026-06-09,1,variavel,15770.7,E_RS-SS-111_090626.pdf
351890,Guzolândia,2026,Res SS 185/2026,2026-09-08,2,fixo,26730.0,E_RS-SS-185_080926.pdf
351890,Guzolândia,2026,Res SS 185/2026,2026-09-08,2,variavel,26195.4,E_RS-SS-185_080926.pdf
351900,Herculândia,2024,Res SS 18/2024,2024-02-08,1,fixo,67543.0,E_R-SS-18_080224.pdf
351900,Herculândia,2024,Res SS 140/2024,2024-06-20,2,fixo,67543.0,E_R-SS-140_200624.pdf
351900,Herculândia,2024,Res SS 140/2024,2024-06-20,2,variavel,26499.37,E_R-SS-140_200624.pdf
351900,Herculândia,2024,Res SS 140/2024,2024-06-20,3,fixo,67543.0,E_R-SS-140_200624.pdf
351900,Herculândia,2024,Res SS 140/2024,2024-06-20,3,variavel,26499.37,E_R-SS-140_200624.pdf
351900,Herculândia,2025,Res SS 13/2025,2025-01-24,1,fixo,56285.83,E_R-SS-13_240125.pdf
351900,Herculândia,2025,Res SS 97/2025,2025-05-30,2,fixo,56285.83,E_R-SS-97_300525.pdf
351900,Herculândia,2025,Res SS 180/2025,2025-10-08,1+2,variavel,78800.17,E_RS-SS-180_081025.pdf
351900,Herculândia,2025,Res SS 230/2025,2025-12-09,2,ajuste,0.0,E_RS-SS-230_091225.pdf
351900,Herculândia,2025,Res SS 230/2025,2025-12-09,2025,bonus,0.0,E_RS-SS-230_091225.pdf
351900,Herculândia,2025,Res SS 230/2025,2025-12-09,3,fixo,56285.83,E_RS-SS-230_091225.pdf
351900,Herculândia,2025,Res SS 230/2025,2025-12-09,3,variavel,55160.12,E_RS-SS-230_091225.pdf
351900,Herculândia,2026,Res SS 111/2026,2026-06-09,1,fixo,56285.83,E_RS-SS-111_090626.pdf
351900,Herculândia,2026,Res SS 111/2026,2026-06-09,1,variavel,30957.21,E_RS-SS-111_090626.pdf
351900,Herculândia,2026,Res SS 185/2026,2026-09-08,2,fixo,56285.83,E_RS-SS-185_080926.pdf
351900,Herculândia,2026,Res SS 185/2026,2026-09-08,2,variavel,23640.05,E_RS-SS-185_080926.pdf
351905,Holambra,2024,Res SS 18/2024,2024-02-08,1,fixo,46815.0,E_R-SS-18_080224.pdf
351905,Holambra,2024,Res SS 140/2024,2024-06-20,2,fixo,46815.0,E_R-SS-140_200624.pdf
351905,Holambra,2024,Res SS 140/2024,2024-06-20,2,variavel,18101.8,E_R-SS-140_200624.pdf
351905,Holambra,2024,Res SS 140/2024,2024-06-20,3,fixo,46815.0,E_R-SS-140_200624.pdf
351905,Holambra,2024,Res SS 140/2024,2024-06-20,3,variavel,18101.8,E_R-SS-140_200624.pdf
351905,Holambra,2025,Res SS 13/2025,2025-01-24,1,fixo,39012.5,E_R-SS-13_240125.pdf
351905,Holambra,2025,Res SS 97/2025,2025-05-30,2,fixo,39012.5,E_R-SS-97_300525.pdf
351905,Holambra,2025,Res SS 180/2025,2025-10-08,1+2,variavel,12484.0,E_RS-SS-180_081025.pdf
351905,Holambra,2025,Res SS 230/2025,2025-12-09,2,ajuste,19720.82,E_RS-SS-230_091225.pdf
351905,Holambra,2025,Res SS 230/2025,2025-12-09,2025,bonus,0.0,E_RS-SS-230_091225.pdf
351905,Holambra,2025,Res SS 230/2025,2025-12-09,3,fixo,39012.5,E_RS-SS-230_091225.pdf
351905,Holambra,2025,Res SS 230/2025,2025-12-09,3,variavel,16580.31,E_RS-SS-230_091225.pdf
351905,Holambra,2026,Res SS 111/2026,2026-06-09,1,fixo,39012.5,E_RS-SS-111_090626.pdf
351905,Holambra,2026,Res SS 111/2026,2026-06-09,1,variavel,29649.5,E_RS-SS-111_090626.pdf
351905,Holambra,2026,Res SS 185/2026,2026-09-08,2,fixo,39012.5,E_RS-SS-185_080926.pdf
351905,Holambra,2026,Res SS 185/2026,2026-09-08,2,variavel,32185.31,E_RS-SS-185_080926.pdf
351907,Hortolândia,2024,Res SS 18/2024,2024-02-08,1,fixo,712710.0,E_R-SS-18_080224.pdf
351907,Hortolândia,2024,Res SS 140/2024,2024-06-20,2,fixo,712710.0,E_R-SS-140_200624.pdf
351907,Hortolândia,2024,Res SS 140/2024,2024-06-20,2,variavel,439029.36,E_R-SS-140_200624.pdf
351907,Hortolândia,2024,Res SS 140/2024,2024-06-20,3,fixo,712710.0,E_R-SS-140_200624.pdf
351907,Hortolândia,2024,Res SS 140/2024,2024-06-20,3,variavel,439029.36,E_R-SS-140_200624.pdf
351907,Hortolândia,2025,Res SS 13/2025,2025-01-24,1,fixo,593925.0,E_R-SS-13_240125.pdf
351907,Hortolândia,2025,Res SS 97/2025,2025-05-30,2,fixo,593925.0,E_R-SS-97_300525.pdf
351907,Hortolândia,2025,Res SS 180/2025,2025-10-08,1+2,variavel,570168.0,E_RS-SS-180_081025.pdf
351907,Hortolândia,2025,Res SS 230/2025,2025-12-09,2,ajuste,154420.5,E_RS-SS-230_091225.pdf
351907,Hortolândia,2025,Res SS 230/2025,2025-12-09,2025,bonus,0.0,E_RS-SS-230_091225.pdf
351907,Hortolândia,2025,Res SS 230/2025,2025-12-09,3,fixo,593925.0,E_RS-SS-230_091225.pdf
351907,Hortolândia,2025,Res SS 230/2025,2025-12-09,3,variavel,350415.75,E_RS-SS-230_091225.pdf
351907,Hortolândia,2026,Res SS 111/2026,2026-06-09,1,fixo,593925.0,E_RS-SS-111_090626.pdf
351907,Hortolândia,2026,Res SS 111/2026,2026-06-09,1,variavel,570168.0,E_RS-SS-111_090626.pdf
351907,Hortolândia,2026,Res SS 185/2026,2026-09-08,2,fixo,593925.0,E_RS-SS-185_080926.pdf
351907,Hortolândia,2026,Res SS 185/2026,2026-09-08,2,variavel,570168.0,E_RS-SS-185_080926.pdf
351910,Iacanga,2024,Res SS 18/2024,2024-02-08,1,fixo,72012.0,E_R-SS-18_080224.pdf
351910,Iacanga,2024,Res SS 140/2024,2024-06-20,2,fixo,72012.0,E_R-SS-140_200624.pdf
351910,Iacanga,2024,Res SS 140/2024,2024-06-20,2,variavel,45415.57,E_R-SS-140_200624.pdf
351910,Iacanga,2024,Res SS 140/2024,2024-06-20,3,fixo,72012.0,E_R-SS-140_200624.pdf
351910,Iacanga,2024,Res SS 140/2024,2024-06-20,3,variavel,45415.57,E_R-SS-140_200624.pdf
351910,Iacanga,2025,Res SS 13/2025,2025-01-24,1,fixo,60010.0,E_R-SS-13_240125.pdf
351910,Iacanga,2025,Res SS 97/2025,2025-05-30,2,fixo,60010.0,E_R-SS-97_300525.pdf
351910,Iacanga,2025,Res SS 180/2025,2025-10-08,1+2,variavel,80413.4,E_RS-SS-180_081025.pdf
351910,Iacanga,2025,Res SS 230/2025,2025-12-09,2,ajuste,19203.2,E_RS-SS-230_091225.pdf
351910,Iacanga,2025,Res SS 230/2025,2025-12-09,2025,bonus,0.0,E_RS-SS-230_091225.pdf
351910,Iacanga,2025,Res SS 230/2025,2025-12-09,3,fixo,60010.0,E_RS-SS-230_091225.pdf
351910,Iacanga,2025,Res SS 230/2025,2025-12-09,3,variavel,48008.0,E_RS-SS-230_091225.pdf
351910,Iacanga,2026,Res SS 111/2026,2026-06-09,1,fixo,60010.0,E_RS-SS-111_090626.pdf
351910,Iacanga,2026,Res SS 111/2026,2026-06-09,1,variavel,58809.8,E_RS-SS-111_090626.pdf
351910,Iacanga,2026,Res SS 185/2026,2026-09-08,2,fixo,60010.0,E_RS-SS-185_080926.pdf
351910,Iacanga,2026,Res SS 185/2026,2026-09-08,2,variavel,27604.6,E_RS-SS-185_080926.pdf
351920,Iacri,2024,Res SS 18/2024,2024-02-08,1,fixo,43883.0,E_R-SS-18_080224.pdf
351920,Iacri,2024,Res SS 140/2024,2024-06-20,2,fixo,43883.0,E_R-SS-140_200624.pdf
351920,Iacri,2024,Res SS 140/2024,2024-06-20,2,variavel,28962.78,E_R-SS-140_200624.pdf
351920,Iacri,2024,Res SS 140/2024,2024-06-20,3,fixo,43883.0,E_R-SS-140_200624.pdf
351920,Iacri,2024,Res SS 140/2024,2024-06-20,3,variavel,28962.78,E_R-SS-140_200624.pdf
351920,Iacri,2025,Res SS 13/2025,2025-01-24,1,fixo,36569.17,E_R-SS-13_240125.pdf
351920,Iacri,2025,Res SS 97/2025,2025-05-30,2,fixo,36569.17,E_R-SS-97_300525.pdf
351920,Iacri,2025,Res SS 180/2025,2025-10-08,1+2,variavel,41688.85,E_RS-SS-180_081025.pdf
351920,Iacri,2025,Res SS 230/2025,2025-12-09,2,ajuste,13750.01,E_RS-SS-230_091225.pdf
351920,Iacri,2025,Res SS 230/2025,2025-12-09,2025,bonus,0.0,E_RS-SS-230_091225.pdf
351920,Iacri,2025,Res SS 230/2025,2025-12-09,3,fixo,36569.17,E_RS-SS-230_091225.pdf
351920,Iacri,2025,Res SS 230/2025,2025-12-09,3,variavel,26329.8,E_RS-SS-230_091225.pdf
351920,Iacri,2026,Res SS 111/2026,2026-06-09,1,fixo,36569.17,E_RS-SS-111_090626.pdf
351920,Iacri,2026,Res SS 111/2026,2026-06-09,1,variavel,30169.56,E_RS-SS-111_090626.pdf
351920,Iacri,2026,Res SS 185/2026,2026-09-08,2,fixo,36569.17,E_RS-SS-185_080926.pdf
351920,Iacri,2026,Res SS 185/2026,2026-09-08,2,variavel,18284.58,E_RS-SS-185_080926.pdf
351925,Iaras,2024,Res SS 18/2024,2024-02-08,1,fixo,68502.0,E_R-SS-18_080224.pdf
351925,Iaras,2024,Res SS 140/2024,2024-06-20,2,fixo,68502.0,E_R-SS-140_200624.pdf
351925,Iaras,2024,Res SS 140/2024,2024-06-20,2,variavel,35038.77,E_R-SS-140_200624.pdf
351925,Iaras,2024,Res SS 140/2024,2024-06-20,3,fixo,68502.0,E_R-SS-140_200624.pdf
351925,Iaras,2024,Res SS 140/2024,2024-06-20,3,variavel,35038.77,E_R-SS-140_200624.pdf
351925,Iaras,2025,Res SS 13/2025,2025-01-24,1,fixo,57085.0,E_R-SS-13_240125.pdf
351925,Iaras,2025,Res SS 97/2025,2025-05-30,2,fixo,57085.0,E_R-SS-97_300525.pdf
351925,Iaras,2025,Res SS 180/2025,2025-10-08,1+2,variavel,52518.2,E_RS-SS-180_081025.pdf
351925,Iaras,2025,Res SS 230/2025,2025-12-09,2,ajuste,16440.48,E_RS-SS-230_091225.pdf
351925,Iaras,2025,Res SS 230/2025,2025-12-09,2025,bonus,0.0,E_RS-SS-230_091225.pdf
351925,Iaras,2025,Res SS 230/2025,2025-12-09,3,fixo,57085.0,E_RS-SS-230_091225.pdf
351925,Iaras,2025,Res SS 230/2025,2025-12-09,3,variavel,39674.08,E_RS-SS-230_091225.pdf
351925,Iaras,2026,Res SS 111/2026,2026-06-09,1,fixo,57085.0,E_RS-SS-111_090626.pdf
351925,Iaras,2026,Res SS 111/2026,2026-06-09,1,variavel,52518.2,E_RS-SS-111_090626.pdf
351925,Iaras,2026,Res SS 185/2026,2026-09-08,2,fixo,57085.0,E_RS-SS-185_080926.pdf
351925,Iaras,2026,Res SS 185/2026,2026-09-08,2,variavel,54801.6,E_RS-SS-185_080926.pdf
351930,Ibaté,2024,Res SS 18/2024,2024-02-08,1,fixo,214980.0,E_R-SS-18_080224.pdf
351930,Ibaté,2024,Res SS 140/2024,2024-06-20,2,fixo,214980.0,E_R-SS-140_200624.pdf
351930,Ibaté,2024,Res SS 140/2024,2024-06-20,2,variavel,126121.6,E_R-SS-140_200624.pdf
351930,Ibaté,2024,Res SS 140/2024,2024-06-20,3,fixo,214980.0,E_R-SS-140_200624.pdf
351930,Ibaté,2024,Res SS 140/2024,2024-06-20,3,variavel,126121.6,E_R-SS-140_200624.pdf
351930,Ibaté,2025,Res SS 13/2025,2025-01-24,1,fixo,179150.0,E_R-SS-13_240125.pdf
351930,Ibaté,2025,Res SS 97/2025,2025-05-30,2,fixo,179150.0,E_R-SS-97_300525.pdf
351930,Ibaté,2025,Res SS 180/2025,2025-10-08,1+2,variavel,171984.0,E_RS-SS-180_081025.pdf
351930,Ibaté,2025,Res SS 230/2025,2025-12-09,2,ajuste,87425.2,E_RS-SS-230_091225.pdf
351930,Ibaté,2025,Res SS 230/2025,2025-12-09,2025,bonus,0.0,E_RS-SS-230_091225.pdf
351930,Ibaté,2025,Res SS 230/2025,2025-12-09,3,fixo,179150.0,E_RS-SS-230_091225.pdf
351930,Ibaté,2025,Res SS 230/2025,2025-12-09,3,variavel,120926.25,E_RS-SS-230_091225.pdf
351930,Ibaté,2026,Res SS 111/2026,2026-06-09,1,fixo,179150.0,E_RS-SS-111_090626.pdf
351930,Ibaté,2026,Res SS 111/2026,2026-06-09,1,variavel,136154.0,E_RS-SS-111_090626.pdf
351930,Ibaté,2026,Res SS 185/2026,2026-09-08,2,fixo,179150.0,E_RS-SS-185_080926.pdf
351930,Ibaté,2026,Res SS 185/2026,2026-09-08,2,variavel,112864.5,E_RS-SS-185_080926.pdf
351940,Ibirá,2024,Res SS 18/2024,2024-02-08,1,fixo,75834.0,E_R-SS-18_080224.pdf
351940,Ibirá,2024,Res SS 140/2024,2024-06-20,2,fixo,75834.0,E_R-SS-140_200624.pdf
351940,Ibirá,2024,Res SS 140/2024,2024-06-20,2,variavel,48938.21,E_R-SS-140_200624.pdf
351940,Ibirá,2024,Res SS 140/2024,2024-06-20,3,fixo,75834.0,E_R-SS-140_200624.pdf
351940,Ibirá,2024,Res SS 140/2024,2024-06-20,3,variavel,48938.21,E_R-SS-140_200624.pdf
351940,Ibirá,2025,Res SS 13/2025,2025-01-24,1,fixo,63195.0,E_R-SS-13_240125.pdf
351940,Ibirá,2025,Res SS 97/2025,2025-05-30,2,fixo,63195.0,E_R-SS-97_300525.pdf
351940,Ibirá,2025,Res SS 180/2025,2025-10-08,1+2,variavel,53083.8,E_RS-SS-180_081025.pdf
351940,Ibirá,2025,Res SS 230/2025,2025-12-09,2,ajuste,21075.53,E_RS-SS-230_091225.pdf
351940,Ibirá,2025,Res SS 230/2025,2025-12-09,2025,bonus,0.0,E_RS-SS-230_091225.pdf
351940,Ibirá,2025,Res SS 230/2025,2025-12-09,3,fixo,63195.0,E_RS-SS-230_091225.pdf
351940,Ibirá,2025,Res SS 230/2025,2025-12-09,3,variavel,39812.85,E_RS-SS-230_091225.pdf
351940,Ibirá,2026,Res SS 111/2026,2026-06-09,1,fixo,63195.0,E_RS-SS-111_090626.pdf
351940,Ibirá,2026,Res SS 111/2026,2026-06-09,1,variavel,63195.0,E_RS-SS-111_090626.pdf
351940,Ibirá,2026,Res SS 185/2026,2026-09-08,2,fixo,63195.0,E_RS-SS-185_080926.pdf
351940,Ibirá,2026,Res SS 185/2026,2026-09-08,2,variavel,56717.51,E_RS-SS-185_080926.pdf
351950,Ibirarema,2024,Res SS 18/2024,2024-02-08,1,fixo,55482.0,E_R-SS-18_080224.pdf
351950,Ibirarema,2024,Res SS 140/2024,2024-06-20,2,fixo,55482.0,E_R-SS-140_200624.pdf
351950,Ibirarema,2024,Res SS 140/2024,2024-06-20,2,variavel,24615.51,E_R-SS-140_200624.pdf
351950,Ibirarema,2024,Res SS 140/2024,2024-06-20,3,fixo,55482.0,E_R-SS-140_200624.pdf
351950,Ibirarema,2024,Res SS 140/2024,2024-06-20,3,variavel,24615.51,E_R-SS-140_200624.pdf
351950,Ibirarema,2025,Res SS 13/2025,2025-01-24,1,fixo,46235.0,E_R-SS-13_240125.pdf
351950,Ibirarema,2025,Res SS 97/2025,2025-05-30,2,fixo,46235.0,E_R-SS-97_300525.pdf
351950,Ibirarema,2025,Res SS 180/2025,2025-10-08,1+2,variavel,61030.2,E_RS-SS-180_081025.pdf
351950,Ibirarema,2025,Res SS 230/2025,2025-12-09,2,ajuste,0.0,E_RS-SS-230_091225.pdf
351950,Ibirarema,2025,Res SS 230/2025,2025-12-09,2025,bonus,0.0,E_RS-SS-230_091225.pdf
351950,Ibirarema,2025,Res SS 230/2025,2025-12-09,3,fixo,46235.0,E_RS-SS-230_091225.pdf
351950,Ibirarema,2025,Res SS 230/2025,2025-12-09,3,variavel,43807.66,E_RS-SS-230_091225.pdf
351950,Ibirarema,2026,Res SS 111/2026,2026-06-09,1,fixo,46235.0,E_RS-SS-111_090626.pdf
351950,Ibirarema,2026,Res SS 111/2026,2026-06-09,1,variavel,22192.8,E_RS-SS-111_090626.pdf
351950,Ibirarema,2026,Res SS 185/2026,2026-09-08,2,fixo,46235.0,E_RS-SS-185_080926.pdf
351950,Ibirarema,2026,Res SS 185/2026,2026-09-08,2,variavel,46235.0,E_RS-SS-185_080926.pdf
351960,Ibitinga,2024,Res SS 18/2024,2024-02-08,1,fixo,183450.0,E_R-SS-18_080224.pdf
351960,Ibitinga,2024,Res SS 140/2024,2024-06-20,2,fixo,183450.0,E_R-SS-140_200624.pdf
351960,Ibitinga,2024,Res SS 140/2024,2024-06-20,2,variavel,107624.0,E_R-SS-140_200624.pdf
351960,Ibitinga,2024,Res SS 140/2024,2024-06-20,3,fixo,183450.0,E_R-SS-140_200624.pdf
351960,Ibitinga,2024,Res SS 140/2024,2024-06-20,3,variavel,107624.0,E_R-SS-140_200624.pdf
351960,Ibitinga,2025,Res SS 13/2025,2025-01-24,1,fixo,152875.0,E_R-SS-13_240125.pdf
351960,Ibitinga,2025,Res SS 97/2025,2025-05-30,2,fixo,152875.0,E_R-SS-97_300525.pdf
351960,Ibitinga,2025,Res SS 180/2025,2025-10-08,1+2,variavel,103955.0,E_RS-SS-180_081025.pdf
351960,Ibitinga,2025,Res SS 230/2025,2025-12-09,2,ajuste,41352.69,E_RS-SS-230_091225.pdf
351960,Ibitinga,2025,Res SS 230/2025,2025-12-09,2025,bonus,0.0,E_RS-SS-230_091225.pdf
351960,Ibitinga,2025,Res SS 230/2025,2025-12-09,3,fixo,152875.0,E_RS-SS-230_091225.pdf
351960,Ibitinga,2025,Res SS 230/2025,2025-12-09,3,variavel,123064.38,E_RS-SS-230_091225.pdf
351960,Ibitinga,2026,Res SS 111/2026,2026-06-09,1,fixo,152875.0,E_RS-SS-111_090626.pdf
351960,Ibitinga,2026,Res SS 111/2026,2026-06-09,1,variavel,116949.38,E_RS-SS-111_090626.pdf
351960,Ibitinga,2026,Res SS 185/2026,2026-09-08,2,fixo,152875.0,E_RS-SS-185_080926.pdf
351960,Ibitinga,2026,Res SS 185/2026,2026-09-08,2,variavel,87138.75,E_RS-SS-185_080926.pdf
351970,Ibiúna,2024,Res SS 18/2024,2024-02-08,1,fixo,480372.0,E_R-SS-18_080224.pdf
351970,Ibiúna,2024,Res SS 140/2024,2024-06-20,2,fixo,480372.0,E_R-SS-140_200624.pdf
351970,Ibiúna,2024,Res SS 140/2024,2024-06-20,2,variavel,281818.24,E_R-SS-140_200624.pdf
351970,Ibiúna,2024,Res SS 140/2024,2024-06-20,3,fixo,480372.0,E_R-SS-140_200624.pdf
351970,Ibiúna,2024,Res SS 140/2024,2024-06-20,3,variavel,281818.24,E_R-SS-140_200624.pdf
351970,Ibiúna,2025,Res SS 13/2025,2025-01-24,1,fixo,400310.0,E_R-SS-13_240125.pdf
351970,Ibiúna,2025,Res SS 97/2025,2025-05-30,2,fixo,400310.0,E_R-SS-97_300525.pdf
351970,Ibiúna,2025,Res SS 180/2025,2025-10-08,1+2,variavel,688533.2,E_RS-SS-180_081025.pdf
351970,Ibiúna,2025,Res SS 230/2025,2025-12-09,2,ajuste,0.0,E_RS-SS-230_091225.pdf
351970,Ibiúna,2025,Res SS 230/2025,2025-12-09,2025,bonus,0.0,E_RS-SS-230_091225.pdf
351970,Ibiúna,2025,Res SS 230/2025,2025-12-09,3,fixo,400310.0,E_RS-SS-230_091225.pdf
351970,Ibiúna,2025,Res SS 230/2025,2025-12-09,3,variavel,398308.45,E_RS-SS-230_091225.pdf
351970,Ibiúna,2026,Res SS 111/2026,2026-06-09,1,fixo,400310.0,E_RS-SS-111_090626.pdf
351970,Ibiúna,2026,Res SS 111/2026,2026-06-09,1,variavel,314243.35,E_RS-SS-111_090626.pdf
351970,Ibiúna,2026,Res SS 185/2026,2026-09-08,2,fixo,400310.0,E_RS-SS-185_080926.pdf
351970,Ibiúna,2026,Res SS 185/2026,2026-09-08,2,variavel,392303.8,E_RS-SS-185_080926.pdf
351980,Icém,2024,Res SS 18/2024,2024-02-08,1,fixo,41815.0,E_R-SS-18_080224.pdf
351980,Icém,2024,Res SS 140/2024,2024-06-20,2,fixo,41815.0,E_R-SS-140_200624.pdf
351980,Icém,2024,Res SS 140/2024,2024-06-20,2,variavel,27876.67,E_R-SS-140_200624.pdf
351980,Icém,2024,Res SS 140/2024,2024-06-20,3,fixo,41815.0,E_R-SS-140_200624.pdf
351980,Icém,2024,Res SS 140/2024,2024-06-20,3,variavel,27876.67,E_R-SS-140_200624.pdf
351980,Icém,2025,Res SS 13/2025,2025-01-24,1,fixo,34845.83,E_R-SS-13_240125.pdf
351980,Icém,2025,Res SS 97/2025,2025-05-30,2,fixo,34845.83,E_R-SS-97_300525.pdf
351980,Icém,2025,Res SS 180/2025,2025-10-08,1+2,variavel,48087.25,E_RS-SS-180_081025.pdf
351980,Icém,2025,Res SS 230/2025,2025-12-09,2,ajuste,10453.75,E_RS-SS-230_091225.pdf
351980,Icém,2025,Res SS 230/2025,2025-12-09,2025,bonus,0.0,E_RS-SS-230_091225.pdf
351980,Icém,2025,Res SS 230/2025,2025-12-09,3,fixo,34845.83,E_RS-SS-230_091225.pdf
351980,Icém,2025,Res SS 230/2025,2025-12-09,3,variavel,31535.48,E_RS-SS-230_091225.pdf
351980,Icém,2026,Res SS 111/2026,2026-06-09,1,fixo,34845.83,E_RS-SS-111_090626.pdf
351980,Icém,2026,Res SS 111/2026,2026-06-09,1,variavel,34845.83,E_RS-SS-111_090626.pdf
351980,Icém,2026,Res SS 185/2026,2026-09-08,2,fixo,34845.83,E_RS-SS-185_080926.pdf
351980,Icém,2026,Res SS 185/2026,2026-09-08,2,variavel,21952.88,E_RS-SS-185_080926.pdf
351990,Iepê,2024,Res SS 18/2024,2024-02-08,1,fixo,57596.0,E_R-SS-18_080224.pdf
351990,Iepê,2024,Res SS 140/2024,2024-06-20,2,fixo,57596.0,E_R-SS-140_200624.pdf
351990,Iepê,2024,Res SS 140/2024,2024-06-20,2,variavel,31888.99,E_R-SS-140_200624.pdf
351990,Iepê,2024,Res SS 140/2024,2024-06-20,3,fixo,57596.0,E_R-SS-140_200624.pdf
351990,Iepê,2024,Res SS 140/2024,2024-06-20,3,variavel,31888.99,E_R-SS-140_200624.pdf
351990,Iepê,2025,Res SS 13/2025,2025-01-24,1,fixo,47996.67,E_R-SS-13_240125.pdf
351990,Iepê,2025,Res SS 97/2025,2025-05-30,2,fixo,47996.67,E_R-SS-97_300525.pdf
351990,Iepê,2025,Res SS 180/2025,2025-10-08,1+2,variavel,47996.67,E_RS-SS-180_081025.pdf
351990,Iepê,2025,Res SS 230/2025,2025-12-09,2,ajuste,18238.73,E_RS-SS-230_091225.pdf
351990,Iepê,2025,Res SS 230/2025,2025-12-09,2025,bonus,0.0,E_RS-SS-230_091225.pdf
351990,Iepê,2025,Res SS 230/2025,2025-12-09,3,fixo,47996.67,E_RS-SS-230_091225.pdf
351990,Iepê,2025,Res SS 230/2025,2025-12-09,3,variavel,47996.67,E_RS-SS-230_091225.pdf
351990,Iepê,2026,Res SS 111/2026,2026-06-09,1,fixo,47996.67,E_RS-SS-111_090626.pdf
351990,Iepê,2026,Res SS 111/2026,2026-06-09,1,variavel,39597.25,E_RS-SS-111_090626.pdf
351990,Iepê,2026,Res SS 185/2026,2026-09-08,2,fixo,47996.67,E_RS-SS-185_080926.pdf
351990,Iepê,2026,Res SS 185/2026,2026-09-08,2,variavel,23998.33,E_RS-SS-185_080926.pdf
352000,Igaraçu Do Tietê,2024,Res SS 18/2024,2024-02-08,1,fixo,173747.0,E_R-SS-18_080224.pdf
352000,Igaraçu Do Tietê,2024,Res SS 140/2024,2024-06-20,2,fixo,173747.0,E_R-SS-140_200624.pdf
352000,Igaraçu Do Tietê,2024,Res SS 140/2024,2024-06-20,2,variavel,99383.28,E_R-SS-140_200624.pdf
352000,Igaraçu Do Tietê,2024,Res SS 140/2024,2024-06-20,3,fixo,173747.0,E_R-SS-140_200624.pdf
352000,Igaraçu Do Tietê,2024,Res SS 140/2024,2024-06-20,3,variavel,99383.28,E_R-SS-140_200624.pdf
352000,Igaraçu Do Tietê,2025,Res SS 13/2025,2025-01-24,1,fixo,144789.17,E_R-SS-13_240125.pdf
352000,Igaraçu Do Tietê,2025,Res SS 97/2025,2025-05-30,2,fixo,144789.17,E_R-SS-97_300525.pdf
352000,Igaraçu Do Tietê,2025,Res SS 180/2025,2025-10-08,1+2,variavel,124518.68,E_RS-SS-180_081025.pdf
352000,Igaraçu Do Tietê,2025,Res SS 230/2025,2025-12-09,2,ajuste,55599.04,E_RS-SS-230_091225.pdf
352000,Igaraçu Do Tietê,2025,Res SS 230/2025,2025-12-09,2025,bonus,0.0,E_RS-SS-230_091225.pdf
352000,Igaraçu Do Tietê,2025,Res SS 230/2025,2025-12-09,3,fixo,144789.17,E_RS-SS-230_091225.pdf
352000,Igaraçu Do Tietê,2025,Res SS 230/2025,2025-12-09,3,variavel,141893.38,E_RS-SS-230_091225.pdf
352000,Igaraçu Do Tietê,2026,Res SS 111/2026,2026-06-09,1,fixo,144789.17,E_RS-SS-111_090626.pdf
352000,Igaraçu Do Tietê,2026,Res SS 111/2026,2026-06-09,1,variavel,144789.17,E_RS-SS-111_090626.pdf
352000,Igaraçu Do Tietê,2026,Res SS 185/2026,2026-09-08,2,fixo,144789.17,E_RS-SS-185_080926.pdf
352000,Igaraçu Do Tietê,2026,Res SS 185/2026,2026-09-08,2,variavel,102800.31,E_RS-SS-185_080926.pdf
352010,Igarapava,2024,Res SS 18/2024,2024-02-08,1,fixo,92373.0,E_R-SS-18_080224.pdf
352010,Igarapava,2024,Res SS 140/2024,2024-06-20,2,fixo,92373.0,E_R-SS-140_200624.pdf
352010,Igarapava,2024,Res SS 140/2024,2024-06-20,2,variavel,54361.51,E_R-SS-140_200624.pdf
352010,Igarapava,2024,Res SS 140/2024,2024-06-20,3,fixo,92373.0,E_R-SS-140_200624.pdf
352010,Igarapava,2024,Res SS 140/2024,2024-06-20,3,variavel,54361.51,E_R-SS-140_200624.pdf
352010,Igarapava,2025,Res SS 13/2025,2025-01-24,1,fixo,76977.5,E_R-SS-13_240125.pdf
352010,Igarapava,2025,Res SS 97/2025,2025-05-30,2,fixo,76977.5,E_R-SS-97_300525.pdf
352010,Igarapava,2025,Res SS 180/2025,2025-10-08,1+2,variavel,141638.6,E_RS-SS-180_081025.pdf
352010,Igarapava,2025,Res SS 230/2025,2025-12-09,2,ajuste,0.0,E_RS-SS-230_091225.pdf
352010,Igarapava,2025,Res SS 230/2025,2025-12-09,2025,bonus,0.0,E_RS-SS-230_091225.pdf
352010,Igarapava,2025,Res SS 230/2025,2025-12-09,3,fixo,76977.5,E_RS-SS-230_091225.pdf
352010,Igarapava,2025,Res SS 230/2025,2025-12-09,3,variavel,76977.5,E_RS-SS-230_091225.pdf
352010,Igarapava,2026,Res SS 111/2026,2026-06-09,1,fixo,76977.5,E_RS-SS-111_090626.pdf
352010,Igarapava,2026,Res SS 111/2026,2026-06-09,1,variavel,41952.74,E_RS-SS-111_090626.pdf
352010,Igarapava,2026,Res SS 185/2026,2026-09-08,2,fixo,76977.5,E_RS-SS-185_080926.pdf
352010,Igarapava,2026,Res SS 185/2026,2026-09-08,2,variavel,36949.2,E_RS-SS-185_080926.pdf
352020,Igaratá,2024,Res SS 18/2024,2024-02-08,1,fixo,67417.0,E_R-SS-18_080224.pdf
352020,Igaratá,2024,Res SS 140/2024,2024-06-20,2,fixo,67417.0,E_R-SS-140_200624.pdf
352020,Igaratá,2024,Res SS 140/2024,2024-06-20,2,variavel,40540.09,E_R-SS-140_200624.pdf
352020,Igaratá,2024,Res SS 140/2024,2024-06-20,3,fixo,67417.0,E_R-SS-140_200624.pdf
352020,Igaratá,2024,Res SS 140/2024,2024-06-20,3,variavel,40540.09,E_R-SS-140_200624.pdf
352020,Igaratá,2025,Res SS 13/2025,2025-01-24,1,fixo,56180.83,E_R-SS-13_240125.pdf
352020,Igaratá,2025,Res SS 97/2025,2025-05-30,2,fixo,56180.83,E_R-SS-97_300525.pdf
352020,Igaratá,2025,Res SS 180/2025,2025-10-08,1+2,variavel,59551.68,E_RS-SS-180_081025.pdf
352020,Igaratá,2025,Res SS 230/2025,2025-12-09,2,ajuste,10702.45,E_RS-SS-230_091225.pdf
352020,Igaratá,2025,Res SS 230/2025,2025-12-09,2025,bonus,0.0,E_RS-SS-230_091225.pdf
352020,Igaratá,2025,Res SS 230/2025,2025-12-09,3,fixo,56180.83,E_RS-SS-230_091225.pdf
352020,Igaratá,2025,Res SS 230/2025,2025-12-09,3,variavel,36517.54,E_RS-SS-230_091225.pdf
352020,Igaratá,2026,Res SS 111/2026,2026-06-09,1,fixo,56180.83,E_RS-SS-111_090626.pdf
352020,Igaratá,2026,Res SS 111/2026,2026-06-09,1,variavel,46349.19,E_RS-SS-111_090626.pdf
352020,Igaratá,2026,Res SS 185/2026,2026-09-08,2,fixo,56180.83,E_RS-SS-185_080926.pdf
352020,Igaratá,2026,Res SS 185/2026,2026-09-08,2,variavel,30337.65,E_RS-SS-185_080926.pdf
352030,Iguape,2024,Res SS 18/2024,2024-02-08,1,fixo,248936.0,E_R-SS-18_080224.pdf
352030,Iguape,2024,Res SS 140/2024,2024-06-20,2,fixo,248936.0,E_R-SS-140_200624.pdf
352030,Iguape,2024,Res SS 140/2024,2024-06-20,2,variavel,164297.76,E_R-SS-140_200624.pdf
352030,Iguape,2024,Res SS 140/2024,2024-06-20,3,fixo,248936.0,E_R-SS-140_200624.pdf
352030,Iguape,2024,Res SS 140/2024,2024-06-20,3,variavel,164297.76,E_R-SS-140_200624.pdf
352030,Iguape,2025,Res SS 13/2025,2025-01-24,1,fixo,207446.67,E_R-SS-13_240125.pdf
352030,Iguape,2025,Res SS 97/2025,2025-05-30,2,fixo,207446.67,E_R-SS-97_300525.pdf
352030,Iguape,2025,Res SS 180/2025,2025-10-08,1+2,variavel,253084.93,E_RS-SS-180_081025.pdf
352030,Iguape,2025,Res SS 230/2025,2025-12-09,2,ajuste,19499.99,E_RS-SS-230_091225.pdf
352030,Iguape,2025,Res SS 230/2025,2025-12-09,2025,bonus,0.0,E_RS-SS-230_091225.pdf
352030,Iguape,2025,Res SS 230/2025,2025-12-09,3,fixo,207446.67,E_RS-SS-230_091225.pdf
352030,Iguape,2025,Res SS 230/2025,2025-12-09,3,variavel,129654.17,E_RS-SS-230_091225.pdf
352030,Iguape,2026,Res SS 111/2026,2026-06-09,1,fixo,207446.67,E_RS-SS-111_090626.pdf
352030,Iguape,2026,Res SS 111/2026,2026-06-09,1,variavel,206409.43,E_RS-SS-111_090626.pdf
352030,Iguape,2026,Res SS 185/2026,2026-09-08,2,fixo,207446.67,E_RS-SS-185_080926.pdf
352030,Iguape,2026,Res SS 185/2026,2026-09-08,2,variavel,165957.33,E_RS-SS-185_080926.pdf
352040,Ilhabela,2024,Res SS 18/2024,2024-02-08,1,fixo,180970.0,E_R-SS-18_080224.pdf
352040,Ilhabela,2024,Res SS 140/2024,2024-06-20,2,fixo,180970.0,E_R-SS-140_200624.pdf
352040,Ilhabela,2024,Res SS 140/2024,2024-06-20,2,variavel,89580.15,E_R-SS-140_200624.pdf
352040,Ilhabela,2024,Res SS 140/2024,2024-06-20,3,fixo,180970.0,E_R-SS-140_200624.pdf
352040,Ilhabela,2024,Res SS 140/2024,2024-06-20,3,variavel,89580.15,E_R-SS-140_200624.pdf
352040,Ilhabela,2025,Res SS 13/2025,2025-01-24,1,fixo,150808.33,E_R-SS-13_240125.pdf
352040,Ilhabela,2025,Res SS 97/2025,2025-05-30,2,fixo,150808.33,E_R-SS-97_300525.pdf
352040,Ilhabela,2025,Res SS 180/2025,2025-10-08,1+2,variavel,138743.67,E_RS-SS-180_081025.pdf
352040,Ilhabela,2025,Res SS 230/2025,2025-12-09,2,ajuste,41773.91,E_RS-SS-230_091225.pdf
352040,Ilhabela,2025,Res SS 230/2025,2025-12-09,2025,bonus,0.0,E_RS-SS-230_091225.pdf
352040,Ilhabela,2025,Res SS 230/2025,2025-12-09,3,fixo,150808.33,E_RS-SS-230_091225.pdf
352040,Ilhabela,2025,Res SS 230/2025,2025-12-09,3,variavel,114614.33,E_RS-SS-230_091225.pdf
352040,Ilhabela,2026,Res SS 111/2026,2026-06-09,1,fixo,150808.33,E_RS-SS-111_090626.pdf
352040,Ilhabela,2026,Res SS 111/2026,2026-06-09,1,variavel,150808.33,E_RS-SS-111_090626.pdf
352040,Ilhabela,2026,Res SS 185/2026,2026-09-08,2,fixo,150808.33,E_RS-SS-185_080926.pdf
352040,Ilhabela,2026,Res SS 185/2026,2026-09-08,2,variavel,126679.0,E_RS-SS-185_080926.pdf
352042,Ilha Comprida,2024,Res SS 18/2024,2024-02-08,1,fixo,69312.0,E_R-SS-18_080224.pdf
352042,Ilha Comprida,2024,Res SS 140/2024,2024-06-20,2,fixo,69312.0,E_R-SS-140_200624.pdf
352042,Ilha Comprida,2024,Res SS 140/2024,2024-06-20,2,variavel,40663.04,E_R-SS-140_200624.pdf
352042,Ilha Comprida,2024,Res SS 140/2024,2024-06-20,3,fixo,69312.0,E_R-SS-140_200624.pdf
352042,Ilha Comprida,2024,Res SS 140/2024,2024-06-20,3,variavel,40663.04,E_R-SS-140_200624.pdf
352042,Ilha Comprida,2025,Res SS 13/2025,2025-01-24,1,fixo,57760.0,E_R-SS-13_240125.pdf
352042,Ilha Comprida,2025,Res SS 97/2025,2025-05-30,2,fixo,57760.0,E_R-SS-97_300525.pdf
352042,Ilha Comprida,2025,Res SS 180/2025,2025-10-08,1+2,variavel,48518.4,E_RS-SS-180_081025.pdf
352042,Ilha Comprida,2025,Res SS 230/2025,2025-12-09,2,ajuste,26569.6,E_RS-SS-230_091225.pdf
352042,Ilha Comprida,2025,Res SS 230/2025,2025-12-09,2025,bonus,0.0,E_RS-SS-230_091225.pdf
352042,Ilha Comprida,2025,Res SS 230/2025,2025-12-09,3,fixo,57760.0,E_RS-SS-230_091225.pdf
352042,Ilha Comprida,2025,Res SS 230/2025,2025-12-09,3,variavel,43897.6,E_RS-SS-230_091225.pdf
352042,Ilha Comprida,2026,Res SS 111/2026,2026-06-09,1,fixo,57760.0,E_RS-SS-111_090626.pdf
352042,Ilha Comprida,2026,Res SS 111/2026,2026-06-09,1,variavel,56604.8,E_RS-SS-111_090626.pdf
352042,Ilha Comprida,2026,Res SS 185/2026,2026-09-08,2,fixo,57760.0,E_RS-SS-185_080926.pdf
352042,Ilha Comprida,2026,Res SS 185/2026,2026-09-08,2,variavel,45341.6,E_RS-SS-185_080926.pdf
352044,Ilha Solteira,2024,Res SS 18/2024,2024-02-08,1,fixo,134430.0,E_R-SS-18_080224.pdf
352044,Ilha Solteira,2024,Res SS 140/2024,2024-06-20,2,fixo,134430.0,E_R-SS-140_200624.pdf
352044,Ilha Solteira,2024,Res SS 140/2024,2024-06-20,2,variavel,86752.16,E_R-SS-140_200624.pdf
352044,Ilha Solteira,2024,Res SS 140/2024,2024-06-20,3,fixo,134430.0,E_R-SS-140_200624.pdf
352044,Ilha Solteira,2024,Res SS 140/2024,2024-06-20,3,variavel,86752.16,E_R-SS-140_200624.pdf
352044,Ilha Solteira,2025,Res SS 13/2025,2025-01-24,1,fixo,112025.0,E_R-SS-13_240125.pdf
352044,Ilha Solteira,2025,Res SS 97/2025,2025-05-30,2,fixo,112025.0,E_R-SS-97_300525.pdf
352044,Ilha Solteira,2025,Res SS 180/2025,2025-10-08,1+2,variavel,174759.0,E_RS-SS-180_081025.pdf
352044,Ilha Solteira,2025,Res SS 230/2025,2025-12-09,2,ajuste,0.0,E_RS-SS-230_091225.pdf
352044,Ilha Solteira,2025,Res SS 230/2025,2025-12-09,2025,bonus,0.0,E_RS-SS-230_091225.pdf
352044,Ilha Solteira,2025,Res SS 230/2025,2025-12-09,3,fixo,112025.0,E_RS-SS-230_091225.pdf
352044,Ilha Solteira,2025,Res SS 230/2025,2025-12-09,3,variavel,112025.0,E_RS-SS-230_091225.pdf
352044,Ilha Solteira,2026,Res SS 111/2026,2026-06-09,1,fixo,112025.0,E_RS-SS-111_090626.pdf
352044,Ilha Solteira,2026,Res SS 111/2026,2026-06-09,1,variavel,99702.25,E_RS-SS-111_090626.pdf
352044,Ilha Solteira,2026,Res SS 185/2026,2026-09-08,2,fixo,112025.0,E_RS-SS-185_080926.pdf
352044,Ilha Solteira,2026,Res SS 185/2026,2026-09-08,2,variavel,66094.75,E_RS-SS-185_080926.pdf
352050,Indaiatuba,2024,Res SS 18/2024,2024-02-08,1,fixo,782070.0,E_R-SS-18_080224.pdf
352050,Indaiatuba,2024,Res SS 140/2024,2024-06-20,2,fixo,782070.0,E_R-SS-140_200624.pdf
352050,Indaiatuba,2024,Res SS 140/2024,2024-06-20,2,variavel,458814.4,E_R-SS-140_200624.pdf
352050,Indaiatuba,2024,Res SS 140/2024,2024-06-20,3,fixo,782070.0,E_R-SS-140_200624.pdf
352050,Indaiatuba,2024,Res SS 140/2024,2024-06-20,3,variavel,458814.4,E_R-SS-140_200624.pdf
352050,Indaiatuba,2025,Res SS 13/2025,2025-01-24,1,fixo,651725.0,E_R-SS-13_240125.pdf
352050,Indaiatuba,2025,Res SS 97/2025,2025-05-30,2,fixo,651725.0,E_R-SS-97_300525.pdf
352050,Indaiatuba,2025,Res SS 180/2025,2025-10-08,1+2,variavel,860277.0,E_RS-SS-180_081025.pdf
352050,Indaiatuba,2025,Res SS 230/2025,2025-12-09,2,ajuste,0.0,E_RS-SS-230_091225.pdf
352050,Indaiatuba,2025,Res SS 230/2025,2025-12-09,2025,bonus,0.0,E_RS-SS-230_091225.pdf
352050,Indaiatuba,2025,Res SS 230/2025,2025-12-09,3,fixo,651725.0,E_RS-SS-230_091225.pdf
352050,Indaiatuba,2025,Res SS 230/2025,2025-12-09,3,variavel,575147.31,E_RS-SS-230_091225.pdf
352050,Indaiatuba,2026,Res SS 111/2026,2026-06-09,1,fixo,651725.0,E_RS-SS-111_090626.pdf
352050,Indaiatuba,2026,Res SS 111/2026,2026-06-09,1,variavel,501828.25,E_RS-SS-111_090626.pdf
352050,Indaiatuba,2026,Res SS 185/2026,2026-09-08,2,fixo,651725.0,E_RS-SS-185_080926.pdf
352050,Indaiatuba,2026,Res SS 185/2026,2026-09-08,2,variavel,417104.0,E_RS-SS-185_080926.pdf
352060,Indiana,2024,Res SS 18/2024,2024-02-08,1,fixo,38984.0,E_R-SS-18_080224.pdf
352060,Indiana,2024,Res SS 140/2024,2024-06-20,2,fixo,38984.0,E_R-SS-140_200624.pdf
352060,Indiana,2024,Res SS 140/2024,2024-06-20,2,variavel,25989.33,E_R-SS-140_200624.pdf
352060,Indiana,2024,Res SS 140/2024,2024-06-20,3,fixo,38984.0,E_R-SS-140_200624.pdf
352060,Indiana,2024,Res SS 140/2024,2024-06-20,3,variavel,25989.33,E_R-SS-140_200624.pdf
352060,Indiana,2025,Res SS 13/2025,2025-01-24,1,fixo,32486.67,E_R-SS-13_240125.pdf
352060,Indiana,2025,Res SS 97/2025,2025-05-30,2,fixo,32486.67,E_R-SS-97_300525.pdf
352060,Indiana,2025,Res SS 180/2025,2025-10-08,1+2,variavel,29887.73,E_RS-SS-180_081025.pdf
352060,Indiana,2025,Res SS 230/2025,2025-12-09,2,ajuste,15788.52,E_RS-SS-230_091225.pdf
352060,Indiana,2025,Res SS 230/2025,2025-12-09,2025,bonus,0.0,E_RS-SS-230_091225.pdf
352060,Indiana,2025,Res SS 230/2025,2025-12-09,3,fixo,32486.67,E_RS-SS-230_091225.pdf
352060,Indiana,2025,Res SS 230/2025,2025-12-09,3,variavel,28913.13,E_RS-SS-230_091225.pdf
352060,Indiana,2026,Res SS 111/2026,2026-06-09,1,fixo,32486.67,E_RS-SS-111_090626.pdf
352060,Indiana,2026,Res SS 111/2026,2026-06-09,1,variavel,32486.67,E_RS-SS-111_090626.pdf
352060,Indiana,2026,Res SS 185/2026,2026-09-08,2,fixo,32486.67,E_RS-SS-185_080926.pdf
352060,Indiana,2026,Res SS 185/2026,2026-09-08,2,variavel,32486.67,E_RS-SS-185_080926.pdf
352070,Indiaporã,2024,Res SS 18/2024,2024-02-08,1,fixo,27132.0,E_R-SS-18_080224.pdf
352070,Indiaporã,2024,Res SS 140/2024,2024-06-20,2,fixo,27132.0,E_R-SS-140_200624.pdf
352070,Indiaporã,2024,Res SS 140/2024,2024-06-20,2,variavel,18088.0,E_R-SS-140_200624.pdf
352070,Indiaporã,2024,Res SS 140/2024,2024-06-20,3,fixo,27132.0,E_R-SS-140_200624.pdf
352070,Indiaporã,2024,Res SS 140/2024,2024-06-20,3,variavel,18088.0,E_R-SS-140_200624.pdf
352070,Indiaporã,2025,Res SS 13/2025,2025-01-24,1,fixo,22610.0,E_R-SS-13_240125.pdf
352070,Indiaporã,2025,Res SS 97/2025,2025-05-30,2,fixo,22610.0,E_R-SS-97_300525.pdf
352070,Indiaporã,2025,Res SS 180/2025,2025-10-08,1+2,variavel,26227.6,E_RS-SS-180_081025.pdf
352070,Indiaporã,2025,Res SS 230/2025,2025-12-09,2,ajuste,9270.1,E_RS-SS-230_091225.pdf
352070,Indiaporã,2025,Res SS 230/2025,2025-12-09,2025,bonus,0.0,E_RS-SS-230_091225.pdf
352070,Indiaporã,2025,Res SS 230/2025,2025-12-09,3,fixo,22610.0,E_RS-SS-230_091225.pdf
352070,Indiaporã,2025,Res SS 230/2025,2025-12-09,3,variavel,17522.75,E_RS-SS-230_091225.pdf
352070,Indiaporã,2026,Res SS 111/2026,2026-06-09,1,fixo,22610.0,E_RS-SS-111_090626.pdf
352070,Indiaporã,2026,Res SS 111/2026,2026-06-09,1,variavel,22610.0,E_RS-SS-111_090626.pdf
352070,Indiaporã,2026,Res SS 185/2026,2026-09-08,2,fixo,22610.0,E_RS-SS-185_080926.pdf
352070,Indiaporã,2026,Res SS 185/2026,2026-09-08,2,variavel,18088.0,E_RS-SS-185_080926.pdf
352080,Inúbia Paulista,2024,Res SS 18/2024,2024-02-08,1,fixo,24270.0,E_R-SS-18_080224.pdf
352080,Inúbia Paulista,2024,Res SS 140/2024,2024-06-20,2,fixo,24270.0,E_R-SS-140_200624.pdf
352080,Inúbia Paulista,2024,Res SS 140/2024,2024-06-20,2,variavel,11835.67,E_R-SS-140_200624.pdf
352080,Inúbia Paulista,2024,Res SS 140/2024,2024-06-20,3,fixo,24270.0,E_R-SS-140_200624.pdf
352080,Inúbia Paulista,2024,Res SS 140/2024,2024-06-20,3,variavel,11835.67,E_R-SS-140_200624.pdf
352080,Inúbia Paulista,2025,Res SS 13/2025,2025-01-24,1,fixo,20225.0,E_R-SS-13_240125.pdf
352080,Inúbia Paulista,2025,Res SS 97/2025,2025-05-30,2,fixo,20225.0,E_R-SS-97_300525.pdf
352080,Inúbia Paulista,2025,Res SS 180/2025,2025-10-08,1+2,variavel,18607.0,E_RS-SS-180_081025.pdf
352080,Inúbia Paulista,2025,Res SS 230/2025,2025-12-09,2,ajuste,10719.25,E_RS-SS-230_091225.pdf
352080,Inúbia Paulista,2025,Res SS 230/2025,2025-12-09,2025,bonus,0.0,E_RS-SS-230_091225.pdf
352080,Inúbia Paulista,2025,Res SS 230/2025,2025-12-09,3,fixo,20225.0,E_RS-SS-230_091225.pdf
352080,Inúbia Paulista,2025,Res SS 230/2025,2025-12-09,3,variavel,20225.0,E_RS-SS-230_091225.pdf
352080,Inúbia Paulista,2026,Res SS 111/2026,2026-06-09,1,fixo,20225.0,E_RS-SS-111_090626.pdf
352080,Inúbia Paulista,2026,Res SS 111/2026,2026-06-09,1,variavel,20225.0,E_RS-SS-111_090626.pdf
352080,Inúbia Paulista,2026,Res SS 185/2026,2026-09-08,2,fixo,20225.0,E_RS-SS-185_080926.pdf
352080,Inúbia Paulista,2026,Res SS 185/2026,2026-09-08,2,variavel,16180.0,E_RS-SS-185_080926.pdf
352090,Ipaussu,2024,Res SS 18/2024,2024-02-08,1,fixo,90990.0,E_R-SS-18_080224.pdf
352090,Ipaussu,2024,Res SS 140/2024,2024-06-20,2,fixo,90990.0,E_R-SS-140_200624.pdf
352090,Ipaussu,2024,Res SS 140/2024,2024-06-20,2,variavel,48042.72,E_R-SS-140_200624.pdf
352090,Ipaussu,2024,Res SS 140/2024,2024-06-20,3,fixo,90990.0,E_R-SS-140_200624.pdf
352090,Ipaussu,2024,Res SS 140/2024,2024-06-20,3,variavel,48042.72,E_R-SS-140_200624.pdf
352090,Ipaussu,2025,Res SS 13/2025,2025-01-24,1,fixo,75825.0,E_R-SS-13_240125.pdf
352090,Ipaussu,2025,Res SS 97/2025,2025-05-30,2,fixo,75825.0,E_R-SS-97_300525.pdf
352090,Ipaussu,2025,Res SS 180/2025,2025-10-08,1+2,variavel,80374.5,E_RS-SS-180_081025.pdf
352090,Ipaussu,2025,Res SS 230/2025,2025-12-09,2,ajuste,4852.8,E_RS-SS-230_091225.pdf
352090,Ipaussu,2025,Res SS 230/2025,2025-12-09,2025,bonus,0.0,E_RS-SS-230_091225.pdf
352090,Ipaussu,2025,Res SS 230/2025,2025-12-09,3,fixo,75825.0,E_RS-SS-230_091225.pdf
352090,Ipaussu,2025,Res SS 230/2025,2025-12-09,3,variavel,52698.38,E_RS-SS-230_091225.pdf
352090,Ipaussu,2026,Res SS 111/2026,2026-06-09,1,fixo,75825.0,E_RS-SS-111_090626.pdf
352090,Ipaussu,2026,Res SS 111/2026,2026-06-09,1,variavel,51561.0,E_RS-SS-111_090626.pdf
352090,Ipaussu,2026,Res SS 185/2026,2026-09-08,2,fixo,75825.0,E_RS-SS-185_080926.pdf
352090,Ipaussu,2026,Res SS 185/2026,2026-09-08,2,variavel,51561.0,E_RS-SS-185_080926.pdf
352100,Iperó,2024,Res SS 18/2024,2024-02-08,1,fixo,232626.0,E_R-SS-18_080224.pdf
352100,Iperó,2024,Res SS 140/2024,2024-06-20,2,fixo,232626.0,E_R-SS-140_200624.pdf
352100,Iperó,2024,Res SS 140/2024,2024-06-20,2,variavel,150121.31,E_R-SS-140_200624.pdf
352100,Iperó,2024,Res SS 140/2024,2024-06-20,3,fixo,232626.0,E_R-SS-140_200624.pdf
352100,Iperó,2024,Res SS 140/2024,2024-06-20,3,variavel,150121.31,E_R-SS-140_200624.pdf
352100,Iperó,2025,Res SS 13/2025,2025-01-24,1,fixo,193855.0,E_R-SS-13_240125.pdf
352100,Iperó,2025,Res SS 97/2025,2025-05-30,2,fixo,193855.0,E_R-SS-97_300525.pdf
352100,Iperó,2025,Res SS 180/2025,2025-10-08,1+2,variavel,178346.6,E_RS-SS-180_081025.pdf
352100,Iperó,2025,Res SS 230/2025,2025-12-09,2,ajuste,56217.95,E_RS-SS-230_091225.pdf
352100,Iperó,2025,Res SS 230/2025,2025-12-09,2025,bonus,0.0,E_RS-SS-230_091225.pdf
352100,Iperó,2025,Res SS 230/2025,2025-12-09,3,fixo,193855.0,E_RS-SS-230_091225.pdf
352100,Iperó,2025,Res SS 230/2025,2025-12-09,3,variavel,155084.0,E_RS-SS-230_091225.pdf
352100,Iperó,2026,Res SS 111/2026,2026-06-09,1,fixo,193855.0,E_RS-SS-111_090626.pdf
352100,Iperó,2026,Res SS 111/2026,2026-06-09,1,variavel,123097.93,E_RS-SS-111_090626.pdf
352100,Iperó,2026,Res SS 185/2026,2026-09-08,2,fixo,193855.0,E_RS-SS-185_080926.pdf
352100,Iperó,2026,Res SS 185/2026,2026-09-08,2,variavel,110497.35,E_RS-SS-185_080926.pdf
352110,Ipeúna,2024,Res SS 18/2024,2024-02-08,1,fixo,23472.0,E_R-SS-18_080224.pdf
352110,Ipeúna,2024,Res SS 140/2024,2024-06-20,2,fixo,23472.0,E_R-SS-140_200624.pdf
352110,Ipeúna,2024,Res SS 140/2024,2024-06-20,2,variavel,12651.41,E_R-SS-140_200624.pdf
352110,Ipeúna,2024,Res SS 140/2024,2024-06-20,3,fixo,23472.0,E_R-SS-140_200624.pdf
352110,Ipeúna,2024,Res SS 140/2024,2024-06-20,3,variavel,12651.41,E_R-SS-140_200624.pdf
352110,Ipeúna,2025,Res SS 13/2025,2025-01-24,1,fixo,19560.0,E_R-SS-13_240125.pdf
352110,Ipeúna,2025,Res SS 97/2025,2025-05-30,2,fixo,19560.0,E_R-SS-97_300525.pdf
352110,Ipeúna,2025,Res SS 180/2025,2025-10-08,1+2,variavel,39120.0,E_RS-SS-180_081025.pdf
352110,Ipeúna,2025,Res SS 230/2025,2025-12-09,2,ajuste,0.0,E_RS-SS-230_091225.pdf
352110,Ipeúna,2025,Res SS 230/2025,2025-12-09,2025,bonus,0.0,E_RS-SS-230_091225.pdf
352110,Ipeúna,2025,Res SS 230/2025,2025-12-09,3,fixo,19560.0,E_RS-SS-230_091225.pdf
352110,Ipeúna,2025,Res SS 230/2025,2025-12-09,3,variavel,16137.0,E_RS-SS-230_091225.pdf
352110,Ipeúna,2026,Res SS 111/2026,2026-06-09,1,fixo,19560.0,E_RS-SS-111_090626.pdf
352110,Ipeúna,2026,Res SS 111/2026,2026-06-09,1,variavel,19560.0,E_RS-SS-111_090626.pdf
352110,Ipeúna,2026,Res SS 185/2026,2026-09-08,2,fixo,19560.0,E_RS-SS-185_080926.pdf
352110,Ipeúna,2026,Res SS 185/2026,2026-09-08,2,variavel,19560.0,E_RS-SS-185_080926.pdf
352115,Ipiguá,2024,Res SS 18/2024,2024-02-08,1,fixo,33342.0,E_R-SS-18_080224.pdf
352115,Ipiguá,2024,Res SS 140/2024,2024-06-20,2,fixo,33342.0,E_R-SS-140_200624.pdf
352115,Ipiguá,2024,Res SS 140/2024,2024-06-20,2,variavel,20722.05,E_R-SS-140_200624.pdf
352115,Ipiguá,2024,Res SS 140/2024,2024-06-20,3,fixo,33342.0,E_R-SS-140_200624.pdf
352115,Ipiguá,2024,Res SS 140/2024,2024-06-20,3,variavel,20722.05,E_R-SS-140_200624.pdf
352115,Ipiguá,2025,Res SS 13/2025,2025-01-24,1,fixo,27785.0,E_R-SS-13_240125.pdf
352115,Ipiguá,2025,Res SS 97/2025,2025-05-30,2,fixo,27785.0,E_R-SS-97_300525.pdf
352115,Ipiguá,2025,Res SS 180/2025,2025-10-08,1+2,variavel,27785.0,E_RS-SS-180_081025.pdf
352115,Ipiguá,2025,Res SS 230/2025,2025-12-09,2,ajuste,13892.5,E_RS-SS-230_091225.pdf
352115,Ipiguá,2025,Res SS 230/2025,2025-12-09,2025,bonus,0.0,E_RS-SS-230_091225.pdf
352115,Ipiguá,2025,Res SS 230/2025,2025-12-09,3,fixo,27785.0,E_RS-SS-230_091225.pdf
352115,Ipiguá,2025,Res SS 230/2025,2025-12-09,3,variavel,19310.58,E_RS-SS-230_091225.pdf
352115,Ipiguá,2026,Res SS 111/2026,2026-06-09,1,fixo,27785.0,E_RS-SS-111_090626.pdf
352115,Ipiguá,2026,Res SS 111/2026,2026-06-09,1,variavel,27785.0,E_RS-SS-111_090626.pdf
352115,Ipiguá,2026,Res SS 185/2026,2026-09-08,2,fixo,27785.0,E_RS-SS-185_080926.pdf
352115,Ipiguá,2026,Res SS 185/2026,2026-09-08,2,variavel,24728.65,E_RS-SS-185_080926.pdf
352120,Iporanga,2024,Res SS 18/2024,2024-02-08,1,fixo,33440.0,E_R-SS-18_080224.pdf
352120,Iporanga,2024,Res SS 140/2024,2024-06-20,2,fixo,33440.0,E_R-SS-140_200624.pdf
352120,Iporanga,2024,Res SS 140/2024,2024-06-20,2,variavel,20108.59,E_R-SS-140_200624.pdf
352120,Iporanga,2024,Res SS 140/2024,2024-06-20,3,fixo,33440.0,E_R-SS-140_200624.pdf
352120,Iporanga,2024,Res SS 140/2024,2024-06-20,3,variavel,20108.59,E_R-SS-140_200624.pdf
352120,Iporanga,2025,Res SS 13/2025,2025-01-24,1,fixo,27866.67,E_R-SS-13_240125.pdf
352120,Iporanga,2025,Res SS 97/2025,2025-05-30,2,fixo,27866.67,E_R-SS-97_300525.pdf
352120,Iporanga,2025,Res SS 180/2025,2025-10-08,1+2,variavel,42357.33,E_RS-SS-180_081025.pdf
352120,Iporanga,2025,Res SS 230/2025,2025-12-09,2,ajuste,5183.2,E_RS-SS-230_091225.pdf
352120,Iporanga,2025,Res SS 230/2025,2025-12-09,2025,bonus,0.0,E_RS-SS-230_091225.pdf
352120,Iporanga,2025,Res SS 230/2025,2025-12-09,3,fixo,27866.67,E_RS-SS-230_091225.pdf
352120,Iporanga,2025,Res SS 230/2025,2025-12-09,3,variavel,16650.33,E_RS-SS-230_091225.pdf
352120,Iporanga,2026,Res SS 111/2026,2026-06-09,1,fixo,27866.67,E_RS-SS-111_090626.pdf
352120,Iporanga,2026,Res SS 111/2026,2026-06-09,1,variavel,23686.67,E_RS-SS-111_090626.pdf
352120,Iporanga,2026,Res SS 185/2026,2026-09-08,2,fixo,27866.67,E_RS-SS-185_080926.pdf
352120,Iporanga,2026,Res SS 185/2026,2026-09-08,2,variavel,19158.33,E_RS-SS-185_080926.pdf
352130,Ipuã,2024,Res SS 18/2024,2024-02-08,1,fixo,100764.0,E_R-SS-18_080224.pdf
352130,Ipuã,2024,Res SS 140/2024,2024-06-20,2,fixo,100764.0,E_R-SS-140_200624.pdf
352130,Ipuã,2024,Res SS 140/2024,2024-06-20,2,variavel,65580.57,E_R-SS-140_200624.pdf
352130,Ipuã,2024,Res SS 140/2024,2024-06-20,3,fixo,100764.0,E_R-SS-140_200624.pdf
352130,Ipuã,2024,Res SS 140/2024,2024-06-20,3,variavel,65580.57,E_R-SS-140_200624.pdf
352130,Ipuã,2025,Res SS 13/2025,2025-01-24,1,fixo,83970.0,E_R-SS-13_240125.pdf
352130,Ipuã,2025,Res SS 97/2025,2025-05-30,2,fixo,83970.0,E_R-SS-97_300525.pdf
352130,Ipuã,2025,Res SS 180/2025,2025-10-08,1+2,variavel,83970.0,E_RS-SS-180_081025.pdf
352130,Ipuã,2025,Res SS 230/2025,2025-12-09,2,ajuste,41985.0,E_RS-SS-230_091225.pdf
352130,Ipuã,2025,Res SS 230/2025,2025-12-09,2025,bonus,0.0,E_RS-SS-230_091225.pdf
352130,Ipuã,2025,Res SS 230/2025,2025-12-09,3,fixo,83970.0,E_RS-SS-230_091225.pdf
352130,Ipuã,2025,Res SS 230/2025,2025-12-09,3,variavel,78092.1,E_RS-SS-230_091225.pdf
352130,Ipuã,2026,Res SS 111/2026,2026-06-09,1,fixo,83970.0,E_RS-SS-111_090626.pdf
352130,Ipuã,2026,Res SS 111/2026,2026-06-09,1,variavel,83970.0,E_RS-SS-111_090626.pdf
352130,Ipuã,2026,Res SS 185/2026,2026-09-08,2,fixo,83970.0,E_RS-SS-185_080926.pdf
352130,Ipuã,2026,Res SS 185/2026,2026-09-08,2,variavel,59618.7,E_RS-SS-185_080926.pdf
352140,Iracemápolis,2024,Res SS 18/2024,2024-02-08,1,fixo,74946.0,E_R-SS-18_080224.pdf
352140,Iracemápolis,2024,Res SS 140/2024,2024-06-20,2,fixo,74946.0,E_R-SS-140_200624.pdf
352140,Iracemápolis,2024,Res SS 140/2024,2024-06-20,2,variavel,45067.53,E_R-SS-140_200624.pdf
352140,Iracemápolis,2024,Res SS 140/2024,2024-06-20,3,fixo,74946.0,E_R-SS-140_200624.pdf
352140,Iracemápolis,2024,Res SS 140/2024,2024-06-20,3,variavel,45067.53,E_R-SS-140_200624.pdf
352140,Iracemápolis,2025,Res SS 13/2025,2025-01-24,1,fixo,62455.0,E_R-SS-13_240125.pdf
352140,Iracemápolis,2025,Res SS 97/2025,2025-05-30,2,fixo,62455.0,E_R-SS-97_300525.pdf
352140,Iracemápolis,2025,Res SS 180/2025,2025-10-08,1+2,variavel,79942.4,E_RS-SS-180_081025.pdf
352140,Iracemápolis,2025,Res SS 230/2025,2025-12-09,2,ajuste,20485.24,E_RS-SS-230_091225.pdf
352140,Iracemápolis,2025,Res SS 230/2025,2025-12-09,2025,bonus,0.0,E_RS-SS-230_091225.pdf
352140,Iracemápolis,2025,Res SS 230/2025,2025-12-09,3,fixo,62455.0,E_RS-SS-230_091225.pdf
352140,Iracemápolis,2025,Res SS 230/2025,2025-12-09,3,variavel,62455.0,E_RS-SS-230_091225.pdf
352140,Iracemápolis,2026,Res SS 111/2026,2026-06-09,1,fixo,62455.0,E_RS-SS-111_090626.pdf
352140,Iracemápolis,2026,Res SS 111/2026,2026-06-09,1,variavel,62455.0,E_RS-SS-111_090626.pdf
352140,Iracemápolis,2026,Res SS 185/2026,2026-09-08,2,fixo,62455.0,E_RS-SS-185_080926.pdf
352140,Iracemápolis,2026,Res SS 185/2026,2026-09-08,2,variavel,62455.0,E_RS-SS-185_080926.pdf
352150,Irapuã,2024,Res SS 18/2024,2024-02-08,1,fixo,48606.0,E_R-SS-18_080224.pdf
352150,Irapuã,2024,Res SS 140/2024,2024-06-20,2,fixo,48606.0,E_R-SS-140_200624.pdf
352150,Irapuã,2024,Res SS 140/2024,2024-06-20,2,variavel,23881.75,E_R-SS-140_200624.pdf
352150,Irapuã,2024,Res SS 140/2024,2024-06-20,3,fixo,48606.0,E_R-SS-140_200624.pdf
352150,Irapuã,2024,Res SS 140/2024,2024-06-20,3,variavel,23881.75,E_R-SS-140_200624.pdf
352150,Irapuã,2025,Res SS 13/2025,2025-01-24,1,fixo,40505.0,E_R-SS-13_240125.pdf
352150,Irapuã,2025,Res SS 97/2025,2025-05-30,2,fixo,40505.0,E_R-SS-97_300525.pdf
352150,Irapuã,2025,Res SS 180/2025,2025-10-08,1+2,variavel,42125.2,E_RS-SS-180_081025.pdf
352150,Irapuã,2025,Res SS 230/2025,2025-12-09,2,ajuste,3888.48,E_RS-SS-230_091225.pdf
352150,Irapuã,2025,Res SS 230/2025,2025-12-09,2025,bonus,0.0,E_RS-SS-230_091225.pdf
352150,Irapuã,2025,Res SS 230/2025,2025-12-09,3,fixo,40505.0,E_RS-SS-230_091225.pdf
352150,Irapuã,2025,Res SS 230/2025,2025-12-09,3,variavel,32404.0,E_RS-SS-230_091225.pdf
352150,Irapuã,2026,Res SS 111/2026,2026-06-09,1,fixo,40505.0,E_RS-SS-111_090626.pdf
352150,Irapuã,2026,Res SS 111/2026,2026-06-09,1,variavel,40505.0,E_RS-SS-111_090626.pdf
352150,Irapuã,2026,Res SS 185/2026,2026-09-08,2,fixo,40505.0,E_RS-SS-185_080926.pdf
352150,Irapuã,2026,Res SS 185/2026,2026-09-08,2,variavel,38884.8,E_RS-SS-185_080926.pdf
352160,Irapuru,2024,Res SS 18/2024,2024-02-08,1,fixo,58492.0,E_R-SS-18_080224.pdf
352160,Irapuru,2024,Res SS 140/2024,2024-06-20,2,fixo,58492.0,E_R-SS-140_200624.pdf
352160,Irapuru,2024,Res SS 140/2024,2024-06-20,2,variavel,31312.72,E_R-SS-140_200624.pdf
352160,Irapuru,2024,Res SS 140/2024,2024-06-20,3,fixo,58492.0,E_R-SS-140_200624.pdf
352160,Irapuru,2024,Res SS 140/2024,2024-06-20,3,variavel,31312.72,E_R-SS-140_200624.pdf
352160,Irapuru,2025,Res SS 13/2025,2025-01-24,1,fixo,48743.33,E_R-SS-13_240125.pdf
352160,Irapuru,2025,Res SS 97/2025,2025-05-30,2,fixo,48743.33,E_R-SS-97_300525.pdf
352160,Irapuru,2025,Res SS 180/2025,2025-10-08,1+2,variavel,49718.2,E_RS-SS-180_081025.pdf
352160,Irapuru,2025,Res SS 230/2025,2025-12-09,2,ajuste,20179.74,E_RS-SS-230_091225.pdf
352160,Irapuru,2025,Res SS 230/2025,2025-12-09,2025,bonus,0.0,E_RS-SS-230_091225.pdf
352160,Irapuru,2025,Res SS 230/2025,2025-12-09,3,fixo,48743.33,E_RS-SS-230_091225.pdf
352160,Irapuru,2025,Res SS 230/2025,2025-12-09,3,variavel,48743.33,E_RS-SS-230_091225.pdf
352160,Irapuru,2026,Res SS 111/2026,2026-06-09,1,fixo,48743.33,E_RS-SS-111_090626.pdf
352160,Irapuru,2026,Res SS 111/2026,2026-06-09,1,variavel,48743.33,E_RS-SS-111_090626.pdf
352160,Irapuru,2026,Res SS 185/2026,2026-09-08,2,fixo,48743.33,E_RS-SS-185_080926.pdf
352160,Irapuru,2026,Res SS 185/2026,2026-09-08,2,variavel,28271.13,E_RS-SS-185_080926.pdf
352170,Itaberá,2024,Res SS 18/2024,2024-02-08,1,fixo,104430.0,E_R-SS-18_080224.pdf
352170,Itaberá,2024,Res SS 140/2024,2024-06-20,2,fixo,104430.0,E_R-SS-140_200624.pdf
352170,Itaberá,2024,Res SS 140/2024,2024-06-20,2,variavel,50161.21,E_R-SS-140_200624.pdf
352170,Itaberá,2024,Res SS 140/2024,2024-06-20,3,fixo,104430.0,E_R-SS-140_200624.pdf
352170,Itaberá,2024,Res SS 140/2024,2024-06-20,3,variavel,50161.21,E_R-SS-140_200624.pdf
352170,Itaberá,2025,Res SS 13/2025,2025-01-24,1,fixo,87025.0,E_R-SS-13_240125.pdf
352170,Itaberá,2025,Res SS 97/2025,2025-05-30,2,fixo,87025.0,E_R-SS-97_300525.pdf
352170,Itaberá,2025,Res SS 180/2025,2025-10-08,1+2,variavel,123575.5,E_RS-SS-180_081025.pdf
352170,Itaberá,2025,Res SS 230/2025,2025-12-09,2,ajuste,0.0,E_RS-SS-230_091225.pdf
352170,Itaberá,2025,Res SS 230/2025,2025-12-09,2025,bonus,0.0,E_RS-SS-230_091225.pdf
352170,Itaberá,2025,Res SS 230/2025,2025-12-09,3,fixo,87025.0,E_RS-SS-230_091225.pdf
352170,Itaberá,2025,Res SS 230/2025,2025-12-09,3,variavel,87025.0,E_RS-SS-230_091225.pdf
352170,Itaberá,2026,Res SS 111/2026,2026-06-09,1,fixo,87025.0,E_RS-SS-111_090626.pdf
352170,Itaberá,2026,Res SS 111/2026,2026-06-09,1,variavel,68314.63,E_RS-SS-111_090626.pdf
352170,Itaberá,2026,Res SS 185/2026,2026-09-08,2,fixo,87025.0,E_RS-SS-185_080926.pdf
352170,Itaberá,2026,Res SS 185/2026,2026-09-08,2,variavel,40031.5,E_RS-SS-185_080926.pdf
352180,Itaí,2024,Res SS 18/2024,2024-02-08,1,fixo,82896.0,E_R-SS-18_080224.pdf
352180,Itaí,2024,Res SS 140/2024,2024-06-20,2,fixo,82896.0,E_R-SS-140_200624.pdf
352180,Itaí,2024,Res SS 140/2024,2024-06-20,2,variavel,49737.6,E_R-SS-140_200624.pdf
352180,Itaí,2024,Res SS 140/2024,2024-06-20,3,fixo,82896.0,E_R-SS-140_200624.pdf
352180,Itaí,2024,Res SS 140/2024,2024-06-20,3,variavel,49737.6,E_R-SS-140_200624.pdf
352180,Itaí,2025,Res SS 13/2025,2025-01-24,1,fixo,69080.0,E_R-SS-13_240125.pdf
352180,Itaí,2025,Res SS 97/2025,2025-05-30,2,fixo,69080.0,E_R-SS-97_300525.pdf
352180,Itaí,2025,Res SS 180/2025,2025-10-08,1+2,variavel,113291.2,E_RS-SS-180_081025.pdf
352180,Itaí,2025,Res SS 230/2025,2025-12-09,2,ajuste,0.0,E_RS-SS-230_091225.pdf
352180,Itaí,2025,Res SS 230/2025,2025-12-09,2025,bonus,0.0,E_RS-SS-230_091225.pdf
352180,Itaí,2025,Res SS 230/2025,2025-12-09,3,fixo,69080.0,E_RS-SS-230_091225.pdf
352180,Itaí,2025,Res SS 230/2025,2025-12-09,3,variavel,57336.4,E_RS-SS-230_091225.pdf
352180,Itaí,2026,Res SS 111/2026,2026-06-09,1,fixo,69080.0,E_RS-SS-111_090626.pdf
352180,Itaí,2026,Res SS 111/2026,2026-06-09,1,variavel,61481.2,E_RS-SS-111_090626.pdf
352180,Itaí,2026,Res SS 185/2026,2026-09-08,2,fixo,69080.0,E_RS-SS-185_080926.pdf
352180,Itaí,2026,Res SS 185/2026,2026-09-08,2,variavel,65971.4,E_RS-SS-185_080926.pdf
352190,Itajobi,2024,Res SS 18/2024,2024-02-08,1,fixo,91986.0,E_R-SS-18_080224.pdf
352190,Itajobi,2024,Res SS 140/2024,2024-06-20,2,fixo,91986.0,E_R-SS-140_200624.pdf
352190,Itajobi,2024,Res SS 140/2024,2024-06-20,2,variavel,60710.76,E_R-SS-140_200624.pdf
352190,Itajobi,2024,Res SS 140/2024,2024-06-20,3,fixo,91986.0,E_R-SS-140_200624.pdf
352190,Itajobi,2024,Res SS 140/2024,2024-06-20,3,variavel,60710.76,E_R-SS-140_200624.pdf
352190,Itajobi,2025,Res SS 13/2025,2025-01-24,1,fixo,76655.0,E_R-SS-13_240125.pdf
352190,Itajobi,2025,Res SS 97/2025,2025-05-30,2,fixo,76655.0,E_R-SS-97_300525.pdf
352190,Itajobi,2025,Res SS 180/2025,2025-10-08,1+2,variavel,147177.6,E_RS-SS-180_081025.pdf
352190,Itajobi,2025,Res SS 230/2025,2025-12-09,2,ajuste,2299.65,E_RS-SS-230_091225.pdf
352190,Itajobi,2025,Res SS 230/2025,2025-12-09,2025,bonus,229965.0,E_RS-SS-230_091225.pdf
352190,Itajobi,2025,Res SS 230/2025,2025-12-09,3,fixo,76655.0,E_RS-SS-230_091225.pdf
352190,Itajobi,2025,Res SS 230/2025,2025-12-09,3,variavel,71289.15,E_RS-SS-230_091225.pdf
352190,Itajobi,2026,Res SS 111/2026,2026-06-09,1,fixo,76655.0,E_RS-SS-111_090626.pdf
352190,Itajobi,2026,Res SS 111/2026,2026-06-09,1,variavel,63623.65,E_RS-SS-111_090626.pdf
352190,Itajobi,2026,Res SS 185/2026,2026-09-08,2,fixo,76655.0,E_RS-SS-185_080926.pdf
352190,Itajobi,2026,Res SS 185/2026,2026-09-08,2,variavel,73588.8,E_RS-SS-185_080926.pdf
352200,Itaju,2024,Res SS 18/2024,2024-02-08,1,fixo,23622.0,E_R-SS-18_080224.pdf
352200,Itaju,2024,Res SS 140/2024,2024-06-20,2,fixo,23622.0,E_R-SS-140_200624.pdf
352200,Itaju,2024,Res SS 140/2024,2024-06-20,2,variavel,14810.99,E_R-SS-140_200624.pdf
352200,Itaju,2024,Res SS 140/2024,2024-06-20,3,fixo,23622.0,E_R-SS-140_200624.pdf
352200,Itaju,2024,Res SS 140/2024,2024-06-20,3,variavel,14810.99,E_R-SS-140_200624.pdf
352200,Itaju,2025,Res SS 13/2025,2025-01-24,1,fixo,19685.0,E_R-SS-13_240125.pdf
352200,Itaju,2025,Res SS 97/2025,2025-05-30,2,fixo,19685.0,E_R-SS-97_300525.pdf
352200,Itaju,2025,Res SS 180/2025,2025-10-08,1+2,variavel,39370.0,E_RS-SS-180_081025.pdf
352200,Itaju,2025,Res SS 230/2025,2025-12-09,2,ajuste,0.0,E_RS-SS-230_091225.pdf
352200,Itaju,2025,Res SS 230/2025,2025-12-09,2025,bonus,0.0,E_RS-SS-230_091225.pdf
352200,Itaju,2025,Res SS 230/2025,2025-12-09,3,fixo,19685.0,E_RS-SS-230_091225.pdf
352200,Itaju,2025,Res SS 230/2025,2025-12-09,3,variavel,19685.0,E_RS-SS-230_091225.pdf
352200,Itaju,2026,Res SS 111/2026,2026-06-09,1,fixo,19685.0,E_RS-SS-111_090626.pdf
352200,Itaju,2026,Res SS 111/2026,2026-06-09,1,variavel,16240.13,E_RS-SS-111_090626.pdf
352200,Itaju,2026,Res SS 185/2026,2026-09-08,2,fixo,19685.0,E_RS-SS-185_080926.pdf
352200,Itaju,2026,Res SS 185/2026,2026-09-08,2,variavel,11122.03,E_RS-SS-185_080926.pdf
352210,Itanhaém,2024,Res SS 18/2024,2024-02-08,1,fixo,626106.0,E_R-SS-18_080224.pdf
352210,Itanhaém,2024,Res SS 140/2024,2024-06-20,2,fixo,626106.0,E_R-SS-140_200624.pdf
352210,Itanhaém,2024,Res SS 140/2024,2024-06-20,2,variavel,241050.81,E_R-SS-140_200624.pdf
352210,Itanhaém,2024,Res SS 140/2024,2024-06-20,3,fixo,626106.0,E_R-SS-140_200624.pdf
352210,Itanhaém,2024,Res SS 140/2024,2024-06-20,3,variavel,241050.81,E_R-SS-140_200624.pdf
352210,Itanhaém,2025,Res SS 13/2025,2025-01-24,1,fixo,521755.0,E_R-SS-13_240125.pdf
352210,Itanhaém,2025,Res SS 97/2025,2025-05-30,2,fixo,521755.0,E_R-SS-97_300525.pdf
352210,Itanhaém,2025,Res SS 180/2025,2025-10-08,1+2,variavel,292182.8,E_RS-SS-180_081025.pdf
352210,Itanhaém,2025,Res SS 230/2025,2025-12-09,2,ajuste,91307.13,E_RS-SS-230_091225.pdf
352210,Itanhaém,2025,Res SS 230/2025,2025-12-09,2025,bonus,0.0,E_RS-SS-230_091225.pdf
352210,Itanhaém,2025,Res SS 230/2025,2025-12-09,3,fixo,521755.0,E_RS-SS-230_091225.pdf
352210,Itanhaém,2025,Res SS 230/2025,2025-12-09,3,variavel,365228.5,E_RS-SS-230_091225.pdf
352210,Itanhaém,2026,Res SS 111/2026,2026-06-09,1,fixo,521755.0,E_RS-SS-111_090626.pdf
352210,Itanhaém,2026,Res SS 111/2026,2026-06-09,1,variavel,320879.33,E_RS-SS-111_090626.pdf
352210,Itanhaém,2026,Res SS 185/2026,2026-09-08,2,fixo,521755.0,E_RS-SS-185_080926.pdf
352210,Itanhaém,2026,Res SS 185/2026,2026-09-08,2,variavel,286965.25,E_RS-SS-185_080926.pdf
352215,Itaóca,2024,Res SS 18/2024,2024-02-08,1,fixo,26656.0,E_R-SS-18_080224.pdf
352215,Itaóca,2024,Res SS 140/2024,2024-06-20,2,fixo,26656.0,E_R-SS-140_200624.pdf
352215,Itaóca,2024,Res SS 140/2024,2024-06-20,2,variavel,13439.07,E_R-SS-140_200624.pdf
352215,Itaóca,2024,Res SS 140/2024,2024-06-20,3,fixo,26656.0,E_R-SS-140_200624.pdf
352215,Itaóca,2024,Res SS 140/2024,2024-06-20,3,variavel,13439.07,E_R-SS-140_200624.pdf
352215,Itaóca,2025,Res SS 13/2025,2025-01-24,1,fixo,22213.33,E_R-SS-13_240125.pdf
352215,Itaóca,2025,Res SS 97/2025,2025-05-30,2,fixo,22213.33,E_R-SS-97_300525.pdf
352215,Itaóca,2025,Res SS 180/2025,2025-10-08,1+2,variavel,30654.4,E_RS-SS-180_081025.pdf
352215,Itaóca,2025,Res SS 230/2025,2025-12-09,2,ajuste,1777.07,E_RS-SS-230_091225.pdf
352215,Itaóca,2025,Res SS 230/2025,2025-12-09,2025,bonus,0.0,E_RS-SS-230_091225.pdf
352215,Itaóca,2025,Res SS 230/2025,2025-12-09,3,fixo,22213.33,E_RS-SS-230_091225.pdf
352215,Itaóca,2025,Res SS 230/2025,2025-12-09,3,variavel,22213.33,E_RS-SS-230_091225.pdf
352215,Itaóca,2026,Res SS 111/2026,2026-06-09,1,fixo,22213.33,E_RS-SS-111_090626.pdf
352215,Itaóca,2026,Res SS 111/2026,2026-06-09,1,variavel,21213.73,E_RS-SS-111_090626.pdf
352215,Itaóca,2026,Res SS 185/2026,2026-09-08,2,fixo,22213.33,E_RS-SS-185_080926.pdf
352215,Itaóca,2026,Res SS 185/2026,2026-09-08,2,variavel,16882.13,E_RS-SS-185_080926.pdf
352220,Itapecerica Da Serra,2024,Res SS 18/2024,2024-02-08,1,fixo,538722.0,E_R-SS-18_080224.pdf
352220,Itapecerica Da Serra,2024,Res SS 140/2024,2024-06-20,2,fixo,538722.0,E_R-SS-140_200624.pdf
352220,Itapecerica Da Serra,2024,Res SS 140/2024,2024-06-20,2,variavel,240629.16,E_R-SS-140_200624.pdf
352220,Itapecerica Da Serra,2024,Res SS 140/2024,2024-06-20,3,fixo,538722.0,E_R-SS-140_200624.pdf
352220,Itapecerica Da Serra,2024,Res SS 140/2024,2024-06-20,3,variavel,240629.16,E_R-SS-140_200624.pdf
352220,Itapecerica Da Serra,2025,Res SS 13/2025,2025-01-24,1,fixo,448935.0,E_R-SS-13_240125.pdf
352220,Itapecerica Da Serra,2025,Res SS 97/2025,2025-05-30,2,fixo,448935.0,E_R-SS-97_300525.pdf
352220,Itapecerica Da Serra,2025,Res SS 180/2025,2025-10-08,1+2,variavel,502807.2,E_RS-SS-180_081025.pdf
352220,Itapecerica Da Serra,2025,Res SS 230/2025,2025-12-09,2,ajuste,40404.15,E_RS-SS-230_091225.pdf
352220,Itapecerica Da Serra,2025,Res SS 230/2025,2025-12-09,2025,bonus,0.0,E_RS-SS-230_091225.pdf
352220,Itapecerica Da Serra,2025,Res SS 230/2025,2025-12-09,3,fixo,448935.0,E_RS-SS-230_091225.pdf
352220,Itapecerica Da Serra,2025,Res SS 230/2025,2025-12-09,3,variavel,299664.11,E_RS-SS-230_091225.pdf
352220,Itapecerica Da Serra,2026,Res SS 111/2026,2026-06-09,1,fixo,448935.0,E_RS-SS-111_090626.pdf
352220,Itapecerica Da Serra,2026,Res SS 111/2026,2026-06-09,1,variavel,249158.93,E_RS-SS-111_090626.pdf
352220,Itapecerica Da Serra,2026,Res SS 185/2026,2026-09-08,2,fixo,448935.0,E_RS-SS-185_080926.pdf
352220,Itapecerica Da Serra,2026,Res SS 185/2026,2026-09-08,2,variavel,354658.65,E_RS-SS-185_080926.pdf
352230,Itapetininga,2024,Res SS 18/2024,2024-02-08,1,fixo,501318.0,E_R-SS-18_080224.pdf
352230,Itapetininga,2024,Res SS 140/2024,2024-06-20,2,fixo,501318.0,E_R-SS-140_200624.pdf
352230,Itapetininga,2024,Res SS 140/2024,2024-06-20,2,variavel,316164.55,E_R-SS-140_200624.pdf
352230,Itapetininga,2024,Res SS 140/2024,2024-06-20,3,fixo,501318.0,E_R-SS-140_200624.pdf
352230,Itapetininga,2024,Res SS 140/2024,2024-06-20,3,variavel,316164.55,E_R-SS-140_200624.pdf
352230,Itapetininga,2025,Res SS 13/2025,2025-01-24,1,fixo,417765.0,E_R-SS-13_240125.pdf
352230,Itapetininga,2025,Res SS 97/2025,2025-05-30,2,fixo,417765.0,E_R-SS-97_300525.pdf
352230,Itapetininga,2025,Res SS 180/2025,2025-10-08,1+2,variavel,492962.7,E_RS-SS-180_081025.pdf
352230,Itapetininga,2025,Res SS 230/2025,2025-12-09,2,ajuste,129507.15,E_RS-SS-230_091225.pdf
352230,Itapetininga,2025,Res SS 230/2025,2025-12-09,2025,bonus,0.0,E_RS-SS-230_091225.pdf
352230,Itapetininga,2025,Res SS 230/2025,2025-12-09,3,fixo,417765.0,E_RS-SS-230_091225.pdf
352230,Itapetininga,2025,Res SS 230/2025,2025-12-09,3,variavel,342567.3,E_RS-SS-230_091225.pdf
352230,Itapetininga,2026,Res SS 111/2026,2026-06-09,1,fixo,417765.0,E_RS-SS-111_090626.pdf
352230,Itapetininga,2026,Res SS 111/2026,2026-06-09,1,variavel,375988.5,E_RS-SS-111_090626.pdf
352230,Itapetininga,2026,Res SS 185/2026,2026-09-08,2,fixo,417765.0,E_RS-SS-185_080926.pdf
352230,Itapetininga,2026,Res SS 185/2026,2026-09-08,2,variavel,375988.5,E_RS-SS-185_080926.pdf
352240,Itapeva,2024,Res SS 18/2024,2024-02-08,1,fixo,571446.0,E_R-SS-18_080224.pdf
352240,Itapeva,2024,Res SS 140/2024,2024-06-20,2,fixo,571446.0,E_R-SS-140_200624.pdf
352240,Itapeva,2024,Res SS 140/2024,2024-06-20,2,variavel,272389.26,E_R-SS-140_200624.pdf
352240,Itapeva,2024,Res SS 140/2024,2024-06-20,3,fixo,571446.0,E_R-SS-140_200624.pdf
352240,Itapeva,2024,Res SS 140/2024,2024-06-20,3,variavel,272389.26,E_R-SS-140_200624.pdf
352240,Itapeva,2025,Res SS 13/2025,2025-01-24,1,fixo,476205.0,E_R-SS-13_240125.pdf
352240,Itapeva,2025,Res SS 97/2025,2025-05-30,2,fixo,476205.0,E_R-SS-97_300525.pdf
352240,Itapeva,2025,Res SS 180/2025,2025-10-08,1+2,variavel,266674.8,E_RS-SS-180_081025.pdf
352240,Itapeva,2025,Res SS 230/2025,2025-12-09,2,ajuste,254293.47,E_RS-SS-230_091225.pdf
352240,Itapeva,2025,Res SS 230/2025,2025-12-09,2025,bonus,0.0,E_RS-SS-230_091225.pdf
352240,Itapeva,2025,Res SS 230/2025,2025-12-09,3,fixo,476205.0,E_RS-SS-230_091225.pdf
352240,Itapeva,2025,Res SS 230/2025,2025-12-09,3,variavel,295247.1,E_RS-SS-230_091225.pdf
352240,Itapeva,2026,Res SS 111/2026,2026-06-09,1,fixo,476205.0,E_RS-SS-111_090626.pdf
352240,Itapeva,2026,Res SS 111/2026,2026-06-09,1,variavel,466680.9,E_RS-SS-111_090626.pdf
352240,Itapeva,2026,Res SS 185/2026,2026-09-08,2,fixo,476205.0,E_RS-SS-185_080926.pdf
352240,Itapeva,2026,Res SS 185/2026,2026-09-08,2,variavel,451204.24,E_RS-SS-185_080926.pdf
352250,Itapevi,2024,Res SS 18/2024,2024-02-08,1,fixo,732393.0,E_R-SS-18_080224.pdf
352250,Itapevi,2024,Res SS 140/2024,2024-06-20,2,fixo,732393.0,E_R-SS-140_200624.pdf
352250,Itapevi,2024,Res SS 140/2024,2024-06-20,2,variavel,359849.09,E_R-SS-140_200624.pdf
352250,Itapevi,2024,Res SS 140/2024,2024-06-20,3,fixo,732393.0,E_R-SS-140_200624.pdf
352250,Itapevi,2024,Res SS 140/2024,2024-06-20,3,variavel,359849.09,E_R-SS-140_200624.pdf
352250,Itapevi,2025,Res SS 13/2025,2025-01-24,1,fixo,610327.5,E_R-SS-13_240125.pdf
352250,Itapevi,2025,Res SS 97/2025,2025-05-30,2,fixo,610327.5,E_R-SS-97_300525.pdf
352250,Itapevi,2025,Res SS 180/2025,2025-10-08,1+2,variavel,366196.5,E_RS-SS-180_081025.pdf
352250,Itapevi,2025,Res SS 230/2025,2025-12-09,2,ajuste,18309.83,E_RS-SS-230_091225.pdf
352250,Itapevi,2025,Res SS 230/2025,2025-12-09,2025,bonus,0.0,E_RS-SS-230_091225.pdf
352250,Itapevi,2025,Res SS 230/2025,2025-12-09,3,fixo,610327.5,E_RS-SS-230_091225.pdf
352250,Itapevi,2025,Res SS 230/2025,2025-12-09,3,variavel,378403.05,E_RS-SS-230_091225.pdf
352250,Itapevi,2026,Res SS 111/2026,2026-06-09,1,fixo,610327.5,E_RS-SS-111_090626.pdf
352250,Itapevi,2026,Res SS 111/2026,2026-06-09,1,variavel,366196.5,E_RS-SS-111_090626.pdf
352250,Itapevi,2026,Res SS 185/2026,2026-09-08,2,fixo,610327.5,E_RS-SS-185_080926.pdf
352250,Itapevi,2026,Res SS 185/2026,2026-09-08,2,variavel,247182.64,E_RS-SS-185_080926.pdf
352260,Itapira,2024,Res SS 18/2024,2024-02-08,1,fixo,227049.0,E_R-SS-18_080224.pdf
352260,Itapira,2024,Res SS 140/2024,2024-06-20,2,fixo,227049.0,E_R-SS-140_200624.pdf
352260,Itapira,2024,Res SS 140/2024,2024-06-20,2,variavel,95360.58,E_R-SS-140_200624.pdf
352260,Itapira,2024,Res SS 140/2024,2024-06-20,3,fixo,227049.0,E_R-SS-140_200624.pdf
352260,Itapira,2024,Res SS 140/2024,2024-06-20,3,variavel,95360.58,E_R-SS-140_200624.pdf
352260,Itapira,2025,Res SS 13/2025,2025-01-24,1,fixo,189207.5,E_R-SS-13_240125.pdf
352260,Itapira,2025,Res SS 97/2025,2025-05-30,2,fixo,189207.5,E_R-SS-97_300525.pdf
352260,Itapira,2025,Res SS 180/2025,2025-10-08,1+2,variavel,121092.8,E_RS-SS-180_081025.pdf
352260,Itapira,2025,Res SS 230/2025,2025-12-09,2,ajuste,49193.95,E_RS-SS-230_091225.pdf
352260,Itapira,2025,Res SS 230/2025,2025-12-09,2025,bonus,0.0,E_RS-SS-230_091225.pdf
352260,Itapira,2025,Res SS 230/2025,2025-12-09,3,fixo,189207.5,E_RS-SS-230_091225.pdf
352260,Itapira,2025,Res SS 230/2025,2025-12-09,3,variavel,123930.91,E_RS-SS-230_091225.pdf
352260,Itapira,2026,Res SS 111/2026,2026-06-09,1,fixo,189207.5,E_RS-SS-111_090626.pdf
352260,Itapira,2026,Res SS 111/2026,2026-06-09,1,variavel,71898.85,E_RS-SS-111_090626.pdf
352260,Itapira,2026,Res SS 185/2026,2026-09-08,2,fixo,189207.5,E_RS-SS-185_080926.pdf
352260,Itapira,2026,Res SS 185/2026,2026-09-08,2,variavel,121092.8,E_RS-SS-185_080926.pdf
352265,Itapirapuã Paulista,2024,Res SS 18/2024,2024-02-08,1,fixo,34352.0,E_R-SS-18_080224.pdf
352265,Itapirapuã Paulista,2024,Res SS 140/2024,2024-06-20,2,fixo,34352.0,E_R-SS-140_200624.pdf
352265,Itapirapuã Paulista,2024,Res SS 140/2024,2024-06-20,2,variavel,18137.86,E_R-SS-140_200624.pdf
352265,Itapirapuã Paulista,2024,Res SS 140/2024,2024-06-20,3,fixo,34352.0,E_R-SS-140_200624.pdf
352265,Itapirapuã Paulista,2024,Res SS 140/2024,2024-06-20,3,variavel,18137.86,E_R-SS-140_200624.pdf
352265,Itapirapuã Paulista,2025,Res SS 13/2025,2025-01-24,1,fixo,28626.67,E_R-SS-13_240125.pdf
352265,Itapirapuã Paulista,2025,Res SS 97/2025,2025-05-30,2,fixo,28626.67,E_R-SS-97_300525.pdf
352265,Itapirapuã Paulista,2025,Res SS 180/2025,2025-10-08,1+2,variavel,53818.13,E_RS-SS-180_081025.pdf
352265,Itapirapuã Paulista,2025,Res SS 230/2025,2025-12-09,2,ajuste,0.0,E_RS-SS-230_091225.pdf
352265,Itapirapuã Paulista,2025,Res SS 230/2025,2025-12-09,2025,bonus,0.0,E_RS-SS-230_091225.pdf
352265,Itapirapuã Paulista,2025,Res SS 230/2025,2025-12-09,3,fixo,28626.67,E_RS-SS-230_091225.pdf
352265,Itapirapuã Paulista,2025,Res SS 230/2025,2025-12-09,3,variavel,28626.67,E_RS-SS-230_091225.pdf
352265,Itapirapuã Paulista,2026,Res SS 111/2026,2026-06-09,1,fixo,28626.67,E_RS-SS-111_090626.pdf
352265,Itapirapuã Paulista,2026,Res SS 111/2026,2026-06-09,1,variavel,20468.07,E_RS-SS-111_090626.pdf
352265,Itapirapuã Paulista,2026,Res SS 185/2026,2026-09-08,2,fixo,28626.67,E_RS-SS-185_080926.pdf
352265,Itapirapuã Paulista,2026,Res SS 185/2026,2026-09-08,2,variavel,14885.87,E_RS-SS-185_080926.pdf
352270,Itápolis,2024,Res SS 18/2024,2024-02-08,1,fixo,130608.0,E_R-SS-18_080224.pdf
352270,Itápolis,2024,Res SS 140/2024,2024-06-20,2,fixo,130608.0,E_R-SS-140_200624.pdf
352270,Itápolis,2024,Res SS 140/2024,2024-06-20,2,variavel,72792.19,E_R-SS-140_200624.pdf
352270,Itápolis,2024,Res SS 140/2024,2024-06-20,3,fixo,130608.0,E_R-SS-140_200624.pdf
352270,Itápolis,2024,Res SS 140/2024,2024-06-20,3,variavel,72792.19,E_R-SS-140_200624.pdf
352270,Itápolis,2025,Res SS 13/2025,2025-01-24,1,fixo,108840.0,E_R-SS-13_240125.pdf
352270,Itápolis,2025,Res SS 97/2025,2025-05-30,2,fixo,108840.0,E_R-SS-97_300525.pdf
352270,Itápolis,2025,Res SS 180/2025,2025-10-08,1+2,variavel,56596.8,E_RS-SS-180_081025.pdf
352270,Itápolis,2025,Res SS 230/2025,2025-12-09,2,ajuste,49522.2,E_RS-SS-230_091225.pdf
352270,Itápolis,2025,Res SS 230/2025,2025-12-09,2025,bonus,0.0,E_RS-SS-230_091225.pdf
352270,Itápolis,2025,Res SS 230/2025,2025-12-09,3,fixo,108840.0,E_RS-SS-230_091225.pdf
352270,Itápolis,2025,Res SS 230/2025,2025-12-09,3,variavel,81085.8,E_RS-SS-230_091225.pdf
352270,Itápolis,2026,Res SS 111/2026,2026-06-09,1,fixo,108840.0,E_RS-SS-111_090626.pdf
352270,Itápolis,2026,Res SS 111/2026,2026-06-09,1,variavel,93602.4,E_RS-SS-111_090626.pdf
352270,Itápolis,2026,Res SS 185/2026,2026-09-08,2,fixo,108840.0,E_RS-SS-185_080926.pdf
352270,Itápolis,2026,Res SS 185/2026,2026-09-08,2,variavel,51154.8,E_RS-SS-185_080926.pdf
352280,Itaporanga,2024,Res SS 18/2024,2024-02-08,1,fixo,106379.0,E_R-SS-18_080224.pdf
352280,Itaporanga,2024,Res SS 140/2024,2024-06-20,2,fixo,106379.0,E_R-SS-140_200624.pdf
352280,Itaporanga,2024,Res SS 140/2024,2024-06-20,2,variavel,44076.37,E_R-SS-140_200624.pdf
352280,Itaporanga,2024,Res SS 140/2024,2024-06-20,3,fixo,106379.0,E_R-SS-140_200624.pdf
352280,Itaporanga,2024,Res SS 140/2024,2024-06-20,3,variavel,44076.37,E_R-SS-140_200624.pdf
352280,Itaporanga,2025,Res SS 13/2025,2025-01-24,1,fixo,88649.17,E_R-SS-13_240125.pdf
352280,Itaporanga,2025,Res SS 97/2025,2025-05-30,2,fixo,88649.17,E_R-SS-97_300525.pdf
352280,Itaporanga,2025,Res SS 180/2025,2025-10-08,1+2,variavel,101060.05,E_RS-SS-180_081025.pdf
352280,Itaporanga,2025,Res SS 230/2025,2025-12-09,2,ajuste,177.3,E_RS-SS-230_091225.pdf
352280,Itaporanga,2025,Res SS 230/2025,2025-12-09,2025,bonus,0.0,E_RS-SS-230_091225.pdf
352280,Itaporanga,2025,Res SS 230/2025,2025-12-09,3,fixo,88649.17,E_RS-SS-230_091225.pdf
352280,Itaporanga,2025,Res SS 230/2025,2025-12-09,3,variavel,88649.17,E_RS-SS-230_091225.pdf
352280,Itaporanga,2026,Res SS 111/2026,2026-06-09,1,fixo,88649.17,E_RS-SS-111_090626.pdf
352280,Itaporanga,2026,Res SS 111/2026,2026-06-09,1,variavel,82443.73,E_RS-SS-111_090626.pdf
352280,Itaporanga,2026,Res SS 185/2026,2026-09-08,2,fixo,88649.17,E_RS-SS-185_080926.pdf
352280,Itaporanga,2026,Res SS 185/2026,2026-09-08,2,variavel,59394.94,E_RS-SS-185_080926.pdf
352290,Itapuí,2024,Res SS 18/2024,2024-02-08,1,fixo,71485.0,E_R-SS-18_080224.pdf
352290,Itapuí,2024,Res SS 140/2024,2024-06-20,2,fixo,71485.0,E_R-SS-140_200624.pdf
352290,Itapuí,2024,Res SS 140/2024,2024-06-20,2,variavel,39840.97,E_R-SS-140_200624.pdf
352290,Itapuí,2024,Res SS 140/2024,2024-06-20,3,fixo,71485.0,E_R-SS-140_200624.pdf
352290,Itapuí,2024,Res SS 140/2024,2024-06-20,3,variavel,39840.97,E_R-SS-140_200624.pdf
352290,Itapuí,2025,Res SS 13/2025,2025-01-24,1,fixo,59570.83,E_R-SS-13_240125.pdf
352290,Itapuí,2025,Res SS 97/2025,2025-05-30,2,fixo,59570.83,E_R-SS-97_300525.pdf
352290,Itapuí,2025,Res SS 180/2025,2025-10-08,1+2,variavel,35742.5,E_RS-SS-180_081025.pdf
352290,Itapuí,2025,Res SS 230/2025,2025-12-09,2,ajuste,35861.64,E_RS-SS-230_091225.pdf
352290,Itapuí,2025,Res SS 230/2025,2025-12-09,2025,bonus,0.0,E_RS-SS-230_091225.pdf
352290,Itapuí,2025,Res SS 230/2025,2025-12-09,3,fixo,59570.83,E_RS-SS-230_091225.pdf
352290,Itapuí,2025,Res SS 230/2025,2025-12-09,3,variavel,33657.52,E_RS-SS-230_091225.pdf
352290,Itapuí,2026,Res SS 111/2026,2026-06-09,1,fixo,59570.83,E_RS-SS-111_090626.pdf
352290,Itapuí,2026,Res SS 111/2026,2026-06-09,1,variavel,59570.83,E_RS-SS-111_090626.pdf
352290,Itapuí,2026,Res SS 185/2026,2026-09-08,2,fixo,59570.83,E_RS-SS-185_080926.pdf
352290,Itapuí,2026,Res SS 185/2026,2026-09-08,2,variavel,47656.67,E_RS-SS-185_080926.pdf
352300,Itapura,2024,Res SS 18/2024,2024-02-08,1,fixo,34958.0,E_R-SS-18_080224.pdf
352300,Itapura,2024,Res SS 140/2024,2024-06-20,2,fixo,34958.0,E_R-SS-140_200624.pdf
352300,Itapura,2024,Res SS 140/2024,2024-06-20,2,variavel,21598.22,E_R-SS-140_200624.pdf
352300,Itapura,2024,Res SS 140/2024,2024-06-20,3,fixo,34958.0,E_R-SS-140_200624.pdf
352300,Itapura,2024,Res SS 140/2024,2024-06-20,3,variavel,21598.22,E_R-SS-140_200624.pdf
352300,Itapura,2025,Res SS 13/2025,2025-01-24,1,fixo,29131.67,E_R-SS-13_240125.pdf
352300,Itapura,2025,Res SS 97/2025,2025-05-30,2,fixo,29131.67,E_R-SS-97_300525.pdf
352300,Itapura,2025,Res SS 180/2025,2025-10-08,1+2,variavel,55932.8,E_RS-SS-180_081025.pdf
352300,Itapura,2025,Res SS 230/2025,2025-12-09,2,ajuste,0.0,E_RS-SS-230_091225.pdf
352300,Itapura,2025,Res SS 230/2025,2025-12-09,2025,bonus,0.0,E_RS-SS-230_091225.pdf
352300,Itapura,2025,Res SS 230/2025,2025-12-09,3,fixo,29131.67,E_RS-SS-230_091225.pdf
352300,Itapura,2025,Res SS 230/2025,2025-12-09,3,variavel,29131.67,E_RS-SS-230_091225.pdf
352300,Itapura,2026,Res SS 111/2026,2026-06-09,1,fixo,29131.67,E_RS-SS-111_090626.pdf
352300,Itapura,2026,Res SS 111/2026,2026-06-09,1,variavel,25344.55,E_RS-SS-111_090626.pdf
352300,Itapura,2026,Res SS 185/2026,2026-09-08,2,fixo,29131.67,E_RS-SS-185_080926.pdf
352300,Itapura,2026,Res SS 185/2026,2026-09-08,2,variavel,13983.2,E_RS-SS-185_080926.pdf
352310,Itaquaquecetuba,2024,Res SS 18/2024,2024-02-08,1,fixo,1895410.0,E_R-SS-18_080224.pdf
352310,Itaquaquecetuba,2024,Res SS 140/2024,2024-06-20,2,fixo,1895410.0,E_R-SS-140_200624.pdf
352310,Itaquaquecetuba,2024,Res SS 140/2024,2024-06-20,2,variavel,854829.91,E_R-SS-140_200624.pdf
352310,Itaquaquecetuba,2024,Res SS 140/2024,2024-06-20,3,fixo,1895410.0,E_R-SS-140_200624.pdf
352310,Itaquaquecetuba,2024,Res SS 140/2024,2024-06-20,3,variavel,854829.91,E_R-SS-140_200624.pdf
352310,Itaquaquecetuba,2025,Res SS 13/2025,2025-01-24,1,fixo,1579508.33,E_R-SS-13_240125.pdf
352310,Itaquaquecetuba,2025,Res SS 97/2025,2025-05-30,2,fixo,1579508.33,E_R-SS-97_300525.pdf
352310,Itaquaquecetuba,2025,Res SS 180/2025,2025-10-08,1+2,variavel,631803.33,E_RS-SS-180_081025.pdf
352310,Itaquaquecetuba,2025,Res SS 230/2025,2025-12-09,2,ajuste,489647.58,E_RS-SS-230_091225.pdf
352310,Itaquaquecetuba,2025,Res SS 230/2025,2025-12-09,2025,bonus,0.0,E_RS-SS-230_091225.pdf
352310,Itaquaquecetuba,2025,Res SS 230/2025,2025-12-09,3,fixo,1579508.33,E_RS-SS-230_091225.pdf
352310,Itaquaquecetuba,2025,Res SS 230/2025,2025-12-09,3,variavel,722625.06,E_RS-SS-230_091225.pdf
352310,Itaquaquecetuba,2026,Res SS 111/2026,2026-06-09,1,fixo,1579508.33,E_RS-SS-111_090626.pdf
352310,Itaquaquecetuba,2026,Res SS 111/2026,2026-06-09,1,variavel,884524.67,E_RS-SS-111_090626.pdf
352310,Itaquaquecetuba,2026,Res SS 185/2026,2026-09-08,2,fixo,1579508.33,E_RS-SS-185_080926.pdf
352310,Itaquaquecetuba,2026,Res SS 185/2026,2026-09-08,2,variavel,564674.23,E_RS-SS-185_080926.pdf
352320,Itararé,2024,Res SS 18/2024,2024-02-08,1,fixo,304668.0,E_R-SS-18_080224.pdf
352320,Itararé,2024,Res SS 140/2024,2024-06-20,2,fixo,304668.0,E_R-SS-140_200624.pdf
352320,Itararé,2024,Res SS 140/2024,2024-06-20,2,variavel,166551.84,E_R-SS-140_200624.pdf
352320,Itararé,2024,Res SS 140/2024,2024-06-20,3,fixo,304668.0,E_R-SS-140_200624.pdf
352320,Itararé,2024,Res SS 140/2024,2024-06-20,3,variavel,166551.84,E_R-SS-140_200624.pdf
352320,Itararé,2025,Res SS 13/2025,2025-01-24,1,fixo,253890.0,E_R-SS-13_240125.pdf
352320,Itararé,2025,Res SS 97/2025,2025-05-30,2,fixo,253890.0,E_R-SS-97_300525.pdf
352320,Itararé,2025,Res SS 180/2025,2025-10-08,1+2,variavel,269123.4,E_RS-SS-180_081025.pdf
352320,Itararé,2025,Res SS 230/2025,2025-12-09,2,ajuste,63472.5,E_RS-SS-230_091225.pdf
352320,Itararé,2025,Res SS 230/2025,2025-12-09,2025,bonus,0.0,E_RS-SS-230_091225.pdf
352320,Itararé,2025,Res SS 230/2025,2025-12-09,3,fixo,253890.0,E_RS-SS-230_091225.pdf
352320,Itararé,2025,Res SS 230/2025,2025-12-09,3,variavel,233578.8,E_RS-SS-230_091225.pdf
352320,Itararé,2026,Res SS 111/2026,2026-06-09,1,fixo,253890.0,E_RS-SS-111_090626.pdf
352320,Itararé,2026,Res SS 111/2026,2026-06-09,1,variavel,236117.7,E_RS-SS-111_090626.pdf
352320,Itararé,2026,Res SS 185/2026,2026-09-08,2,fixo,253890.0,E_RS-SS-185_080926.pdf
352320,Itararé,2026,Res SS 185/2026,2026-09-08,2,variavel,137100.6,E_RS-SS-185_080926.pdf
352330,Itariri,2024,Res SS 18/2024,2024-02-08,1,fixo,142032.0,E_R-SS-18_080224.pdf
352330,Itariri,2024,Res SS 140/2024,2024-06-20,2,fixo,142032.0,E_R-SS-140_200624.pdf
352330,Itariri,2024,Res SS 140/2024,2024-06-20,2,variavel,77076.03,E_R-SS-140_200624.pdf
352330,Itariri,2024,Res SS 140/2024,2024-06-20,3,fixo,142032.0,E_R-SS-140_200624.pdf
352330,Itariri,2024,Res SS 140/2024,2024-06-20,3,variavel,77076.03,E_R-SS-140_200624.pdf
352330,Itariri,2025,Res SS 13/2025,2025-01-24,1,fixo,118360.0,E_R-SS-13_240125.pdf
352330,Itariri,2025,Res SS 97/2025,2025-05-30,2,fixo,118360.0,E_R-SS-97_300525.pdf
352330,Itariri,2025,Res SS 180/2025,2025-10-08,1+2,variavel,179907.2,E_RS-SS-180_081025.pdf
352330,Itariri,2025,Res SS 230/2025,2025-12-09,2,ajuste,3787.52,E_RS-SS-230_091225.pdf
352330,Itariri,2025,Res SS 230/2025,2025-12-09,2025,bonus,0.0,E_RS-SS-230_091225.pdf
352330,Itariri,2025,Res SS 230/2025,2025-12-09,3,fixo,118360.0,E_RS-SS-230_091225.pdf
352330,Itariri,2025,Res SS 230/2025,2025-12-09,3,variavel,90841.3,E_RS-SS-230_091225.pdf
352330,Itariri,2026,Res SS 111/2026,2026-06-09,1,fixo,118360.0,E_RS-SS-111_090626.pdf
352330,Itariri,2026,Res SS 111/2026,2026-06-09,1,variavel,118360.0,E_RS-SS-111_090626.pdf
352330,Itariri,2026,Res SS 185/2026,2026-09-08,2,fixo,118360.0,E_RS-SS-185_080926.pdf
352330,Itariri,2026,Res SS 185/2026,2026-09-08,2,variavel,97647.0,E_RS-SS-185_080926.pdf
352340,Itatiba,2024,Res SS 18/2024,2024-02-08,1,fixo,372762.0,E_R-SS-18_080224.pdf
352340,Itatiba,2024,Res SS 140/2024,2024-06-20,2,fixo,372762.0,E_R-SS-140_200624.pdf
352340,Itatiba,2024,Res SS 140/2024,2024-06-20,2,variavel,198806.4,E_R-SS-140_200624.pdf
352340,Itatiba,2024,Res SS 140/2024,2024-06-20,3,fixo,372762.0,E_R-SS-140_200624.pdf
352340,Itatiba,2024,Res SS 140/2024,2024-06-20,3,variavel,198806.4,E_R-SS-140_200624.pdf
352340,Itatiba,2025,Res SS 13/2025,2025-01-24,1,fixo,310635.0,E_R-SS-13_240125.pdf
352340,Itatiba,2025,Res SS 97/2025,2025-05-30,2,fixo,310635.0,E_R-SS-97_300525.pdf
352340,Itatiba,2025,Res SS 180/2025,2025-10-08,1+2,variavel,410038.2,E_RS-SS-180_081025.pdf
352340,Itatiba,2025,Res SS 230/2025,2025-12-09,2,ajuste,0.0,E_RS-SS-230_091225.pdf
352340,Itatiba,2025,Res SS 230/2025,2025-12-09,2025,bonus,0.0,E_RS-SS-230_091225.pdf
352340,Itatiba,2025,Res SS 230/2025,2025-12-09,3,fixo,310635.0,E_RS-SS-230_091225.pdf
352340,Itatiba,2025,Res SS 230/2025,2025-12-09,3,variavel,278018.33,E_RS-SS-230_091225.pdf
352340,Itatiba,2026,Res SS 111/2026,2026-06-09,1,fixo,310635.0,E_RS-SS-111_090626.pdf
352340,Itatiba,2026,Res SS 111/2026,2026-06-09,1,variavel,236082.6,E_RS-SS-111_090626.pdf
352340,Itatiba,2026,Res SS 185/2026,2026-09-08,2,fixo,310635.0,E_RS-SS-185_080926.pdf
352340,Itatiba,2026,Res SS 185/2026,2026-09-08,2,variavel,155317.5,E_RS-SS-185_080926.pdf
352350,Itatinga,2024,Res SS 18/2024,2024-02-08,1,fixo,126834.0,E_R-SS-18_080224.pdf
352350,Itatinga,2024,Res SS 140/2024,2024-06-20,2,fixo,126834.0,E_R-SS-140_200624.pdf
352350,Itatinga,2024,Res SS 140/2024,2024-06-20,2,variavel,70688.82,E_R-SS-140_200624.pdf
352350,Itatinga,2024,Res SS 140/2024,2024-06-20,3,fixo,126834.0,E_R-SS-140_200624.pdf
352350,Itatinga,2024,Res SS 140/2024,2024-06-20,3,variavel,70688.82,E_R-SS-140_200624.pdf
352350,Itatinga,2025,Res SS 13/2025,2025-01-24,1,fixo,105695.0,E_R-SS-13_240125.pdf
352350,Itatinga,2025,Res SS 97/2025,2025-05-30,2,fixo,105695.0,E_R-SS-97_300525.pdf
352350,Itatinga,2025,Res SS 180/2025,2025-10-08,1+2,variavel,112036.7,E_RS-SS-180_081025.pdf
352350,Itatinga,2025,Res SS 230/2025,2025-12-09,2,ajuste,23041.51,E_RS-SS-230_091225.pdf
352350,Itatinga,2025,Res SS 230/2025,2025-12-09,2025,bonus,0.0,E_RS-SS-230_091225.pdf
352350,Itatinga,2025,Res SS 230/2025,2025-12-09,3,fixo,105695.0,E_RS-SS-230_091225.pdf
352350,Itatinga,2025,Res SS 230/2025,2025-12-09,3,variavel,96710.93,E_RS-SS-230_091225.pdf
352350,Itatinga,2026,Res SS 111/2026,2026-06-09,1,fixo,105695.0,E_RS-SS-111_090626.pdf
352350,Itatinga,2026,Res SS 111/2026,2026-06-09,1,variavel,95125.5,E_RS-SS-111_090626.pdf
352350,Itatinga,2026,Res SS 185/2026,2026-09-08,2,fixo,105695.0,E_RS-SS-185_080926.pdf
352350,Itatinga,2026,Res SS 185/2026,2026-09-08,2,variavel,53904.45,E_RS-SS-185_080926.pdf
352360,Itirapina,2024,Res SS 18/2024,2024-02-08,1,fixo,55830.0,E_R-SS-18_080224.pdf
352360,Itirapina,2024,Res SS 140/2024,2024-06-20,2,fixo,55830.0,E_R-SS-140_200624.pdf
352360,Itirapina,2024,Res SS 140/2024,2024-06-20,2,variavel,35210.12,E_R-SS-140_200624.pdf
352360,Itirapina,2024,Res SS 140/2024,2024-06-20,3,fixo,55830.0,E_R-SS-140_200624.pdf
352360,Itirapina,2024,Res SS 140/2024,2024-06-20,3,variavel,35210.12,E_R-SS-140_200624.pdf
352360,Itirapina,2025,Res SS 13/2025,2025-01-24,1,fixo,46525.0,E_R-SS-13_240125.pdf
352360,Itirapina,2025,Res SS 97/2025,2025-05-30,2,fixo,46525.0,E_R-SS-97_300525.pdf
352360,Itirapina,2025,Res SS 180/2025,2025-10-08,1+2,variavel,71648.5,E_RS-SS-180_081025.pdf
352360,Itirapina,2025,Res SS 230/2025,2025-12-09,2,ajuste,6141.3,E_RS-SS-230_091225.pdf
352360,Itirapina,2025,Res SS 230/2025,2025-12-09,2025,bonus,0.0,E_RS-SS-230_091225.pdf
352360,Itirapina,2025,Res SS 230/2025,2025-12-09,3,fixo,46525.0,E_RS-SS-230_091225.pdf
352360,Itirapina,2025,Res SS 230/2025,2025-12-09,3,variavel,40244.13,E_RS-SS-230_091225.pdf
352360,Itirapina,2026,Res SS 111/2026,2026-06-09,1,fixo,46525.0,E_RS-SS-111_090626.pdf
352360,Itirapina,2026,Res SS 111/2026,2026-06-09,1,variavel,34195.88,E_RS-SS-111_090626.pdf
352360,Itirapina,2026,Res SS 185/2026,2026-09-08,2,fixo,46525.0,E_RS-SS-185_080926.pdf
352360,Itirapina,2026,Res SS 185/2026,2026-09-08,2,variavel,37220.0,E_RS-SS-185_080926.pdf
352370,Itirapuã,2024,Res SS 18/2024,2024-02-08,1,fixo,52696.0,E_R-SS-18_080224.pdf
352370,Itirapuã,2024,Res SS 140/2024,2024-06-20,2,fixo,52696.0,E_R-SS-140_200624.pdf
352370,Itirapuã,2024,Res SS 140/2024,2024-06-20,2,variavel,31687.86,E_R-SS-140_200624.pdf
352370,Itirapuã,2024,Res SS 140/2024,2024-06-20,3,fixo,52696.0,E_R-SS-140_200624.pdf
352370,Itirapuã,2024,Res SS 140/2024,2024-06-20,3,variavel,31687.86,E_R-SS-140_200624.pdf
352370,Itirapuã,2025,Res SS 13/2025,2025-01-24,1,fixo,43913.33,E_R-SS-13_240125.pdf
352370,Itirapuã,2025,Res SS 97/2025,2025-05-30,2,fixo,43913.33,E_R-SS-97_300525.pdf
352370,Itirapuã,2025,Res SS 180/2025,2025-10-08,1+2,variavel,86070.13,E_RS-SS-180_081025.pdf
352370,Itirapuã,2025,Res SS 230/2025,2025-12-09,2,ajuste,0.0,E_RS-SS-230_091225.pdf
352370,Itirapuã,2025,Res SS 230/2025,2025-12-09,2025,bonus,131740.0,E_RS-SS-230_091225.pdf
352370,Itirapuã,2025,Res SS 230/2025,2025-12-09,3,fixo,43913.33,E_RS-SS-230_091225.pdf
352370,Itirapuã,2025,Res SS 230/2025,2025-12-09,3,variavel,43913.33,E_RS-SS-230_091225.pdf
352370,Itirapuã,2026,Res SS 111/2026,2026-06-09,1,fixo,43913.33,E_RS-SS-111_090626.pdf
352370,Itirapuã,2026,Res SS 111/2026,2026-06-09,1,variavel,43913.33,E_RS-SS-111_090626.pdf
352370,Itirapuã,2026,Res SS 185/2026,2026-09-08,2,fixo,43913.33,E_RS-SS-185_080926.pdf
352370,Itirapuã,2026,Res SS 185/2026,2026-09-08,2,variavel,43913.33,E_RS-SS-185_080926.pdf
352380,Itobi,2024,Res SS 18/2024,2024-02-08,1,fixo,47172.0,E_R-SS-18_080224.pdf
352380,Itobi,2024,Res SS 140/2024,2024-06-20,2,fixo,47172.0,E_R-SS-140_200624.pdf
352380,Itobi,2024,Res SS 140/2024,2024-06-20,2,variavel,31448.0,E_R-SS-140_200624.pdf
352380,Itobi,2024,Res SS 140/2024,2024-06-20,3,fixo,47172.0,E_R-SS-140_200624.pdf
352380,Itobi,2024,Res SS 140/2024,2024-06-20,3,variavel,31448.0,E_R-SS-140_200624.pdf
352380,Itobi,2025,Res SS 13/2025,2025-01-24,1,fixo,39310.0,E_R-SS-13_240125.pdf
352380,Itobi,2025,Res SS 97/2025,2025-05-30,2,fixo,39310.0,E_R-SS-97_300525.pdf
352380,Itobi,2025,Res SS 180/2025,2025-10-08,1+2,variavel,44027.2,E_RS-SS-180_081025.pdf
352380,Itobi,2025,Res SS 230/2025,2025-12-09,2,ajuste,17296.4,E_RS-SS-230_091225.pdf
352380,Itobi,2025,Res SS 230/2025,2025-12-09,2025,bonus,0.0,E_RS-SS-230_091225.pdf
352380,Itobi,2025,Res SS 230/2025,2025-12-09,3,fixo,39310.0,E_RS-SS-230_091225.pdf
352380,Itobi,2025,Res SS 230/2025,2025-12-09,3,variavel,28892.85,E_RS-SS-230_091225.pdf
352380,Itobi,2026,Res SS 111/2026,2026-06-09,1,fixo,39310.0,E_RS-SS-111_090626.pdf
352380,Itobi,2026,Res SS 111/2026,2026-06-09,1,variavel,32627.3,E_RS-SS-111_090626.pdf
352380,Itobi,2026,Res SS 185/2026,2026-09-08,2,fixo,39310.0,E_RS-SS-185_080926.pdf
352380,Itobi,2026,Res SS 185/2026,2026-09-08,2,variavel,17296.4,E_RS-SS-185_080926.pdf
352390,Itu,2024,Res SS 18/2024,2024-02-08,1,fixo,531450.0,E_R-SS-18_080224.pdf
352390,Itu,2024,Res SS 140/2024,2024-06-20,2,fixo,531450.0,E_R-SS-140_200624.pdf
352390,Itu,2024,Res SS 140/2024,2024-06-20,2,variavel,235609.5,E_R-SS-140_200624.pdf
352390,Itu,2024,Res SS 140/2024,2024-06-20,3,fixo,531450.0,E_R-SS-140_200624.pdf
352390,Itu,2024,Res SS 140/2024,2024-06-20,3,variavel,235609.5,E_R-SS-140_200624.pdf
352390,Itu,2025,Res SS 13/2025,2025-01-24,1,fixo,442875.0,E_R-SS-13_240125.pdf
352390,Itu,2025,Res SS 97/2025,2025-05-30,2,fixo,442875.0,E_R-SS-97_300525.pdf
352390,Itu,2025,Res SS 180/2025,2025-10-08,1+2,variavel,451732.5,E_RS-SS-180_081025.pdf
352390,Itu,2025,Res SS 230/2025,2025-12-09,2,ajuste,155006.25,E_RS-SS-230_091225.pdf
352390,Itu,2025,Res SS 230/2025,2025-12-09,2025,bonus,0.0,E_RS-SS-230_091225.pdf
352390,Itu,2025,Res SS 230/2025,2025-12-09,3,fixo,442875.0,E_RS-SS-230_091225.pdf
352390,Itu,2025,Res SS 230/2025,2025-12-09,3,variavel,205936.88,E_RS-SS-230_091225.pdf
352390,Itu,2026,Res SS 111/2026,2026-06-09,1,fixo,442875.0,E_RS-SS-111_090626.pdf
352390,Itu,2026,Res SS 111/2026,2026-06-09,1,variavel,372015.0,E_RS-SS-111_090626.pdf
352390,Itu,2026,Res SS 185/2026,2026-09-08,2,fixo,442875.0,E_RS-SS-185_080926.pdf
352390,Itu,2026,Res SS 185/2026,2026-09-08,2,variavel,372015.0,E_RS-SS-185_080926.pdf
352400,Itupeva,2024,Res SS 18/2024,2024-02-08,1,fixo,192990.0,E_R-SS-18_080224.pdf
352400,Itupeva,2024,Res SS 140/2024,2024-06-20,2,fixo,192990.0,E_R-SS-140_200624.pdf
352400,Itupeva,2024,Res SS 140/2024,2024-06-20,2,variavel,92699.53,E_R-SS-140_200624.pdf
352400,Itupeva,2024,Res SS 140/2024,2024-06-20,3,fixo,192990.0,E_R-SS-140_200624.pdf
352400,Itupeva,2024,Res SS 140/2024,2024-06-20,3,variavel,92699.53,E_R-SS-140_200624.pdf
352400,Itupeva,2025,Res SS 13/2025,2025-01-24,1,fixo,160825.0,E_R-SS-13_240125.pdf
352400,Itupeva,2025,Res SS 97/2025,2025-05-30,2,fixo,160825.0,E_R-SS-97_300525.pdf
352400,Itupeva,2025,Res SS 180/2025,2025-10-08,1+2,variavel,157608.5,E_RS-SS-180_081025.pdf
352400,Itupeva,2025,Res SS 230/2025,2025-12-09,2,ajuste,45835.13,E_RS-SS-230_091225.pdf
352400,Itupeva,2025,Res SS 230/2025,2025-12-09,2025,bonus,0.0,E_RS-SS-230_091225.pdf
352400,Itupeva,2025,Res SS 230/2025,2025-12-09,3,fixo,160825.0,E_RS-SS-230_091225.pdf
352400,Itupeva,2025,Res SS 230/2025,2025-12-09,3,variavel,128660.0,E_RS-SS-230_091225.pdf
352400,Itupeva,2026,Res SS 111/2026,2026-06-09,1,fixo,160825.0,E_RS-SS-111_090626.pdf
352400,Itupeva,2026,Res SS 111/2026,2026-06-09,1,variavel,111773.38,E_RS-SS-111_090626.pdf
352400,Itupeva,2026,Res SS 185/2026,2026-09-08,2,fixo,160825.0,E_RS-SS-185_080926.pdf
352400,Itupeva,2026,Res SS 185/2026,2026-09-08,2,variavel,90866.13,E_RS-SS-185_080926.pdf
352410,Ituverava,2024,Res SS 18/2024,2024-02-08,1,fixo,253554.0,E_R-SS-18_080224.pdf
352410,Ituverava,2024,Res SS 140/2024,2024-06-20,2,fixo,253554.0,E_R-SS-140_200624.pdf
352410,Ituverava,2024,Res SS 140/2024,2024-06-20,2,variavel,152470.47,E_R-SS-140_200624.pdf
352410,Ituverava,2024,Res SS 140/2024,2024-06-20,3,fixo,253554.0,E_R-SS-140_200624.pdf
352410,Ituverava,2024,Res SS 140/2024,2024-06-20,3,variavel,152470.47,E_R-SS-140_200624.pdf
352410,Ituverava,2025,Res SS 13/2025,2025-01-24,1,fixo,211295.0,E_R-SS-13_240125.pdf
352410,Ituverava,2025,Res SS 97/2025,2025-05-30,2,fixo,211295.0,E_R-SS-97_300525.pdf
352410,Ituverava,2025,Res SS 180/2025,2025-10-08,1+2,variavel,397234.6,E_RS-SS-180_081025.pdf
352410,Ituverava,2025,Res SS 230/2025,2025-12-09,2,ajuste,10564.75,E_RS-SS-230_091225.pdf
352410,Ituverava,2025,Res SS 230/2025,2025-12-09,2025,bonus,0.0,E_RS-SS-230_091225.pdf
352410,Ituverava,2025,Res SS 230/2025,2025-12-09,3,fixo,211295.0,E_RS-SS-230_091225.pdf
352410,Ituverava,2025,Res SS 230/2025,2025-12-09,3,variavel,114099.3,E_RS-SS-230_091225.pdf
352410,Ituverava,2026,Res SS 111/2026,2026-06-09,1,fixo,211295.0,E_RS-SS-111_090626.pdf
352410,Ituverava,2026,Res SS 111/2026,2026-06-09,1,variavel,160584.2,E_RS-SS-111_090626.pdf
352410,Ituverava,2026,Res SS 185/2026,2026-09-08,2,fixo,211295.0,E_RS-SS-185_080926.pdf
352410,Ituverava,2026,Res SS 185/2026,2026-09-08,2,variavel,114099.3,E_RS-SS-185_080926.pdf
352420,Jaborandi,2024,Res SS 18/2024,2024-02-08,1,fixo,41778.0,E_R-SS-18_080224.pdf
352420,Jaborandi,2024,Res SS 140/2024,2024-06-20,2,fixo,41778.0,E_R-SS-140_200624.pdf
352420,Jaborandi,2024,Res SS 140/2024,2024-06-20,2,variavel,23897.02,E_R-SS-140_200624.pdf
352420,Jaborandi,2024,Res SS 140/2024,2024-06-20,3,fixo,41778.0,E_R-SS-140_200624.pdf
352420,Jaborandi,2024,Res SS 140/2024,2024-06-20,3,variavel,23897.02,E_R-SS-140_200624.pdf
352420,Jaborandi,2025,Res SS 13/2025,2025-01-24,1,fixo,34815.0,E_R-SS-13_240125.pdf
352420,Jaborandi,2025,Res SS 97/2025,2025-05-30,2,fixo,34815.0,E_R-SS-97_300525.pdf
352420,Jaborandi,2025,Res SS 180/2025,2025-10-08,1+2,variavel,66844.8,E_RS-SS-180_081025.pdf
352420,Jaborandi,2025,Res SS 230/2025,2025-12-09,2,ajuste,0.0,E_RS-SS-230_091225.pdf
352420,Jaborandi,2025,Res SS 230/2025,2025-12-09,2025,bonus,0.0,E_RS-SS-230_091225.pdf
352420,Jaborandi,2025,Res SS 230/2025,2025-12-09,3,fixo,34815.0,E_RS-SS-230_091225.pdf
352420,Jaborandi,2025,Res SS 230/2025,2025-12-09,3,variavel,34815.0,E_RS-SS-230_091225.pdf
352420,Jaborandi,2026,Res SS 111/2026,2026-06-09,1,fixo,34815.0,E_RS-SS-111_090626.pdf
352420,Jaborandi,2026,Res SS 111/2026,2026-06-09,1,variavel,21237.15,E_RS-SS-111_090626.pdf
352420,Jaborandi,2026,Res SS 185/2026,2026-09-08,2,fixo,34815.0,E_RS-SS-185_080926.pdf
352420,Jaborandi,2026,Res SS 185/2026,2026-09-08,2,variavel,21237.15,E_RS-SS-185_080926.pdf
352430,Jaboticabal,2024,Res SS 18/2024,2024-02-08,1,fixo,234087.0,E_R-SS-18_080224.pdf
352430,Jaboticabal,2024,Res SS 140/2024,2024-06-20,2,fixo,234087.0,E_R-SS-140_200624.pdf
352430,Jaboticabal,2024,Res SS 140/2024,2024-06-20,2,variavel,84271.32,E_R-SS-140_200624.pdf
352430,Jaboticabal,2024,Res SS 140/2024,2024-06-20,3,fixo,234087.0,E_R-SS-140_200624.pdf
352430,Jaboticabal,2024,Res SS 140/2024,2024-06-20,3,variavel,84271.32,E_R-SS-140_200624.pdf
352430,Jaboticabal,2025,Res SS 13/2025,2025-01-24,1,fixo,195072.5,E_R-SS-13_240125.pdf
352430,Jaboticabal,2025,Res SS 97/2025,2025-05-30,2,fixo,195072.5,E_R-SS-97_300525.pdf
352430,Jaboticabal,2025,Res SS 180/2025,2025-10-08,1+2,variavel,124846.4,E_RS-SS-180_081025.pdf
352430,Jaboticabal,2025,Res SS 230/2025,2025-12-09,2,ajuste,67397.55,E_RS-SS-230_091225.pdf
352430,Jaboticabal,2025,Res SS 230/2025,2025-12-09,2025,bonus,0.0,E_RS-SS-230_091225.pdf
352430,Jaboticabal,2025,Res SS 230/2025,2025-12-09,3,fixo,195072.5,E_RS-SS-230_091225.pdf
352430,Jaboticabal,2025,Res SS 230/2025,2025-12-09,3,variavel,127772.49,E_RS-SS-230_091225.pdf
352430,Jaboticabal,2026,Res SS 111/2026,2026-06-09,1,fixo,195072.5,E_RS-SS-111_090626.pdf
352430,Jaboticabal,2026,Res SS 111/2026,2026-06-09,1,variavel,136550.75,E_RS-SS-111_090626.pdf
352430,Jaboticabal,2026,Res SS 185/2026,2026-09-08,2,fixo,195072.5,E_RS-SS-185_080926.pdf
352430,Jaboticabal,2026,Res SS 185/2026,2026-09-08,2,variavel,161910.18,E_RS-SS-185_080926.pdf
352440,Jacareí,2024,Res SS 18/2024,2024-02-08,1,fixo,711357.0,E_R-SS-18_080224.pdf
352440,Jacareí,2024,Res SS 140/2024,2024-06-20,2,fixo,711357.0,E_R-SS-140_200624.pdf
352440,Jacareí,2024,Res SS 140/2024,2024-06-20,2,variavel,294738.92,E_R-SS-140_200624.pdf
352440,Jacareí,2024,Res SS 140/2024,2024-06-20,3,fixo,711357.0,E_R-SS-140_200624.pdf
352440,Jacareí,2024,Res SS 140/2024,2024-06-20,3,variavel,294738.92,E_R-SS-140_200624.pdf
352440,Jacareí,2025,Res SS 13/2025,2025-01-24,1,fixo,592797.5,E_R-SS-13_240125.pdf
352440,Jacareí,2025,Res SS 97/2025,2025-05-30,2,fixo,592797.5,E_R-SS-97_300525.pdf
352440,Jacareí,2025,Res SS 180/2025,2025-10-08,1+2,variavel,604653.45,E_RS-SS-180_081025.pdf
352440,Jacareí,2025,Res SS 230/2025,2025-12-09,2,ajuste,171911.28,E_RS-SS-230_091225.pdf
352440,Jacareí,2025,Res SS 230/2025,2025-12-09,2025,bonus,0.0,E_RS-SS-230_091225.pdf
352440,Jacareí,2025,Res SS 230/2025,2025-12-09,3,fixo,592797.5,E_RS-SS-230_091225.pdf
352440,Jacareí,2025,Res SS 230/2025,2025-12-09,3,variavel,334930.59,E_RS-SS-230_091225.pdf
352440,Jacareí,2026,Res SS 111/2026,2026-06-09,1,fixo,592797.5,E_RS-SS-111_090626.pdf
352440,Jacareí,2026,Res SS 111/2026,2026-06-09,1,variavel,352714.51,E_RS-SS-111_090626.pdf
352440,Jacareí,2026,Res SS 185/2026,2026-09-08,2,fixo,592797.5,E_RS-SS-185_080926.pdf
352440,Jacareí,2026,Res SS 185/2026,2026-09-08,2,variavel,237119.0,E_RS-SS-185_080926.pdf
352450,Jaci,2024,Res SS 18/2024,2024-02-08,1,fixo,21966.0,E_R-SS-18_080224.pdf
352450,Jaci,2024,Res SS 140/2024,2024-06-20,2,fixo,21966.0,E_R-SS-140_200624.pdf
352450,Jaci,2024,Res SS 140/2024,2024-06-20,2,variavel,14644.0,E_R-SS-140_200624.pdf
352450,Jaci,2024,Res SS 140/2024,2024-06-20,3,fixo,21966.0,E_R-SS-140_200624.pdf
352450,Jaci,2024,Res SS 140/2024,2024-06-20,3,variavel,14644.0,E_R-SS-140_200624.pdf
352450,Jaci,2025,Res SS 13/2025,2025-01-24,1,fixo,18305.0,E_R-SS-13_240125.pdf
352450,Jaci,2025,Res SS 97/2025,2025-05-30,2,fixo,18305.0,E_R-SS-97_300525.pdf
352450,Jaci,2025,Res SS 180/2025,2025-10-08,1+2,variavel,24528.7,E_RS-SS-180_081025.pdf
352450,Jaci,2025,Res SS 230/2025,2025-12-09,2,ajuste,6040.65,E_RS-SS-230_091225.pdf
352450,Jaci,2025,Res SS 230/2025,2025-12-09,2025,bonus,0.0,E_RS-SS-230_091225.pdf
352450,Jaci,2025,Res SS 230/2025,2025-12-09,3,fixo,18305.0,E_RS-SS-230_091225.pdf
352450,Jaci,2025,Res SS 230/2025,2025-12-09,3,variavel,9884.7,E_RS-SS-230_091225.pdf
352450,Jaci,2026,Res SS 111/2026,2026-06-09,1,fixo,18305.0,E_RS-SS-111_090626.pdf
352450,Jaci,2026,Res SS 111/2026,2026-06-09,1,variavel,18305.0,E_RS-SS-111_090626.pdf
352450,Jaci,2026,Res SS 185/2026,2026-09-08,2,fixo,18305.0,E_RS-SS-185_080926.pdf
352450,Jaci,2026,Res SS 185/2026,2026-09-08,2,variavel,16291.45,E_RS-SS-185_080926.pdf
352460,Jacupiranga,2024,Res SS 18/2024,2024-02-08,1,fixo,143288.0,E_R-SS-18_080224.pdf
352460,Jacupiranga,2024,Res SS 140/2024,2024-06-20,2,fixo,143288.0,E_R-SS-140_200624.pdf
352460,Jacupiranga,2024,Res SS 140/2024,2024-06-20,2,variavel,94570.08,E_R-SS-140_200624.pdf
352460,Jacupiranga,2024,Res SS 140/2024,2024-06-20,3,fixo,143288.0,E_R-SS-140_200624.pdf
352460,Jacupiranga,2024,Res SS 140/2024,2024-06-20,3,variavel,94570.08,E_R-SS-140_200624.pdf
352460,Jacupiranga,2025,Res SS 13/2025,2025-01-24,1,fixo,119406.67,E_R-SS-13_240125.pdf
352460,Jacupiranga,2025,Res SS 97/2025,2025-05-30,2,fixo,119406.67,E_R-SS-97_300525.pdf
352460,Jacupiranga,2025,Res SS 180/2025,2025-10-08,1+2,variavel,150452.4,E_RS-SS-180_081025.pdf
352460,Jacupiranga,2025,Res SS 230/2025,2025-12-09,2,ajuste,40359.45,E_RS-SS-230_091225.pdf
352460,Jacupiranga,2025,Res SS 230/2025,2025-12-09,2025,bonus,0.0,E_RS-SS-230_091225.pdf
352460,Jacupiranga,2025,Res SS 230/2025,2025-12-09,3,fixo,119406.67,E_RS-SS-230_091225.pdf
352460,Jacupiranga,2025,Res SS 230/2025,2025-12-09,3,variavel,119406.67,E_RS-SS-230_091225.pdf
352460,Jacupiranga,2026,Res SS 111/2026,2026-06-09,1,fixo,119406.67,E_RS-SS-111_090626.pdf
352460,Jacupiranga,2026,Res SS 111/2026,2026-06-09,1,variavel,119406.67,E_RS-SS-111_090626.pdf
352460,Jacupiranga,2026,Res SS 185/2026,2026-09-08,2,fixo,119406.67,E_RS-SS-185_080926.pdf
352460,Jacupiranga,2026,Res SS 185/2026,2026-09-08,2,variavel,119406.67,E_RS-SS-185_080926.pdf
352470,Jaguariúna,2024,Res SS 18/2024,2024-02-08,1,fixo,179763.0,E_R-SS-18_080224.pdf
352470,Jaguariúna,2024,Res SS 140/2024,2024-06-20,2,fixo,179763.0,E_R-SS-140_200624.pdf
352470,Jaguariúna,2024,Res SS 140/2024,2024-06-20,2,variavel,86286.24,E_R-SS-140_200624.pdf
352470,Jaguariúna,2024,Res SS 140/2024,2024-06-20,3,fixo,179763.0,E_R-SS-140_200624.pdf
352470,Jaguariúna,2024,Res SS 140/2024,2024-06-20,3,variavel,86286.24,E_R-SS-140_200624.pdf
352470,Jaguariúna,2025,Res SS 13/2025,2025-01-24,1,fixo,149802.5,E_R-SS-13_240125.pdf
352470,Jaguariúna,2025,Res SS 97/2025,2025-05-30,2,fixo,149802.5,E_R-SS-97_300525.pdf
352470,Jaguariúna,2025,Res SS 180/2025,2025-10-08,1+2,variavel,152798.55,E_RS-SS-180_081025.pdf
352470,Jaguariúna,2025,Res SS 230/2025,2025-12-09,2,ajuste,71905.2,E_RS-SS-230_091225.pdf
352470,Jaguariúna,2025,Res SS 230/2025,2025-12-09,2025,bonus,0.0,E_RS-SS-230_091225.pdf
352470,Jaguariúna,2025,Res SS 230/2025,2025-12-09,3,fixo,149802.5,E_RS-SS-230_091225.pdf
352470,Jaguariúna,2025,Res SS 230/2025,2025-12-09,3,variavel,140065.34,E_RS-SS-230_091225.pdf
352470,Jaguariúna,2026,Res SS 111/2026,2026-06-09,1,fixo,149802.5,E_RS-SS-111_090626.pdf
352470,Jaguariúna,2026,Res SS 111/2026,2026-06-09,1,variavel,137818.3,E_RS-SS-111_090626.pdf
352470,Jaguariúna,2026,Res SS 185/2026,2026-09-08,2,fixo,149802.5,E_RS-SS-185_080926.pdf
352470,Jaguariúna,2026,Res SS 185/2026,2026-09-08,2,variavel,144933.92,E_RS-SS-185_080926.pdf
352480,Jales,2024,Res SS 18/2024,2024-02-08,1,fixo,246455.0,E_R-SS-18_080224.pdf
352480,Jales,2024,Res SS 140/2024,2024-06-20,2,fixo,246455.0,E_R-SS-140_200624.pdf
352480,Jales,2024,Res SS 140/2024,2024-06-20,2,variavel,133742.91,E_R-SS-140_200624.pdf
352480,Jales,2024,Res SS 140/2024,2024-06-20,3,fixo,246455.0,E_R-SS-140_200624.pdf
352480,Jales,2024,Res SS 140/2024,2024-06-20,3,variavel,133742.91,E_R-SS-140_200624.pdf
352480,Jales,2025,Res SS 13/2025,2025-01-24,1,fixo,205379.17,E_R-SS-13_240125.pdf
352480,Jales,2025,Res SS 97/2025,2025-05-30,2,fixo,205379.17,E_R-SS-97_300525.pdf
352480,Jales,2025,Res SS 180/2025,2025-10-08,1+2,variavel,123227.5,E_RS-SS-180_081025.pdf
352480,Jales,2025,Res SS 230/2025,2025-12-09,2,ajuste,94474.42,E_RS-SS-230_091225.pdf
352480,Jales,2025,Res SS 230/2025,2025-12-09,2025,bonus,0.0,E_RS-SS-230_091225.pdf
352480,Jales,2025,Res SS 230/2025,2025-12-09,3,fixo,205379.17,E_RS-SS-230_091225.pdf
352480,Jales,2025,Res SS 230/2025,2025-12-09,3,variavel,147873.0,E_RS-SS-230_091225.pdf
352480,Jales,2026,Res SS 111/2026,2026-06-09,1,fixo,205379.17,E_RS-SS-111_090626.pdf
352480,Jales,2026,Res SS 111/2026,2026-06-09,1,variavel,185868.15,E_RS-SS-111_090626.pdf
352480,Jales,2026,Res SS 185/2026,2026-09-08,2,fixo,205379.17,E_RS-SS-185_080926.pdf
352480,Jales,2026,Res SS 185/2026,2026-09-08,2,variavel,165843.68,E_RS-SS-185_080926.pdf
352490,Jambeiro,2024,Res SS 18/2024,2024-02-08,1,fixo,40968.0,E_R-SS-18_080224.pdf
352490,Jambeiro,2024,Res SS 140/2024,2024-06-20,2,fixo,40968.0,E_R-SS-140_200624.pdf
352490,Jambeiro,2024,Res SS 140/2024,2024-06-20,2,variavel,22532.4,E_R-SS-140_200624.pdf
352490,Jambeiro,2024,Res SS 140/2024,2024-06-20,3,fixo,40968.0,E_R-SS-140_200624.pdf
352490,Jambeiro,2024,Res SS 140/2024,2024-06-20,3,variavel,22532.4,E_R-SS-140_200624.pdf
352490,Jambeiro,2025,Res SS 13/2025,2025-01-24,1,fixo,34140.0,E_R-SS-13_240125.pdf
352490,Jambeiro,2025,Res SS 97/2025,2025-05-30,2,fixo,34140.0,E_R-SS-97_300525.pdf
352490,Jambeiro,2025,Res SS 180/2025,2025-10-08,1+2,variavel,25946.4,E_RS-SS-180_081025.pdf
352490,Jambeiro,2025,Res SS 230/2025,2025-12-09,2,ajuste,12563.52,E_RS-SS-230_091225.pdf
352490,Jambeiro,2025,Res SS 230/2025,2025-12-09,2025,bonus,0.0,E_RS-SS-230_091225.pdf
352490,Jambeiro,2025,Res SS 230/2025,2025-12-09,3,fixo,34140.0,E_RS-SS-230_091225.pdf
352490,Jambeiro,2025,Res SS 230/2025,2025-12-09,3,variavel,20654.7,E_RS-SS-230_091225.pdf
352490,Jambeiro,2026,Res SS 111/2026,2026-06-09,1,fixo,34140.0,E_RS-SS-111_090626.pdf
352490,Jambeiro,2026,Res SS 111/2026,2026-06-09,1,variavel,34140.0,E_RS-SS-111_090626.pdf
352490,Jambeiro,2026,Res SS 185/2026,2026-09-08,2,fixo,34140.0,E_RS-SS-185_080926.pdf
352490,Jambeiro,2026,Res SS 185/2026,2026-09-08,2,variavel,34140.0,E_RS-SS-185_080926.pdf
352500,Jandira,2024,Res SS 18/2024,2024-02-08,1,fixo,383202.0,E_R-SS-18_080224.pdf
352500,Jandira,2024,Res SS 140/2024,2024-06-20,2,fixo,383202.0,E_R-SS-140_200624.pdf
352500,Jandira,2024,Res SS 140/2024,2024-06-20,2,variavel,151747.99,E_R-SS-140_200624.pdf
352500,Jandira,2024,Res SS 140/2024,2024-06-20,3,fixo,383202.0,E_R-SS-140_200624.pdf
352500,Jandira,2024,Res SS 140/2024,2024-06-20,3,variavel,151747.99,E_R-SS-140_200624.pdf
352500,Jandira,2025,Res SS 13/2025,2025-01-24,1,fixo,319335.0,E_R-SS-13_240125.pdf
352500,Jandira,2025,Res SS 97/2025,2025-05-30,2,fixo,319335.0,E_R-SS-97_300525.pdf
352500,Jandira,2025,Res SS 180/2025,2025-10-08,1+2,variavel,242694.6,E_RS-SS-180_081025.pdf
352500,Jandira,2025,Res SS 230/2025,2025-12-09,2,ajuste,12134.73,E_RS-SS-230_091225.pdf
352500,Jandira,2025,Res SS 230/2025,2025-12-09,2025,bonus,0.0,E_RS-SS-230_091225.pdf
352500,Jandira,2025,Res SS 230/2025,2025-12-09,3,fixo,319335.0,E_RS-SS-230_091225.pdf
352500,Jandira,2025,Res SS 230/2025,2025-12-09,3,variavel,209164.43,E_RS-SS-230_091225.pdf
352500,Jandira,2026,Res SS 111/2026,2026-06-09,1,fixo,319335.0,E_RS-SS-111_090626.pdf
352500,Jandira,2026,Res SS 111/2026,2026-06-09,1,variavel,209164.43,E_RS-SS-111_090626.pdf
352500,Jandira,2026,Res SS 185/2026,2026-09-08,2,fixo,319335.0,E_RS-SS-185_080926.pdf
352500,Jandira,2026,Res SS 185/2026,2026-09-08,2,variavel,188407.65,E_RS-SS-185_080926.pdf
352510,Jardinópolis,2024,Res SS 18/2024,2024-02-08,1,fixo,227720.0,E_R-SS-18_080224.pdf
352510,Jardinópolis,2024,Res SS 140/2024,2024-06-20,2,fixo,227720.0,E_R-SS-140_200624.pdf
352510,Jardinópolis,2024,Res SS 140/2024,2024-06-20,2,variavel,143615.41,E_R-SS-140_200624.pdf
352510,Jardinópolis,2024,Res SS 140/2024,2024-06-20,3,fixo,227720.0,E_R-SS-140_200624.pdf
352510,Jardinópolis,2024,Res SS 140/2024,2024-06-20,3,variavel,143615.41,E_R-SS-140_200624.pdf
352510,Jardinópolis,2025,Res SS 13/2025,2025-01-24,1,fixo,189766.67,E_R-SS-13_240125.pdf
352510,Jardinópolis,2025,Res SS 97/2025,2025-05-30,2,fixo,189766.67,E_R-SS-97_300525.pdf
352510,Jardinópolis,2025,Res SS 180/2025,2025-10-08,1+2,variavel,250492.0,E_RS-SS-180_081025.pdf
352510,Jardinópolis,2025,Res SS 230/2025,2025-12-09,2,ajuste,41748.67,E_RS-SS-230_091225.pdf
352510,Jardinópolis,2025,Res SS 230/2025,2025-12-09,2025,bonus,0.0,E_RS-SS-230_091225.pdf
352510,Jardinópolis,2025,Res SS 230/2025,2025-12-09,3,fixo,189766.67,E_RS-SS-230_091225.pdf
352510,Jardinópolis,2025,Res SS 230/2025,2025-12-09,3,variavel,189766.67,E_RS-SS-230_091225.pdf
352510,Jardinópolis,2026,Res SS 111/2026,2026-06-09,1,fixo,189766.67,E_RS-SS-111_090626.pdf
352510,Jardinópolis,2026,Res SS 111/2026,2026-06-09,1,variavel,112911.17,E_RS-SS-111_090626.pdf
352510,Jardinópolis,2026,Res SS 185/2026,2026-09-08,2,fixo,189766.67,E_RS-SS-185_080926.pdf
352510,Jardinópolis,2026,Res SS 185/2026,2026-09-08,2,variavel,75906.67,E_RS-SS-185_080926.pdf
352520,Jarinu,2024,Res SS 18/2024,2024-02-08,1,fixo,93519.0,E_R-SS-18_080224.pdf
352520,Jarinu,2024,Res SS 140/2024,2024-06-20,2,fixo,93519.0,E_R-SS-140_200624.pdf
352520,Jarinu,2024,Res SS 140/2024,2024-06-20,2,variavel,54864.48,E_R-SS-140_200624.pdf
352520,Jarinu,2024,Res SS 140/2024,2024-06-20,3,fixo,93519.0,E_R-SS-140_200624.pdf
352520,Jarinu,2024,Res SS 140/2024,2024-06-20,3,variavel,54864.48,E_R-SS-140_200624.pdf
352520,Jarinu,2025,Res SS 13/2025,2025-01-24,1,fixo,77932.5,E_R-SS-13_240125.pdf
352520,Jarinu,2025,Res SS 97/2025,2025-05-30,2,fixo,77932.5,E_R-SS-97_300525.pdf
352520,Jarinu,2025,Res SS 180/2025,2025-10-08,1+2,variavel,87284.4,E_RS-SS-180_081025.pdf
352520,Jarinu,2025,Res SS 230/2025,2025-12-09,2,ajuste,24938.4,E_RS-SS-230_091225.pdf
352520,Jarinu,2025,Res SS 230/2025,2025-12-09,2025,bonus,0.0,E_RS-SS-230_091225.pdf
352520,Jarinu,2025,Res SS 230/2025,2025-12-09,3,fixo,77932.5,E_RS-SS-230_091225.pdf
352520,Jarinu,2025,Res SS 230/2025,2025-12-09,3,variavel,70139.25,E_RS-SS-230_091225.pdf
352520,Jarinu,2026,Res SS 111/2026,2026-06-09,1,fixo,77932.5,E_RS-SS-111_090626.pdf
352520,Jarinu,2026,Res SS 111/2026,2026-06-09,1,variavel,68580.6,E_RS-SS-111_090626.pdf
352520,Jarinu,2026,Res SS 185/2026,2026-09-08,2,fixo,77932.5,E_RS-SS-185_080926.pdf
352520,Jarinu,2026,Res SS 185/2026,2026-09-08,2,variavel,74815.2,E_RS-SS-185_080926.pdf
352530,Jaú,2024,Res SS 18/2024,2024-02-08,1,fixo,460389.0,E_R-SS-18_080224.pdf
352530,Jaú,2024,Res SS 140/2024,2024-06-20,2,fixo,460389.0,E_R-SS-140_200624.pdf
352530,Jaú,2024,Res SS 140/2024,2024-06-20,2,variavel,151928.37,E_R-SS-140_200624.pdf
352530,Jaú,2024,Res SS 140/2024,2024-06-20,3,fixo,460389.0,E_R-SS-140_200624.pdf
352530,Jaú,2024,Res SS 140/2024,2024-06-20,3,variavel,151928.37,E_R-SS-140_200624.pdf
352530,Jaú,2025,Res SS 13/2025,2025-01-24,1,fixo,383657.5,E_R-SS-13_240125.pdf
352530,Jaú,2025,Res SS 97/2025,2025-05-30,2,fixo,383657.5,E_R-SS-97_300525.pdf
352530,Jaú,2025,Res SS 180/2025,2025-10-08,1+2,variavel,245540.8,E_RS-SS-180_081025.pdf
352530,Jaú,2025,Res SS 230/2025,2025-12-09,2,ajuste,115672.74,E_RS-SS-230_091225.pdf
352530,Jaú,2025,Res SS 230/2025,2025-12-09,2025,bonus,0.0,E_RS-SS-230_091225.pdf
352530,Jaú,2025,Res SS 230/2025,2025-12-09,3,fixo,383657.5,E_RS-SS-230_091225.pdf
352530,Jaú,2025,Res SS 230/2025,2025-12-09,3,variavel,228276.21,E_RS-SS-230_091225.pdf
352530,Jaú,2026,Res SS 111/2026,2026-06-09,1,fixo,383657.5,E_RS-SS-111_090626.pdf
352530,Jaú,2026,Res SS 111/2026,2026-06-09,1,variavel,243622.51,E_RS-SS-111_090626.pdf
352530,Jaú,2026,Res SS 185/2026,2026-09-08,2,fixo,383657.5,E_RS-SS-185_080926.pdf
352530,Jaú,2026,Res SS 185/2026,2026-09-08,2,variavel,193747.04,E_RS-SS-185_080926.pdf
352540,Jeriquara,2024,Res SS 18/2024,2024-02-08,1,fixo,18858.0,E_R-SS-18_080224.pdf
352540,Jeriquara,2024,Res SS 140/2024,2024-06-20,2,fixo,18858.0,E_R-SS-140_200624.pdf
352540,Jeriquara,2024,Res SS 140/2024,2024-06-20,2,variavel,12572.0,E_R-SS-140_200624.pdf
352540,Jeriquara,2024,Res SS 140/2024,2024-06-20,3,fixo,18858.0,E_R-SS-140_200624.pdf
352540,Jeriquara,2024,Res SS 140/2024,2024-06-20,3,variavel,12572.0,E_R-SS-140_200624.pdf
352540,Jeriquara,2025,Res SS 13/2025,2025-01-24,1,fixo,15715.0,E_R-SS-13_240125.pdf
352540,Jeriquara,2025,Res SS 97/2025,2025-05-30,2,fixo,15715.0,E_R-SS-97_300525.pdf
352540,Jeriquara,2025,Res SS 180/2025,2025-10-08,1+2,variavel,17600.8,E_RS-SS-180_081025.pdf
352540,Jeriquara,2025,Res SS 230/2025,2025-12-09,2,ajuste,5979.56,E_RS-SS-230_091225.pdf
352540,Jeriquara,2025,Res SS 230/2025,2025-12-09,2025,bonus,0.0,E_RS-SS-230_091225.pdf
352540,Jeriquara,2025,Res SS 230/2025,2025-12-09,3,fixo,15715.0,E_RS-SS-230_091225.pdf
352540,Jeriquara,2025,Res SS 230/2025,2025-12-09,3,variavel,7857.5,E_RS-SS-230_091225.pdf
352540,Jeriquara,2026,Res SS 111/2026,2026-06-09,1,fixo,15715.0,E_RS-SS-111_090626.pdf
352540,Jeriquara,2026,Res SS 111/2026,2026-06-09,1,variavel,14929.25,E_RS-SS-111_090626.pdf
352540,Jeriquara,2026,Res SS 185/2026,2026-09-08,2,fixo,15715.0,E_RS-SS-185_080926.pdf
352540,Jeriquara,2026,Res SS 185/2026,2026-09-08,2,variavel,12375.56,E_RS-SS-185_080926.pdf
352550,Joanópolis,2024,Res SS 18/2024,2024-02-08,1,fixo,80718.0,E_R-SS-18_080224.pdf
352550,Joanópolis,2024,Res SS 140/2024,2024-06-20,2,fixo,80718.0,E_R-SS-140_200624.pdf
352550,Joanópolis,2024,Res SS 140/2024,2024-06-20,2,variavel,50166.24,E_R-SS-140_200624.pdf
352550,Joanópolis,2024,Res SS 140/2024,2024-06-20,3,fixo,80718.0,E_R-SS-140_200624.pdf
352550,Joanópolis,2024,Res SS 140/2024,2024-06-20,3,variavel,50166.24,E_R-SS-140_200624.pdf
352550,Joanópolis,2025,Res SS 13/2025,2025-01-24,1,fixo,67265.0,E_R-SS-13_240125.pdf
352550,Joanópolis,2025,Res SS 97/2025,2025-05-30,2,fixo,67265.0,E_R-SS-97_300525.pdf
352550,Joanópolis,2025,Res SS 180/2025,2025-10-08,1+2,variavel,134530.0,E_RS-SS-180_081025.pdf
352550,Joanópolis,2025,Res SS 230/2025,2025-12-09,2,ajuste,0.0,E_RS-SS-230_091225.pdf
352550,Joanópolis,2025,Res SS 230/2025,2025-12-09,2025,bonus,0.0,E_RS-SS-230_091225.pdf
352550,Joanópolis,2025,Res SS 230/2025,2025-12-09,3,fixo,67265.0,E_RS-SS-230_091225.pdf
352550,Joanópolis,2025,Res SS 230/2025,2025-12-09,3,variavel,67265.0,E_RS-SS-230_091225.pdf
352550,Joanópolis,2026,Res SS 111/2026,2026-06-09,1,fixo,67265.0,E_RS-SS-111_090626.pdf
352550,Joanópolis,2026,Res SS 111/2026,2026-06-09,1,variavel,51794.05,E_RS-SS-111_090626.pdf
352550,Joanópolis,2026,Res SS 185/2026,2026-09-08,2,fixo,67265.0,E_RS-SS-185_080926.pdf
352550,Joanópolis,2026,Res SS 185/2026,2026-09-08,2,variavel,52803.03,E_RS-SS-185_080926.pdf
352560,João Ramalho,2024,Res SS 18/2024,2024-02-08,1,fixo,36616.0,E_R-SS-18_080224.pdf
352560,João Ramalho,2024,Res SS 140/2024,2024-06-20,2,fixo,36616.0,E_R-SS-140_200624.pdf
352560,João Ramalho,2024,Res SS 140/2024,2024-06-20,2,variavel,24166.56,E_R-SS-140_200624.pdf
352560,João Ramalho,2024,Res SS 140/2024,2024-06-20,3,fixo,36616.0,E_R-SS-140_200624.pdf
352560,João Ramalho,2024,Res SS 140/2024,2024-06-20,3,variavel,24166.56,E_R-SS-140_200624.pdf
352560,João Ramalho,2025,Res SS 13/2025,2025-01-24,1,fixo,30513.33,E_R-SS-13_240125.pdf
352560,João Ramalho,2025,Res SS 97/2025,2025-05-30,2,fixo,30513.33,E_R-SS-97_300525.pdf
352560,João Ramalho,2025,Res SS 180/2025,2025-10-08,1+2,variavel,31733.87,E_RS-SS-180_081025.pdf
352560,João Ramalho,2025,Res SS 230/2025,2025-12-09,2,ajuste,7292.69,E_RS-SS-230_091225.pdf
352560,João Ramalho,2025,Res SS 230/2025,2025-12-09,2025,bonus,0.0,E_RS-SS-230_091225.pdf
352560,João Ramalho,2025,Res SS 230/2025,2025-12-09,3,fixo,30513.33,E_RS-SS-230_091225.pdf
352560,João Ramalho,2025,Res SS 230/2025,2025-12-09,3,variavel,21969.6,E_RS-SS-230_091225.pdf
352560,João Ramalho,2026,Res SS 111/2026,2026-06-09,1,fixo,30513.33,E_RS-SS-111_090626.pdf
352560,João Ramalho,2026,Res SS 111/2026,2026-06-09,1,variavel,27156.87,E_RS-SS-111_090626.pdf
352560,João Ramalho,2026,Res SS 185/2026,2026-09-08,2,fixo,30513.33,E_RS-SS-185_080926.pdf
352560,João Ramalho,2026,Res SS 185/2026,2026-09-08,2,variavel,27156.87,E_RS-SS-185_080926.pdf
352570,José Bonifácio,2024,Res SS 18/2024,2024-02-08,1,fixo,113121.0,E_R-SS-18_080224.pdf
352570,José Bonifácio,2024,Res SS 140/2024,2024-06-20,2,fixo,113121.0,E_R-SS-140_200624.pdf
352570,José Bonifácio,2024,Res SS 140/2024,2024-06-20,2,variavel,57031.84,E_R-SS-140_200624.pdf
352570,José Bonifácio,2024,Res SS 140/2024,2024-06-20,3,fixo,113121.0,E_R-SS-140_200624.pdf
352570,José Bonifácio,2024,Res SS 140/2024,2024-06-20,3,variavel,57031.84,E_R-SS-140_200624.pdf
352570,José Bonifácio,2025,Res SS 13/2025,2025-01-24,1,fixo,94267.5,E_R-SS-13_240125.pdf
352570,José Bonifácio,2025,Res SS 97/2025,2025-05-30,2,fixo,94267.5,E_R-SS-97_300525.pdf
352570,José Bonifácio,2025,Res SS 180/2025,2025-10-08,1+2,variavel,107464.95,E_RS-SS-180_081025.pdf
352570,José Bonifácio,2025,Res SS 230/2025,2025-12-09,2,ajuste,26630.57,E_RS-SS-230_091225.pdf
352570,José Bonifácio,2025,Res SS 230/2025,2025-12-09,2025,bonus,0.0,E_RS-SS-230_091225.pdf
352570,José Bonifácio,2025,Res SS 230/2025,2025-12-09,3,fixo,94267.5,E_RS-SS-230_091225.pdf
352570,José Bonifácio,2025,Res SS 230/2025,2025-12-09,3,variavel,93796.16,E_RS-SS-230_091225.pdf
352570,José Bonifácio,2026,Res SS 111/2026,2026-06-09,1,fixo,94267.5,E_RS-SS-111_090626.pdf
352570,José Bonifácio,2026,Res SS 111/2026,2026-06-09,1,variavel,77770.69,E_RS-SS-111_090626.pdf
352570,José Bonifácio,2026,Res SS 185/2026,2026-09-08,2,fixo,94267.5,E_RS-SS-185_080926.pdf
352570,José Bonifácio,2026,Res SS 185/2026,2026-09-08,2,variavel,47133.75,E_RS-SS-185_080926.pdf
352580,Júlio Mesquita,2024,Res SS 18/2024,2024-02-08,1,fixo,38592.0,E_R-SS-18_080224.pdf
352580,Júlio Mesquita,2024,Res SS 140/2024,2024-06-20,2,fixo,38592.0,E_R-SS-140_200624.pdf
352580,Júlio Mesquita,2024,Res SS 140/2024,2024-06-20,2,variavel,24197.18,E_R-SS-140_200624.pdf
352580,Júlio Mesquita,2024,Res SS 140/2024,2024-06-20,3,fixo,38592.0,E_R-SS-140_200624.pdf
352580,Júlio Mesquita,2024,Res SS 140/2024,2024-06-20,3,variavel,24197.18,E_R-SS-140_200624.pdf
352580,Júlio Mesquita,2025,Res SS 13/2025,2025-01-24,1,fixo,32160.0,E_R-SS-13_240125.pdf
352580,Júlio Mesquita,2025,Res SS 97/2025,2025-05-30,2,fixo,32160.0,E_R-SS-97_300525.pdf
352580,Júlio Mesquita,2025,Res SS 180/2025,2025-10-08,1+2,variavel,50812.8,E_RS-SS-180_081025.pdf
352580,Júlio Mesquita,2025,Res SS 230/2025,2025-12-09,2,ajuste,3601.92,E_RS-SS-230_091225.pdf
352580,Júlio Mesquita,2025,Res SS 230/2025,2025-12-09,2025,bonus,0.0,E_RS-SS-230_091225.pdf
352580,Júlio Mesquita,2025,Res SS 230/2025,2025-12-09,3,fixo,32160.0,E_RS-SS-230_091225.pdf
352580,Júlio Mesquita,2025,Res SS 230/2025,2025-12-09,3,variavel,16080.0,E_RS-SS-230_091225.pdf
352580,Júlio Mesquita,2026,Res SS 111/2026,2026-06-09,1,fixo,32160.0,E_RS-SS-111_090626.pdf
352580,Júlio Mesquita,2026,Res SS 111/2026,2026-06-09,1,variavel,20260.8,E_RS-SS-111_090626.pdf
352580,Júlio Mesquita,2026,Res SS 185/2026,2026-09-08,2,fixo,32160.0,E_RS-SS-185_080926.pdf
352580,Júlio Mesquita,2026,Res SS 185/2026,2026-09-08,2,variavel,29426.4,E_RS-SS-185_080926.pdf
352585,Jumirim,2024,Res SS 18/2024,2024-02-08,1,fixo,10401.0,E_R-SS-18_080224.pdf
352585,Jumirim,2024,Res SS 140/2024,2024-06-20,2,fixo,10401.0,E_R-SS-140_200624.pdf
352585,Jumirim,2024,Res SS 140/2024,2024-06-20,2,variavel,6616.77,E_R-SS-140_200624.pdf
352585,Jumirim,2024,Res SS 140/2024,2024-06-20,3,fixo,10401.0,E_R-SS-140_200624.pdf
352585,Jumirim,2024,Res SS 140/2024,2024-06-20,3,variavel,6616.77,E_R-SS-140_200624.pdf
352585,Jumirim,2025,Res SS 13/2025,2025-01-24,1,fixo,8667.5,E_R-SS-13_240125.pdf
352585,Jumirim,2025,Res SS 97/2025,2025-05-30,2,fixo,8667.5,E_R-SS-97_300525.pdf
352585,Jumirim,2025,Res SS 180/2025,2025-10-08,1+2,variavel,16294.9,E_RS-SS-180_081025.pdf
352585,Jumirim,2025,Res SS 230/2025,2025-12-09,2,ajuste,0.0,E_RS-SS-230_091225.pdf
352585,Jumirim,2025,Res SS 230/2025,2025-12-09,2025,bonus,26002.5,E_RS-SS-230_091225.pdf
352585,Jumirim,2025,Res SS 230/2025,2025-12-09,3,fixo,8667.5,E_RS-SS-230_091225.pdf
352585,Jumirim,2025,Res SS 230/2025,2025-12-09,3,variavel,8494.15,E_RS-SS-230_091225.pdf
352585,Jumirim,2026,Res SS 111/2026,2026-06-09,1,fixo,8667.5,E_RS-SS-111_090626.pdf
352585,Jumirim,2026,Res SS 111/2026,2026-06-09,1,variavel,8494.15,E_RS-SS-111_090626.pdf
352585,Jumirim,2026,Res SS 185/2026,2026-09-08,2,fixo,8667.5,E_RS-SS-185_080926.pdf
352585,Jumirim,2026,Res SS 185/2026,2026-09-08,2,variavel,5893.9,E_RS-SS-185_080926.pdf
352590,Jundiaí,2024,Res SS 18/2024,2024-02-08,1,fixo,1280805.0,E_R-SS-18_080224.pdf
352590,Jundiaí,2024,Res SS 140/2024,2024-06-20,2,fixo,1280805.0,E_R-SS-140_200624.pdf
352590,Jundiaí,2024,Res SS 140/2024,2024-06-20,2,variavel,614786.4,E_R-SS-140_200624.pdf
352590,Jundiaí,2024,Res SS 140/2024,2024-06-20,3,fixo,1280805.0,E_R-SS-140_200624.pdf
352590,Jundiaí,2024,Res SS 140/2024,2024-06-20,3,variavel,614786.4,E_R-SS-140_200624.pdf
352590,Jundiaí,2025,Res SS 13/2025,2025-01-24,1,fixo,1067337.5,E_R-SS-13_240125.pdf
352590,Jundiaí,2025,Res SS 97/2025,2025-05-30,2,fixo,1067337.5,E_R-SS-97_300525.pdf
352590,Jundiaí,2025,Res SS 180/2025,2025-10-08,1+2,variavel,1259458.25,E_RS-SS-180_081025.pdf
352590,Jundiaí,2025,Res SS 230/2025,2025-12-09,2,ajuste,16010.06,E_RS-SS-230_091225.pdf
352590,Jundiaí,2025,Res SS 230/2025,2025-12-09,2025,bonus,0.0,E_RS-SS-230_091225.pdf
352590,Jundiaí,2025,Res SS 230/2025,2025-12-09,3,fixo,1067337.5,E_RS-SS-230_091225.pdf
352590,Jundiaí,2025,Res SS 230/2025,2025-12-09,3,variavel,837859.94,E_RS-SS-230_091225.pdf
352590,Jundiaí,2026,Res SS 111/2026,2026-06-09,1,fixo,1067337.5,E_RS-SS-111_090626.pdf
352590,Jundiaí,2026,Res SS 111/2026,2026-06-09,1,variavel,699106.06,E_RS-SS-111_090626.pdf
352590,Jundiaí,2026,Res SS 185/2026,2026-09-08,2,fixo,1067337.5,E_RS-SS-185_080926.pdf
352590,Jundiaí,2026,Res SS 185/2026,2026-09-08,2,variavel,490975.25,E_RS-SS-185_080926.pdf
352600,Junqueirópolis,2024,Res SS 18/2024,2024-02-08,1,fixo,125868.0,E_R-SS-18_080224.pdf
352600,Junqueirópolis,2024,Res SS 140/2024,2024-06-20,2,fixo,125868.0,E_R-SS-140_200624.pdf
352600,Junqueirópolis,2024,Res SS 140/2024,2024-06-20,2,variavel,77534.69,E_R-SS-140_200624.pdf
352600,Junqueirópolis,2024,Res SS 140/2024,2024-06-20,3,fixo,125868.0,E_R-SS-140_200624.pdf
352600,Junqueirópolis,2024,Res SS 140/2024,2024-06-20,3,variavel,77534.69,E_R-SS-140_200624.pdf
352600,Junqueirópolis,2025,Res SS 13/2025,2025-01-24,1,fixo,104890.0,E_R-SS-13_240125.pdf
352600,Junqueirópolis,2025,Res SS 97/2025,2025-05-30,2,fixo,104890.0,E_R-SS-97_300525.pdf
352600,Junqueirópolis,2025,Res SS 180/2025,2025-10-08,1+2,variavel,136357.0,E_RS-SS-180_081025.pdf
352600,Junqueirópolis,2025,Res SS 230/2025,2025-12-09,2,ajuste,7971.64,E_RS-SS-230_091225.pdf
352600,Junqueirópolis,2025,Res SS 230/2025,2025-12-09,2025,bonus,0.0,E_RS-SS-230_091225.pdf
352600,Junqueirópolis,2025,Res SS 230/2025,2025-12-09,3,fixo,104890.0,E_RS-SS-230_091225.pdf
352600,Junqueirópolis,2025,Res SS 230/2025,2025-12-09,3,variavel,99645.5,E_RS-SS-230_091225.pdf
352600,Junqueirópolis,2026,Res SS 111/2026,2026-06-09,1,fixo,104890.0,E_RS-SS-111_090626.pdf
352600,Junqueirópolis,2026,Res SS 111/2026,2026-06-09,1,variavel,90729.85,E_RS-SS-111_090626.pdf
352600,Junqueirópolis,2026,Res SS 185/2026,2026-09-08,2,fixo,104890.0,E_RS-SS-185_080926.pdf
352600,Junqueirópolis,2026,Res SS 185/2026,2026-09-08,2,variavel,56640.6,E_RS-SS-185_080926.pdf
352610,Juquiá,2024,Res SS 18/2024,2024-02-08,1,fixo,149016.0,E_R-SS-18_080224.pdf
352610,Juquiá,2024,Res SS 140/2024,2024-06-20,2,fixo,149016.0,E_R-SS-140_200624.pdf
352610,Juquiá,2024,Res SS 140/2024,2024-06-20,2,variavel,83051.58,E_R-SS-140_200624.pdf
352610,Juquiá,2024,Res SS 140/2024,2024-06-20,3,fixo,149016.0,E_R-SS-140_200624.pdf
352610,Juquiá,2024,Res SS 140/2024,2024-06-20,3,variavel,83051.58,E_R-SS-140_200624.pdf
352610,Juquiá,2025,Res SS 13/2025,2025-01-24,1,fixo,124180.0,E_R-SS-13_240125.pdf
352610,Juquiá,2025,Res SS 97/2025,2025-05-30,2,fixo,124180.0,E_R-SS-97_300525.pdf
352610,Juquiá,2025,Res SS 180/2025,2025-10-08,1+2,variavel,109278.4,E_RS-SS-180_081025.pdf
352610,Juquiá,2025,Res SS 230/2025,2025-12-09,2,ajuste,49175.28,E_RS-SS-230_091225.pdf
352610,Juquiá,2025,Res SS 230/2025,2025-12-09,2025,bonus,0.0,E_RS-SS-230_091225.pdf
352610,Juquiá,2025,Res SS 230/2025,2025-12-09,3,fixo,124180.0,E_RS-SS-230_091225.pdf
352610,Juquiá,2025,Res SS 230/2025,2025-12-09,3,variavel,124180.0,E_RS-SS-230_091225.pdf
352610,Juquiá,2026,Res SS 111/2026,2026-06-09,1,fixo,124180.0,E_RS-SS-111_090626.pdf
352610,Juquiá,2026,Res SS 111/2026,2026-06-09,1,variavel,94376.8,E_RS-SS-111_090626.pdf
352610,Juquiá,2026,Res SS 185/2026,2026-09-08,2,fixo,124180.0,E_RS-SS-185_080926.pdf
352610,Juquiá,2026,Res SS 185/2026,2026-09-08,2,variavel,62090.0,E_RS-SS-185_080926.pdf
352620,Juquitiba,2024,Res SS 18/2024,2024-02-08,1,fixo,222908.0,E_R-SS-18_080224.pdf
352620,Juquitiba,2024,Res SS 140/2024,2024-06-20,2,fixo,222908.0,E_R-SS-140_200624.pdf
352620,Juquitiba,2024,Res SS 140/2024,2024-06-20,2,variavel,120147.41,E_R-SS-140_200624.pdf
352620,Juquitiba,2024,Res SS 140/2024,2024-06-20,3,fixo,222908.0,E_R-SS-140_200624.pdf
352620,Juquitiba,2024,Res SS 140/2024,2024-06-20,3,variavel,120147.41,E_R-SS-140_200624.pdf
352620,Juquitiba,2025,Res SS 13/2025,2025-01-24,1,fixo,185756.67,E_R-SS-13_240125.pdf
352620,Juquitiba,2025,Res SS 97/2025,2025-05-30,2,fixo,185756.67,E_R-SS-97_300525.pdf
352620,Juquitiba,2025,Res SS 180/2025,2025-10-08,1+2,variavel,174611.27,E_RS-SS-180_081025.pdf
352620,Juquitiba,2025,Res SS 230/2025,2025-12-09,2,ajuste,67986.94,E_RS-SS-230_091225.pdf
352620,Juquitiba,2025,Res SS 230/2025,2025-12-09,2025,bonus,0.0,E_RS-SS-230_091225.pdf
352620,Juquitiba,2025,Res SS 230/2025,2025-12-09,3,fixo,185756.67,E_RS-SS-230_091225.pdf
352620,Juquitiba,2025,Res SS 230/2025,2025-12-09,3,variavel,125385.75,E_RS-SS-230_091225.pdf
352620,Juquitiba,2026,Res SS 111/2026,2026-06-09,1,fixo,185756.67,E_RS-SS-111_090626.pdf
352620,Juquitiba,2026,Res SS 111/2026,2026-06-09,1,variavel,157893.17,E_RS-SS-111_090626.pdf
352620,Juquitiba,2026,Res SS 185/2026,2026-09-08,2,fixo,185756.67,E_RS-SS-185_080926.pdf
352620,Juquitiba,2026,Res SS 185/2026,2026-09-08,2,variavel,133744.8,E_RS-SS-185_080926.pdf
352630,Lagoinha,2024,Res SS 18/2024,2024-02-08,1,fixo,39056.0,E_R-SS-18_080224.pdf
352630,Lagoinha,2024,Res SS 140/2024,2024-06-20,2,fixo,39056.0,E_R-SS-140_200624.pdf
352630,Lagoinha,2024,Res SS 140/2024,2024-06-20,2,variavel,17900.67,E_R-SS-140_200624.pdf
352630,Lagoinha,2024,Res SS 140/2024,2024-06-20,3,fixo,39056.0,E_R-SS-140_200624.pdf
352630,Lagoinha,2024,Res SS 140/2024,2024-06-20,3,variavel,17900.67,E_R-SS-140_200624.pdf
352630,Lagoinha,2025,Res SS 13/2025,2025-01-24,1,fixo,32546.67,E_R-SS-13_240125.pdf
352630,Lagoinha,2025,Res SS 97/2025,2025-05-30,2,fixo,32546.67,E_R-SS-97_300525.pdf
352630,Lagoinha,2025,Res SS 180/2025,2025-10-08,1+2,variavel,65093.33,E_RS-SS-180_081025.pdf
352630,Lagoinha,2025,Res SS 230/2025,2025-12-09,2,ajuste,0.0,E_RS-SS-230_091225.pdf
352630,Lagoinha,2025,Res SS 230/2025,2025-12-09,2025,bonus,97640.0,E_RS-SS-230_091225.pdf
352630,Lagoinha,2025,Res SS 230/2025,2025-12-09,3,fixo,32546.67,E_RS-SS-230_091225.pdf
352630,Lagoinha,2025,Res SS 230/2025,2025-12-09,3,variavel,32546.67,E_RS-SS-230_091225.pdf
352630,Lagoinha,2026,Res SS 111/2026,2026-06-09,1,fixo,32546.67,E_RS-SS-111_090626.pdf
352630,Lagoinha,2026,Res SS 111/2026,2026-06-09,1,variavel,26037.33,E_RS-SS-111_090626.pdf
352630,Lagoinha,2026,Res SS 185/2026,2026-09-08,2,fixo,32546.67,E_RS-SS-185_080926.pdf
352630,Lagoinha,2026,Res SS 185/2026,2026-09-08,2,variavel,32546.67,E_RS-SS-185_080926.pdf
352640,Laranjal Paulista,2024,Res SS 18/2024,2024-02-08,1,fixo,174282.0,E_R-SS-18_080224.pdf
352640,Laranjal Paulista,2024,Res SS 140/2024,2024-06-20,2,fixo,174282.0,E_R-SS-140_200624.pdf
352640,Laranjal Paulista,2024,Res SS 140/2024,2024-06-20,2,variavel,102245.44,E_R-SS-140_200624.pdf
352640,Laranjal Paulista,2024,Res SS 140/2024,2024-06-20,3,fixo,174282.0,E_R-SS-140_200624.pdf
352640,Laranjal Paulista,2024,Res SS 140/2024,2024-06-20,3,variavel,102245.44,E_R-SS-140_200624.pdf
352640,Laranjal Paulista,2025,Res SS 13/2025,2025-01-24,1,fixo,145235.0,E_R-SS-13_240125.pdf
352640,Laranjal Paulista,2025,Res SS 97/2025,2025-05-30,2,fixo,145235.0,E_R-SS-97_300525.pdf
352640,Laranjal Paulista,2025,Res SS 180/2025,2025-10-08,1+2,variavel,284660.6,E_RS-SS-180_081025.pdf
352640,Laranjal Paulista,2025,Res SS 230/2025,2025-12-09,2,ajuste,0.0,E_RS-SS-230_091225.pdf
352640,Laranjal Paulista,2025,Res SS 230/2025,2025-12-09,2025,bonus,0.0,E_RS-SS-230_091225.pdf
352640,Laranjal Paulista,2025,Res SS 230/2025,2025-12-09,3,fixo,145235.0,E_RS-SS-230_091225.pdf
352640,Laranjal Paulista,2025,Res SS 230/2025,2025-12-09,3,variavel,145235.0,E_RS-SS-230_091225.pdf
352640,Laranjal Paulista,2026,Res SS 111/2026,2026-06-09,1,fixo,145235.0,E_RS-SS-111_090626.pdf
352640,Laranjal Paulista,2026,Res SS 111/2026,2026-06-09,1,variavel,76248.38,E_RS-SS-111_090626.pdf
352640,Laranjal Paulista,2026,Res SS 185/2026,2026-09-08,2,fixo,145235.0,E_RS-SS-185_080926.pdf
352640,Laranjal Paulista,2026,Res SS 185/2026,2026-09-08,2,variavel,98759.8,E_RS-SS-185_080926.pdf
352650,Lavínia,2024,Res SS 18/2024,2024-02-08,1,fixo,75486.0,E_R-SS-18_080224.pdf
352650,Lavínia,2024,Res SS 140/2024,2024-06-20,2,fixo,75486.0,E_R-SS-140_200624.pdf
352650,Lavínia,2024,Res SS 140/2024,2024-06-20,2,variavel,47606.5,E_R-SS-140_200624.pdf
352650,Lavínia,2024,Res SS 140/2024,2024-06-20,3,fixo,75486.0,E_R-SS-140_200624.pdf
352650,Lavínia,2024,Res SS 140/2024,2024-06-20,3,variavel,47606.5,E_R-SS-140_200624.pdf
352650,Lavínia,2025,Res SS 13/2025,2025-01-24,1,fixo,62905.0,E_R-SS-13_240125.pdf
352650,Lavínia,2025,Res SS 97/2025,2025-05-30,2,fixo,62905.0,E_R-SS-97_300525.pdf
352650,Lavínia,2025,Res SS 180/2025,2025-10-08,1+2,variavel,70453.6,E_RS-SS-180_081025.pdf
352650,Lavínia,2025,Res SS 230/2025,2025-12-09,2,ajuste,18399.71,E_RS-SS-230_091225.pdf
352650,Lavínia,2025,Res SS 230/2025,2025-12-09,2025,bonus,0.0,E_RS-SS-230_091225.pdf
352650,Lavínia,2025,Res SS 230/2025,2025-12-09,3,fixo,62905.0,E_RS-SS-230_091225.pdf
352650,Lavínia,2025,Res SS 230/2025,2025-12-09,3,variavel,43718.98,E_RS-SS-230_091225.pdf
352650,Lavínia,2026,Res SS 111/2026,2026-06-09,1,fixo,62905.0,E_RS-SS-111_090626.pdf
352650,Lavínia,2026,Res SS 111/2026,2026-06-09,1,variavel,62590.48,E_RS-SS-111_090626.pdf
352650,Lavínia,2026,Res SS 185/2026,2026-09-08,2,fixo,62905.0,E_RS-SS-185_080926.pdf
352650,Lavínia,2026,Res SS 185/2026,2026-09-08,2,variavel,38057.53,E_RS-SS-185_080926.pdf
352660,Lavrinhas,2024,Res SS 18/2024,2024-02-08,1,fixo,58888.0,E_R-SS-18_080224.pdf
352660,Lavrinhas,2024,Res SS 140/2024,2024-06-20,2,fixo,58888.0,E_R-SS-140_200624.pdf
352660,Lavrinhas,2024,Res SS 140/2024,2024-06-20,2,variavel,26558.49,E_R-SS-140_200624.pdf
352660,Lavrinhas,2024,Res SS 140/2024,2024-06-20,3,fixo,58888.0,E_R-SS-140_200624.pdf
352660,Lavrinhas,2024,Res SS 140/2024,2024-06-20,3,variavel,26558.49,E_R-SS-140_200624.pdf
352660,Lavrinhas,2025,Res SS 13/2025,2025-01-24,1,fixo,49073.33,E_R-SS-13_240125.pdf
352660,Lavrinhas,2025,Res SS 97/2025,2025-05-30,2,fixo,49073.33,E_R-SS-97_300525.pdf
352660,Lavrinhas,2025,Res SS 180/2025,2025-10-08,1+2,variavel,76554.4,E_RS-SS-180_081025.pdf
352660,Lavrinhas,2025,Res SS 230/2025,2025-12-09,2,ajuste,7066.56,E_RS-SS-230_091225.pdf
352660,Lavrinhas,2025,Res SS 230/2025,2025-12-09,2025,bonus,0.0,E_RS-SS-230_091225.pdf
352660,Lavrinhas,2025,Res SS 230/2025,2025-12-09,3,fixo,49073.33,E_RS-SS-230_091225.pdf
352660,Lavrinhas,2025,Res SS 230/2025,2025-12-09,3,variavel,49073.33,E_RS-SS-230_091225.pdf
352660,Lavrinhas,2026,Res SS 111/2026,2026-06-09,1,fixo,49073.33,E_RS-SS-111_090626.pdf
352660,Lavrinhas,2026,Res SS 111/2026,2026-06-09,1,variavel,49073.33,E_RS-SS-111_090626.pdf
352660,Lavrinhas,2026,Res SS 185/2026,2026-09-08,2,fixo,49073.33,E_RS-SS-185_080926.pdf
352660,Lavrinhas,2026,Res SS 185/2026,2026-09-08,2,variavel,40240.13,E_RS-SS-185_080926.pdf
352670,Leme,2024,Res SS 18/2024,2024-02-08,1,fixo,315819.0,E_R-SS-18_080224.pdf
352670,Leme,2024,Res SS 140/2024,2024-06-20,2,fixo,315819.0,E_R-SS-140_200624.pdf
352670,Leme,2024,Res SS 140/2024,2024-06-20,2,variavel,182385.47,E_R-SS-140_200624.pdf
352670,Leme,2024,Res SS 140/2024,2024-06-20,3,fixo,315819.0,E_R-SS-140_200624.pdf
352670,Leme,2024,Res SS 140/2024,2024-06-20,3,variavel,182385.47,E_R-SS-140_200624.pdf
352670,Leme,2025,Res SS 13/2025,2025-01-24,1,fixo,263182.5,E_R-SS-13_240125.pdf
352670,Leme,2025,Res SS 97/2025,2025-05-30,2,fixo,263182.5,E_R-SS-97_300525.pdf
352670,Leme,2025,Res SS 180/2025,2025-10-08,1+2,variavel,268446.15,E_RS-SS-180_081025.pdf
352670,Leme,2025,Res SS 230/2025,2025-12-09,2,ajuste,114747.57,E_RS-SS-230_091225.pdf
352670,Leme,2025,Res SS 230/2025,2025-12-09,2025,bonus,0.0,E_RS-SS-230_091225.pdf
352670,Leme,2025,Res SS 230/2025,2025-12-09,3,fixo,263182.5,E_RS-SS-230_091225.pdf
352670,Leme,2025,Res SS 230/2025,2025-12-09,3,variavel,189491.4,E_RS-SS-230_091225.pdf
352670,Leme,2026,Res SS 111/2026,2026-06-09,1,fixo,263182.5,E_RS-SS-111_090626.pdf
352670,Leme,2026,Res SS 111/2026,2026-06-09,1,variavel,228968.78,E_RS-SS-111_090626.pdf
352670,Leme,2026,Res SS 185/2026,2026-09-08,2,fixo,263182.5,E_RS-SS-185_080926.pdf
352670,Leme,2026,Res SS 185/2026,2026-09-08,2,variavel,126327.6,E_RS-SS-185_080926.pdf
352680,Lençóis Paulista,2024,Res SS 18/2024,2024-02-08,1,fixo,208599.0,E_R-SS-18_080224.pdf
352680,Lençóis Paulista,2024,Res SS 140/2024,2024-06-20,2,fixo,208599.0,E_R-SS-140_200624.pdf
352680,Lençóis Paulista,2024,Res SS 140/2024,2024-06-20,2,variavel,125437.53,E_R-SS-140_200624.pdf
352680,Lençóis Paulista,2024,Res SS 140/2024,2024-06-20,3,fixo,208599.0,E_R-SS-140_200624.pdf
352680,Lençóis Paulista,2024,Res SS 140/2024,2024-06-20,3,variavel,125437.53,E_R-SS-140_200624.pdf
352680,Lençóis Paulista,2025,Res SS 13/2025,2025-01-24,1,fixo,173832.5,E_R-SS-13_240125.pdf
352680,Lençóis Paulista,2025,Res SS 97/2025,2025-05-30,2,fixo,173832.5,E_R-SS-97_300525.pdf
352680,Lençóis Paulista,2025,Res SS 180/2025,2025-10-08,1+2,variavel,253795.45,E_RS-SS-180_081025.pdf
352680,Lençóis Paulista,2025,Res SS 230/2025,2025-12-09,2,ajuste,0.0,E_RS-SS-230_091225.pdf
352680,Lençóis Paulista,2025,Res SS 230/2025,2025-12-09,2025,bonus,0.0,E_RS-SS-230_091225.pdf
352680,Lençóis Paulista,2025,Res SS 230/2025,2025-12-09,3,fixo,173832.5,E_RS-SS-230_091225.pdf
352680,Lençóis Paulista,2025,Res SS 230/2025,2025-12-09,3,variavel,143411.81,E_RS-SS-230_091225.pdf
352680,Lençóis Paulista,2026,Res SS 111/2026,2026-06-09,1,fixo,173832.5,E_RS-SS-111_090626.pdf
352680,Lençóis Paulista,2026,Res SS 111/2026,2026-06-09,1,variavel,166879.2,E_RS-SS-111_090626.pdf
352680,Lençóis Paulista,2026,Res SS 185/2026,2026-09-08,2,fixo,173832.5,E_RS-SS-185_080926.pdf
352680,Lençóis Paulista,2026,Res SS 185/2026,2026-09-08,2,variavel,161229.64,E_RS-SS-185_080926.pdf
352690,Limeira,2024,Res SS 18/2024,2024-02-08,1,fixo,932349.0,E_R-SS-18_080224.pdf
352690,Limeira,2024,Res SS 140/2024,2024-06-20,2,fixo,932349.0,E_R-SS-140_200624.pdf
352690,Limeira,2024,Res SS 140/2024,2024-06-20,2,variavel,529885.02,E_R-SS-140_200624.pdf
352690,Limeira,2024,Res SS 140/2024,2024-06-20,3,fixo,932349.0,E_R-SS-140_200624.pdf
352690,Limeira,2024,Res SS 140/2024,2024-06-20,3,variavel,529885.02,E_R-SS-140_200624.pdf
352690,Limeira,2025,Res SS 13/2025,2025-01-24,1,fixo,776957.5,E_R-SS-13_240125.pdf
352690,Limeira,2025,Res SS 97/2025,2025-05-30,2,fixo,776957.5,E_R-SS-97_300525.pdf
352690,Limeira,2025,Res SS 180/2025,2025-10-08,1+2,variavel,590487.7,E_RS-SS-180_081025.pdf
352690,Limeira,2025,Res SS 230/2025,2025-12-09,2,ajuste,303013.43,E_RS-SS-230_091225.pdf
352690,Limeira,2025,Res SS 230/2025,2025-12-09,2025,bonus,0.0,E_RS-SS-230_091225.pdf
352690,Limeira,2025,Res SS 230/2025,2025-12-09,3,fixo,776957.5,E_RS-SS-230_091225.pdf
352690,Limeira,2025,Res SS 230/2025,2025-12-09,3,variavel,586602.91,E_RS-SS-230_091225.pdf
352690,Limeira,2026,Res SS 111/2026,2026-06-09,1,fixo,776957.5,E_RS-SS-111_090626.pdf
352690,Limeira,2026,Res SS 111/2026,2026-06-09,1,variavel,497252.8,E_RS-SS-111_090626.pdf
352690,Limeira,2026,Res SS 185/2026,2026-09-08,2,fixo,776957.5,E_RS-SS-185_080926.pdf
352690,Limeira,2026,Res SS 185/2026,2026-09-08,2,variavel,345746.09,E_RS-SS-185_080926.pdf
352700,Lindóia,2024,Res SS 18/2024,2024-02-08,1,fixo,49206.0,E_R-SS-18_080224.pdf
352700,Lindóia,2024,Res SS 140/2024,2024-06-20,2,fixo,49206.0,E_R-SS-140_200624.pdf
352700,Lindóia,2024,Res SS 140/2024,2024-06-20,2,variavel,16598.82,E_R-SS-140_200624.pdf
352700,Lindóia,2024,Res SS 140/2024,2024-06-20,3,fixo,49206.0,E_R-SS-140_200624.pdf
352700,Lindóia,2024,Res SS 140/2024,2024-06-20,3,variavel,16598.82,E_R-SS-140_200624.pdf
352700,Lindóia,2025,Res SS 13/2025,2025-01-24,1,fixo,41005.0,E_R-SS-13_240125.pdf
352700,Lindóia,2025,Res SS 97/2025,2025-05-30,2,fixo,41005.0,E_R-SS-97_300525.pdf
352700,Lindóia,2025,Res SS 180/2025,2025-10-08,1+2,variavel,31163.8,E_RS-SS-180_081025.pdf
352700,Lindóia,2025,Res SS 230/2025,2025-12-09,2,ajuste,10579.29,E_RS-SS-230_091225.pdf
352700,Lindóia,2025,Res SS 230/2025,2025-12-09,2025,bonus,0.0,E_RS-SS-230_091225.pdf
352700,Lindóia,2025,Res SS 230/2025,2025-12-09,3,fixo,41005.0,E_RS-SS-230_091225.pdf
352700,Lindóia,2025,Res SS 230/2025,2025-12-09,3,variavel,21527.63,E_RS-SS-230_091225.pdf
352700,Lindóia,2026,Res SS 111/2026,2026-06-09,1,fixo,41005.0,E_RS-SS-111_090626.pdf
352700,Lindóia,2026,Res SS 111/2026,2026-06-09,1,variavel,27883.4,E_RS-SS-111_090626.pdf
352700,Lindóia,2026,Res SS 185/2026,2026-09-08,2,fixo,41005.0,E_RS-SS-185_080926.pdf
352700,Lindóia,2026,Res SS 185/2026,2026-09-08,2,variavel,15581.9,E_RS-SS-185_080926.pdf
352710,Lins,2024,Res SS 18/2024,2024-02-08,1,fixo,236934.0,E_R-SS-18_080224.pdf
352710,Lins,2024,Res SS 140/2024,2024-06-20,2,fixo,236934.0,E_R-SS-140_200624.pdf
352710,Lins,2024,Res SS 140/2024,2024-06-20,2,variavel,90350.83,E_R-SS-140_200624.pdf
352710,Lins,2024,Res SS 140/2024,2024-06-20,3,fixo,236934.0,E_R-SS-140_200624.pdf
352710,Lins,2024,Res SS 140/2024,2024-06-20,3,variavel,90350.83,E_R-SS-140_200624.pdf
352710,Lins,2025,Res SS 13/2025,2025-01-24,1,fixo,197445.0,E_R-SS-13_240125.pdf
352710,Lins,2025,Res SS 97/2025,2025-05-30,2,fixo,197445.0,E_R-SS-97_300525.pdf
352710,Lins,2025,Res SS 180/2025,2025-10-08,1+2,variavel,173751.6,E_RS-SS-180_081025.pdf
352710,Lins,2025,Res SS 230/2025,2025-12-09,2,ajuste,91219.59,E_RS-SS-230_091225.pdf
352710,Lins,2025,Res SS 230/2025,2025-12-09,2025,bonus,0.0,E_RS-SS-230_091225.pdf
352710,Lins,2025,Res SS 230/2025,2025-12-09,3,fixo,197445.0,E_RS-SS-230_091225.pdf
352710,Lins,2025,Res SS 230/2025,2025-12-09,3,variavel,129326.48,E_RS-SS-230_091225.pdf
352710,Lins,2026,Res SS 111/2026,2026-06-09,1,fixo,197445.0,E_RS-SS-111_090626.pdf
352710,Lins,2026,Res SS 111/2026,2026-06-09,1,variavel,114518.1,E_RS-SS-111_090626.pdf
352710,Lins,2026,Res SS 185/2026,2026-09-08,2,fixo,197445.0,E_RS-SS-185_080926.pdf
352710,Lins,2026,Res SS 185/2026,2026-09-08,2,variavel,88850.25,E_RS-SS-185_080926.pdf
352720,Lorena,2024,Res SS 18/2024,2024-02-08,1,fixo,537192.0,E_R-SS-18_080224.pdf
352720,Lorena,2024,Res SS 140/2024,2024-06-20,2,fixo,537192.0,E_R-SS-140_200624.pdf
352720,Lorena,2024,Res SS 140/2024,2024-06-20,2,variavel,338789.09,E_R-SS-140_200624.pdf
352720,Lorena,2024,Res SS 140/2024,2024-06-20,3,fixo,537192.0,E_R-SS-140_200624.pdf
352720,Lorena,2024,Res SS 140/2024,2024-06-20,3,variavel,338789.09,E_R-SS-140_200624.pdf
352720,Lorena,2025,Res SS 13/2025,2025-01-24,1,fixo,447660.0,E_R-SS-13_240125.pdf
352720,Lorena,2025,Res SS 97/2025,2025-05-30,2,fixo,447660.0,E_R-SS-97_300525.pdf
352720,Lorena,2025,Res SS 180/2025,2025-10-08,1+2,variavel,895320.0,E_RS-SS-180_081025.pdf
352720,Lorena,2025,Res SS 230/2025,2025-12-09,2,ajuste,0.0,E_RS-SS-230_091225.pdf
352720,Lorena,2025,Res SS 230/2025,2025-12-09,2025,bonus,0.0,E_RS-SS-230_091225.pdf
352720,Lorena,2025,Res SS 230/2025,2025-12-09,3,fixo,447660.0,E_RS-SS-230_091225.pdf
352720,Lorena,2025,Res SS 230/2025,2025-12-09,3,variavel,430872.75,E_RS-SS-230_091225.pdf
352720,Lorena,2026,Res SS 111/2026,2026-06-09,1,fixo,447660.0,E_RS-SS-111_090626.pdf
352720,Lorena,2026,Res SS 111/2026,2026-06-09,1,variavel,429753.6,E_RS-SS-111_090626.pdf
352720,Lorena,2026,Res SS 185/2026,2026-09-08,2,fixo,447660.0,E_RS-SS-185_080926.pdf
352720,Lorena,2026,Res SS 185/2026,2026-09-08,2,variavel,196970.4,E_RS-SS-185_080926.pdf
352725,Lourdes,2024,Res SS 18/2024,2024-02-08,1,fixo,16177.0,E_R-SS-18_080224.pdf
352725,Lourdes,2024,Res SS 140/2024,2024-06-20,2,fixo,16177.0,E_R-SS-140_200624.pdf
352725,Lourdes,2024,Res SS 140/2024,2024-06-20,2,variavel,5575.67,E_R-SS-140_200624.pdf
352725,Lourdes,2024,Res SS 140/2024,2024-06-20,3,fixo,16177.0,E_R-SS-140_200624.pdf
352725,Lourdes,2024,Res SS 140/2024,2024-06-20,3,variavel,5575.67,E_R-SS-140_200624.pdf
352725,Lourdes,2025,Res SS 13/2025,2025-01-24,1,fixo,13480.83,E_R-SS-13_240125.pdf
352725,Lourdes,2025,Res SS 97/2025,2025-05-30,2,fixo,13480.83,E_R-SS-97_300525.pdf
352725,Lourdes,2025,Res SS 180/2025,2025-10-08,1+2,variavel,11863.13,E_RS-SS-180_081025.pdf
352725,Lourdes,2025,Res SS 230/2025,2025-12-09,2,ajuste,667.3,E_RS-SS-230_091225.pdf
352725,Lourdes,2025,Res SS 230/2025,2025-12-09,2025,bonus,0.0,E_RS-SS-230_091225.pdf
352725,Lourdes,2025,Res SS 230/2025,2025-12-09,3,fixo,13480.83,E_RS-SS-230_091225.pdf
352725,Lourdes,2025,Res SS 230/2025,2025-12-09,3,variavel,10245.43,E_RS-SS-230_091225.pdf
352725,Lourdes,2026,Res SS 111/2026,2026-06-09,1,fixo,13480.83,E_RS-SS-111_090626.pdf
352725,Lourdes,2026,Res SS 111/2026,2026-06-09,1,variavel,7279.65,E_RS-SS-111_090626.pdf
352725,Lourdes,2026,Res SS 185/2026,2026-09-08,2,fixo,13480.83,E_RS-SS-185_080926.pdf
352725,Lourdes,2026,Res SS 185/2026,2026-09-08,2,variavel,9571.39,E_RS-SS-185_080926.pdf
352730,Louveira,2024,Res SS 18/2024,2024-02-08,1,fixo,153021.0,E_R-SS-18_080224.pdf
352730,Louveira,2024,Res SS 140/2024,2024-06-20,2,fixo,153021.0,E_R-SS-140_200624.pdf
352730,Louveira,2024,Res SS 140/2024,2024-06-20,2,variavel,94260.94,E_R-SS-140_200624.pdf
352730,Louveira,2024,Res SS 140/2024,2024-06-20,3,fixo,153021.0,E_R-SS-140_200624.pdf
352730,Louveira,2024,Res SS 140/2024,2024-06-20,3,variavel,94260.94,E_R-SS-140_200624.pdf
352730,Louveira,2025,Res SS 13/2025,2025-01-24,1,fixo,127517.5,E_R-SS-13_240125.pdf
352730,Louveira,2025,Res SS 97/2025,2025-05-30,2,fixo,127517.5,E_R-SS-97_300525.pdf
352730,Louveira,2025,Res SS 180/2025,2025-10-08,1+2,variavel,127517.5,E_RS-SS-180_081025.pdf
352730,Louveira,2025,Res SS 230/2025,2025-12-09,2,ajuste,51262.04,E_RS-SS-230_091225.pdf
352730,Louveira,2025,Res SS 230/2025,2025-12-09,2025,bonus,0.0,E_RS-SS-230_091225.pdf
352730,Louveira,2025,Res SS 230/2025,2025-12-09,3,fixo,127517.5,E_RS-SS-230_091225.pdf
352730,Louveira,2025,Res SS 230/2025,2025-12-09,3,variavel,126879.91,E_RS-SS-230_091225.pdf
352730,Louveira,2026,Res SS 111/2026,2026-06-09,1,fixo,127517.5,E_RS-SS-111_090626.pdf
352730,Louveira,2026,Res SS 111/2026,2026-06-09,1,variavel,127517.5,E_RS-SS-111_090626.pdf
352730,Louveira,2026,Res SS 185/2026,2026-09-08,2,fixo,127517.5,E_RS-SS-185_080926.pdf
352730,Louveira,2026,Res SS 185/2026,2026-09-08,2,variavel,125923.53,E_RS-SS-185_080926.pdf
352740,Lucélia,2024,Res SS 18/2024,2024-02-08,1,fixo,132132.0,E_R-SS-18_080224.pdf
352740,Lucélia,2024,Res SS 140/2024,2024-06-20,2,fixo,132132.0,E_R-SS-140_200624.pdf
352740,Lucélia,2024,Res SS 140/2024,2024-06-20,2,variavel,66858.79,E_R-SS-140_200624.pdf
352740,Lucélia,2024,Res SS 140/2024,2024-06-20,3,fixo,132132.0,E_R-SS-140_200624.pdf
352740,Lucélia,2024,Res SS 140/2024,2024-06-20,3,variavel,66858.79,E_R-SS-140_200624.pdf
352740,Lucélia,2025,Res SS 13/2025,2025-01-24,1,fixo,110110.0,E_R-SS-13_240125.pdf
352740,Lucélia,2025,Res SS 97/2025,2025-05-30,2,fixo,110110.0,E_R-SS-97_300525.pdf
352740,Lucélia,2025,Res SS 180/2025,2025-10-08,1+2,variavel,74874.8,E_RS-SS-180_081025.pdf
352740,Lucélia,2025,Res SS 230/2025,2025-12-09,2,ajuste,30995.97,E_RS-SS-230_091225.pdf
352740,Lucélia,2025,Res SS 230/2025,2025-12-09,2025,bonus,0.0,E_RS-SS-230_091225.pdf
352740,Lucélia,2025,Res SS 230/2025,2025-12-09,3,fixo,110110.0,E_RS-SS-230_091225.pdf
352740,Lucélia,2025,Res SS 230/2025,2025-12-09,3,variavel,60009.95,E_RS-SS-230_091225.pdf
352740,Lucélia,2026,Res SS 111/2026,2026-06-09,1,fixo,110110.0,E_RS-SS-111_090626.pdf
352740,Lucélia,2026,Res SS 111/2026,2026-06-09,1,variavel,80930.85,E_RS-SS-111_090626.pdf
352740,Lucélia,2026,Res SS 185/2026,2026-09-08,2,fixo,110110.0,E_RS-SS-185_080926.pdf
352740,Lucélia,2026,Res SS 185/2026,2026-09-08,2,variavel,73773.7,E_RS-SS-185_080926.pdf
352750,Lucianópolis,2024,Res SS 18/2024,2024-02-08,1,fixo,7236.0,E_R-SS-18_080224.pdf
352750,Lucianópolis,2024,Res SS 140/2024,2024-06-20,2,fixo,7236.0,E_R-SS-140_200624.pdf
352750,Lucianópolis,2024,Res SS 140/2024,2024-06-20,2,variavel,4324.72,E_R-SS-140_200624.pdf
352750,Lucianópolis,2024,Res SS 140/2024,2024-06-20,3,fixo,7236.0,E_R-SS-140_200624.pdf
352750,Lucianópolis,2024,Res SS 140/2024,2024-06-20,3,variavel,4324.72,E_R-SS-140_200624.pdf
352750,Lucianópolis,2025,Res SS 13/2025,2025-01-24,1,fixo,6030.0,E_R-SS-13_240125.pdf
352750,Lucianópolis,2025,Res SS 97/2025,2025-05-30,2,fixo,6030.0,E_R-SS-97_300525.pdf
352750,Lucianópolis,2025,Res SS 180/2025,2025-10-08,1+2,variavel,8924.4,E_RS-SS-180_081025.pdf
352750,Lucianópolis,2025,Res SS 230/2025,2025-12-09,2,ajuste,512.55,E_RS-SS-230_091225.pdf
352750,Lucianópolis,2025,Res SS 230/2025,2025-12-09,2025,bonus,0.0,E_RS-SS-230_091225.pdf
352750,Lucianópolis,2025,Res SS 230/2025,2025-12-09,3,fixo,6030.0,E_RS-SS-230_091225.pdf
352750,Lucianópolis,2025,Res SS 230/2025,2025-12-09,3,variavel,6030.0,E_RS-SS-230_091225.pdf
352750,Lucianópolis,2026,Res SS 111/2026,2026-06-09,1,fixo,6030.0,E_RS-SS-111_090626.pdf
352750,Lucianópolis,2026,Res SS 111/2026,2026-06-09,1,variavel,4974.75,E_RS-SS-111_090626.pdf
352750,Lucianópolis,2026,Res SS 185/2026,2026-09-08,2,fixo,6030.0,E_RS-SS-185_080926.pdf
352750,Lucianópolis,2026,Res SS 185/2026,2026-09-08,2,variavel,4040.1,E_RS-SS-185_080926.pdf
352760,Luís Antônio,2024,Res SS 18/2024,2024-02-08,1,fixo,46884.0,E_R-SS-18_080224.pdf
352760,Luís Antônio,2024,Res SS 140/2024,2024-06-20,2,fixo,46884.0,E_R-SS-140_200624.pdf
352760,Luís Antônio,2024,Res SS 140/2024,2024-06-20,2,variavel,31256.0,E_R-SS-140_200624.pdf
352760,Luís Antônio,2024,Res SS 140/2024,2024-06-20,3,fixo,46884.0,E_R-SS-140_200624.pdf
352760,Luís Antônio,2024,Res SS 140/2024,2024-06-20,3,variavel,31256.0,E_R-SS-140_200624.pdf
352760,Luís Antônio,2025,Res SS 13/2025,2025-01-24,1,fixo,39070.0,E_R-SS-13_240125.pdf
352760,Luís Antônio,2025,Res SS 97/2025,2025-05-30,2,fixo,39070.0,E_R-SS-97_300525.pdf
352760,Luís Antônio,2025,Res SS 180/2025,2025-10-08,1+2,variavel,49228.2,E_RS-SS-180_081025.pdf
352760,Luís Antônio,2025,Res SS 230/2025,2025-12-09,2,ajuste,9552.62,E_RS-SS-230_091225.pdf
352760,Luís Antônio,2025,Res SS 230/2025,2025-12-09,2025,bonus,0.0,E_RS-SS-230_091225.pdf
352760,Luís Antônio,2025,Res SS 230/2025,2025-12-09,3,fixo,39070.0,E_RS-SS-230_091225.pdf
352760,Luís Antônio,2025,Res SS 230/2025,2025-12-09,3,variavel,30279.25,E_RS-SS-230_091225.pdf
352760,Luís Antônio,2026,Res SS 111/2026,2026-06-09,1,fixo,39070.0,E_RS-SS-111_090626.pdf
352760,Luís Antônio,2026,Res SS 111/2026,2026-06-09,1,variavel,37507.2,E_RS-SS-111_090626.pdf
352760,Luís Antônio,2026,Res SS 185/2026,2026-09-08,2,fixo,39070.0,E_RS-SS-185_080926.pdf
352760,Luís Antônio,2026,Res SS 185/2026,2026-09-08,2,variavel,22269.9,E_RS-SS-185_080926.pdf
352770,Luiziânia,2024,Res SS 18/2024,2024-02-08,1,fixo,47344.0,E_R-SS-18_080224.pdf
352770,Luiziânia,2024,Res SS 140/2024,2024-06-20,2,fixo,47344.0,E_R-SS-140_200624.pdf
352770,Luiziânia,2024,Res SS 140/2024,2024-06-20,2,variavel,30118.67,E_R-SS-140_200624.pdf
352770,Luiziânia,2024,Res SS 140/2024,2024-06-20,3,fixo,47344.0,E_R-SS-140_200624.pdf
352770,Luiziânia,2024,Res SS 140/2024,2024-06-20,3,variavel,30118.67,E_R-SS-140_200624.pdf
352770,Luiziânia,2025,Res SS 13/2025,2025-01-24,1,fixo,39453.33,E_R-SS-13_240125.pdf
352770,Luiziânia,2025,Res SS 97/2025,2025-05-30,2,fixo,39453.33,E_R-SS-97_300525.pdf
352770,Luiziânia,2025,Res SS 180/2025,2025-10-08,1+2,variavel,56812.8,E_RS-SS-180_081025.pdf
352770,Luiziânia,2025,Res SS 230/2025,2025-12-09,2,ajuste,11046.93,E_RS-SS-230_091225.pdf
352770,Luiziânia,2025,Res SS 230/2025,2025-12-09,2025,bonus,0.0,E_RS-SS-230_091225.pdf
352770,Luiziânia,2025,Res SS 230/2025,2025-12-09,3,fixo,39453.33,E_RS-SS-230_091225.pdf
352770,Luiziânia,2025,Res SS 230/2025,2025-12-09,3,variavel,31562.67,E_RS-SS-230_091225.pdf
352770,Luiziânia,2026,Res SS 111/2026,2026-06-09,1,fixo,39453.33,E_RS-SS-111_090626.pdf
352770,Luiziânia,2026,Res SS 111/2026,2026-06-09,1,variavel,39453.33,E_RS-SS-111_090626.pdf
352770,Luiziânia,2026,Res SS 185/2026,2026-09-08,2,fixo,39453.33,E_RS-SS-185_080926.pdf
352770,Luiziânia,2026,Res SS 185/2026,2026-09-08,2,variavel,22882.93,E_RS-SS-185_080926.pdf
352780,Lupércio,2024,Res SS 18/2024,2024-02-08,1,fixo,32256.0,E_R-SS-18_080224.pdf
352780,Lupércio,2024,Res SS 140/2024,2024-06-20,2,fixo,32256.0,E_R-SS-140_200624.pdf
352780,Lupércio,2024,Res SS 140/2024,2024-06-20,2,variavel,15848.45,E_R-SS-140_200624.pdf
352780,Lupércio,2024,Res SS 140/2024,2024-06-20,3,fixo,32256.0,E_R-SS-140_200624.pdf
352780,Lupércio,2024,Res SS 140/2024,2024-06-20,3,variavel,15848.45,E_R-SS-140_200624.pdf
352780,Lupércio,2025,Res SS 13/2025,2025-01-24,1,fixo,26880.0,E_R-SS-13_240125.pdf
352780,Lupércio,2025,Res SS 97/2025,2025-05-30,2,fixo,26880.0,E_R-SS-97_300525.pdf
352780,Lupércio,2025,Res SS 180/2025,2025-10-08,1+2,variavel,15052.8,E_RS-SS-180_081025.pdf
352780,Lupércio,2025,Res SS 230/2025,2025-12-09,2,ajuste,13762.56,E_RS-SS-230_091225.pdf
352780,Lupércio,2025,Res SS 230/2025,2025-12-09,2025,bonus,0.0,E_RS-SS-230_091225.pdf
352780,Lupércio,2025,Res SS 230/2025,2025-12-09,3,fixo,26880.0,E_RS-SS-230_091225.pdf
352780,Lupércio,2025,Res SS 230/2025,2025-12-09,3,variavel,18681.6,E_RS-SS-230_091225.pdf
352780,Lupércio,2026,Res SS 111/2026,2026-06-09,1,fixo,26880.0,E_RS-SS-111_090626.pdf
352780,Lupércio,2026,Res SS 111/2026,2026-06-09,1,variavel,23923.2,E_RS-SS-111_090626.pdf
352780,Lupércio,2026,Res SS 185/2026,2026-09-08,2,fixo,26880.0,E_RS-SS-185_080926.pdf
352780,Lupércio,2026,Res SS 185/2026,2026-09-08,2,variavel,13440.0,E_RS-SS-185_080926.pdf
352790,Lutécia,2024,Res SS 18/2024,2024-02-08,1,fixo,15738.0,E_R-SS-18_080224.pdf
352790,Lutécia,2024,Res SS 140/2024,2024-06-20,2,fixo,15738.0,E_R-SS-140_200624.pdf
352790,Lutécia,2024,Res SS 140/2024,2024-06-20,2,variavel,8309.66,E_R-SS-140_200624.pdf
352790,Lutécia,2024,Res SS 140/2024,2024-06-20,3,fixo,15738.0,E_R-SS-140_200624.pdf
352790,Lutécia,2024,Res SS 140/2024,2024-06-20,3,variavel,8309.66,E_R-SS-140_200624.pdf
352790,Lutécia,2025,Res SS 13/2025,2025-01-24,1,fixo,13115.0,E_R-SS-13_240125.pdf
352790,Lutécia,2025,Res SS 97/2025,2025-05-30,2,fixo,13115.0,E_R-SS-97_300525.pdf
352790,Lutécia,2025,Res SS 180/2025,2025-10-08,1+2,variavel,22295.5,E_RS-SS-180_081025.pdf
352790,Lutécia,2025,Res SS 230/2025,2025-12-09,2,ajuste,0.0,E_RS-SS-230_091225.pdf
352790,Lutécia,2025,Res SS 230/2025,2025-12-09,2025,bonus,0.0,E_RS-SS-230_091225.pdf
352790,Lutécia,2025,Res SS 230/2025,2025-12-09,3,fixo,13115.0,E_RS-SS-230_091225.pdf
352790,Lutécia,2025,Res SS 230/2025,2025-12-09,3,variavel,13115.0,E_RS-SS-230_091225.pdf
352790,Lutécia,2026,Res SS 111/2026,2026-06-09,1,fixo,13115.0,E_RS-SS-111_090626.pdf
352790,Lutécia,2026,Res SS 111/2026,2026-06-09,1,variavel,12590.4,E_RS-SS-111_090626.pdf
352790,Lutécia,2026,Res SS 185/2026,2026-09-08,2,fixo,13115.0,E_RS-SS-185_080926.pdf
352790,Lutécia,2026,Res SS 185/2026,2026-09-08,2,variavel,12590.4,E_RS-SS-185_080926.pdf
352800,Macatuba,2024,Res SS 18/2024,2024-02-08,1,fixo,51789.0,E_R-SS-18_080224.pdf
352800,Macatuba,2024,Res SS 140/2024,2024-06-20,2,fixo,51789.0,E_R-SS-140_200624.pdf
352800,Macatuba,2024,Res SS 140/2024,2024-06-20,2,variavel,16520.69,E_R-SS-140_200624.pdf
352800,Macatuba,2024,Res SS 140/2024,2024-06-20,3,fixo,51789.0,E_R-SS-140_200624.pdf
352800,Macatuba,2024,Res SS 140/2024,2024-06-20,3,variavel,16520.69,E_R-SS-140_200624.pdf
352800,Macatuba,2025,Res SS 13/2025,2025-01-24,1,fixo,43157.5,E_R-SS-13_240125.pdf
352800,Macatuba,2025,Res SS 97/2025,2025-05-30,2,fixo,43157.5,E_R-SS-97_300525.pdf
352800,Macatuba,2025,Res SS 180/2025,2025-10-08,1+2,variavel,36252.3,E_RS-SS-180_081025.pdf
352800,Macatuba,2025,Res SS 230/2025,2025-12-09,2,ajuste,17953.52,E_RS-SS-230_091225.pdf
352800,Macatuba,2025,Res SS 230/2025,2025-12-09,2025,bonus,0.0,E_RS-SS-230_091225.pdf
352800,Macatuba,2025,Res SS 230/2025,2025-12-09,3,fixo,43157.5,E_RS-SS-230_091225.pdf
352800,Macatuba,2025,Res SS 230/2025,2025-12-09,3,variavel,42294.35,E_RS-SS-230_091225.pdf
352800,Macatuba,2026,Res SS 111/2026,2026-06-09,1,fixo,43157.5,E_RS-SS-111_090626.pdf
352800,Macatuba,2026,Res SS 111/2026,2026-06-09,1,variavel,43157.5,E_RS-SS-111_090626.pdf
352800,Macatuba,2026,Res SS 185/2026,2026-09-08,2,fixo,43157.5,E_RS-SS-185_080926.pdf
352800,Macatuba,2026,Res SS 185/2026,2026-09-08,2,variavel,43157.5,E_RS-SS-185_080926.pdf
352810,Macaubal,2024,Res SS 18/2024,2024-02-08,1,fixo,65392.0,E_R-SS-18_080224.pdf
352810,Macaubal,2024,Res SS 140/2024,2024-06-20,2,fixo,65392.0,E_R-SS-140_200624.pdf
352810,Macaubal,2024,Res SS 140/2024,2024-06-20,2,variavel,40281.47,E_R-SS-140_200624.pdf
352810,Macaubal,2024,Res SS 140/2024,2024-06-20,3,fixo,65392.0,E_R-SS-140_200624.pdf
352810,Macaubal,2024,Res SS 140/2024,2024-06-20,3,variavel,40281.47,E_R-SS-140_200624.pdf
352810,Macaubal,2025,Res SS 13/2025,2025-01-24,1,fixo,54493.33,E_R-SS-13_240125.pdf
352810,Macaubal,2025,Res SS 97/2025,2025-05-30,2,fixo,54493.33,E_R-SS-97_300525.pdf
352810,Macaubal,2025,Res SS 180/2025,2025-10-08,1+2,variavel,62122.4,E_RS-SS-180_081025.pdf
352810,Macaubal,2025,Res SS 230/2025,2025-12-09,2,ajuste,23432.13,E_RS-SS-230_091225.pdf
352810,Macaubal,2025,Res SS 230/2025,2025-12-09,2025,bonus,0.0,E_RS-SS-230_091225.pdf
352810,Macaubal,2025,Res SS 230/2025,2025-12-09,3,fixo,54493.33,E_RS-SS-230_091225.pdf
352810,Macaubal,2025,Res SS 230/2025,2025-12-09,3,variavel,45774.4,E_RS-SS-230_091225.pdf
352810,Macaubal,2026,Res SS 111/2026,2026-06-09,1,fixo,54493.33,E_RS-SS-111_090626.pdf
352810,Macaubal,2026,Res SS 111/2026,2026-06-09,1,variavel,54220.87,E_RS-SS-111_090626.pdf
352810,Macaubal,2026,Res SS 185/2026,2026-09-08,2,fixo,54493.33,E_RS-SS-185_080926.pdf
352810,Macaubal,2026,Res SS 185/2026,2026-09-08,2,variavel,38690.27,E_RS-SS-185_080926.pdf
352820,Macedônia,2024,Res SS 18/2024,2024-02-08,1,fixo,22116.0,E_R-SS-18_080224.pdf
352820,Macedônia,2024,Res SS 140/2024,2024-06-20,2,fixo,22116.0,E_R-SS-140_200624.pdf
352820,Macedônia,2024,Res SS 140/2024,2024-06-20,2,variavel,14744.0,E_R-SS-140_200624.pdf
352820,Macedônia,2024,Res SS 140/2024,2024-06-20,3,fixo,22116.0,E_R-SS-140_200624.pdf
352820,Macedônia,2024,Res SS 140/2024,2024-06-20,3,variavel,14744.0,E_R-SS-140_200624.pdf
352820,Macedônia,2025,Res SS 13/2025,2025-01-24,1,fixo,18430.0,E_R-SS-13_240125.pdf
352820,Macedônia,2025,Res SS 97/2025,2025-05-30,2,fixo,18430.0,E_R-SS-97_300525.pdf
352820,Macedônia,2025,Res SS 180/2025,2025-10-08,1+2,variavel,17692.8,E_RS-SS-180_081025.pdf
352820,Macedônia,2025,Res SS 230/2025,2025-12-09,2,ajuste,8182.92,E_RS-SS-230_091225.pdf
352820,Macedônia,2025,Res SS 230/2025,2025-12-09,2025,bonus,0.0,E_RS-SS-230_091225.pdf
352820,Macedônia,2025,Res SS 230/2025,2025-12-09,3,fixo,18430.0,E_RS-SS-230_091225.pdf
352820,Macedônia,2025,Res SS 230/2025,2025-12-09,3,variavel,14283.25,E_RS-SS-230_091225.pdf
352820,Macedônia,2026,Res SS 111/2026,2026-06-09,1,fixo,18430.0,E_RS-SS-111_090626.pdf
352820,Macedônia,2026,Res SS 111/2026,2026-06-09,1,variavel,18430.0,E_RS-SS-111_090626.pdf
352820,Macedônia,2026,Res SS 185/2026,2026-09-08,2,fixo,18430.0,E_RS-SS-185_080926.pdf
352820,Macedônia,2026,Res SS 185/2026,2026-09-08,2,variavel,18430.0,E_RS-SS-185_080926.pdf
352830,Magda,2024,Res SS 18/2024,2024-02-08,1,fixo,18516.0,E_R-SS-18_080224.pdf
352830,Magda,2024,Res SS 140/2024,2024-06-20,2,fixo,18516.0,E_R-SS-140_200624.pdf
352830,Magda,2024,Res SS 140/2024,2024-06-20,2,variavel,10862.72,E_R-SS-140_200624.pdf
352830,Magda,2024,Res SS 140/2024,2024-06-20,3,fixo,18516.0,E_R-SS-140_200624.pdf
352830,Magda,2024,Res SS 140/2024,2024-06-20,3,variavel,10862.72,E_R-SS-140_200624.pdf
352830,Magda,2025,Res SS 13/2025,2025-01-24,1,fixo,15430.0,E_R-SS-13_240125.pdf
352830,Magda,2025,Res SS 97/2025,2025-05-30,2,fixo,15430.0,E_R-SS-97_300525.pdf
352830,Magda,2025,Res SS 180/2025,2025-10-08,1+2,variavel,15430.0,E_RS-SS-180_081025.pdf
352830,Magda,2025,Res SS 230/2025,2025-12-09,2,ajuste,5184.48,E_RS-SS-230_091225.pdf
352830,Magda,2025,Res SS 230/2025,2025-12-09,2025,bonus,0.0,E_RS-SS-230_091225.pdf
352830,Magda,2025,Res SS 230/2025,2025-12-09,3,fixo,15430.0,E_RS-SS-230_091225.pdf
352830,Magda,2025,Res SS 230/2025,2025-12-09,3,variavel,15430.0,E_RS-SS-230_091225.pdf
352830,Magda,2026,Res SS 111/2026,2026-06-09,1,fixo,15430.0,E_RS-SS-111_090626.pdf
352830,Magda,2026,Res SS 111/2026,2026-06-09,1,variavel,15430.0,E_RS-SS-111_090626.pdf
352830,Magda,2026,Res SS 185/2026,2026-09-08,2,fixo,15430.0,E_RS-SS-185_080926.pdf
352830,Magda,2026,Res SS 185/2026,2026-09-08,2,variavel,15430.0,E_RS-SS-185_080926.pdf
352840,Mairinque,2024,Res SS 18/2024,2024-02-08,1,fixo,143169.0,E_R-SS-18_080224.pdf
352840,Mairinque,2024,Res SS 140/2024,2024-06-20,2,fixo,143169.0,E_R-SS-140_200624.pdf
352840,Mairinque,2024,Res SS 140/2024,2024-06-20,2,variavel,70868.66,E_R-SS-140_200624.pdf
352840,Mairinque,2024,Res SS 140/2024,2024-06-20,3,fixo,143169.0,E_R-SS-140_200624.pdf
352840,Mairinque,2024,Res SS 140/2024,2024-06-20,3,variavel,70868.66,E_R-SS-140_200624.pdf
352840,Mairinque,2025,Res SS 13/2025,2025-01-24,1,fixo,119307.5,E_R-SS-13_240125.pdf
352840,Mairinque,2025,Res SS 97/2025,2025-05-30,2,fixo,119307.5,E_R-SS-97_300525.pdf
352840,Mairinque,2025,Res SS 180/2025,2025-10-08,1+2,variavel,95446.0,E_RS-SS-180_081025.pdf
352840,Mairinque,2025,Res SS 230/2025,2025-12-09,2,ajuste,29051.38,E_RS-SS-230_091225.pdf
352840,Mairinque,2025,Res SS 230/2025,2025-12-09,2025,bonus,0.0,E_RS-SS-230_091225.pdf
352840,Mairinque,2025,Res SS 230/2025,2025-12-09,3,fixo,119307.5,E_RS-SS-230_091225.pdf
352840,Mairinque,2025,Res SS 230/2025,2025-12-09,3,variavel,88287.55,E_RS-SS-230_091225.pdf
352840,Mairinque,2026,Res SS 111/2026,2026-06-09,1,fixo,119307.5,E_RS-SS-111_090626.pdf
352840,Mairinque,2026,Res SS 111/2026,2026-06-09,1,variavel,61443.36,E_RS-SS-111_090626.pdf
352840,Mairinque,2026,Res SS 185/2026,2026-09-08,2,fixo,119307.5,E_RS-SS-185_080926.pdf
352840,Mairinque,2026,Res SS 185/2026,2026-09-08,2,variavel,53688.38,E_RS-SS-185_080926.pdf
352850,Mairiporã,2024,Res SS 18/2024,2024-02-08,1,fixo,621870.0,E_R-SS-18_080224.pdf
352850,Mairiporã,2024,Res SS 140/2024,2024-06-20,2,fixo,621870.0,E_R-SS-140_200624.pdf
352850,Mairiporã,2024,Res SS 140/2024,2024-06-20,2,variavel,314666.22,E_R-SS-140_200624.pdf
352850,Mairiporã,2024,Res SS 140/2024,2024-06-20,3,fixo,621870.0,E_R-SS-140_200624.pdf
352850,Mairiporã,2024,Res SS 140/2024,2024-06-20,3,variavel,314666.22,E_R-SS-140_200624.pdf
352850,Mairiporã,2025,Res SS 13/2025,2025-01-24,1,fixo,518225.0,E_R-SS-13_240125.pdf
352850,Mairiporã,2025,Res SS 97/2025,2025-05-30,2,fixo,518225.0,E_R-SS-97_300525.pdf
352850,Mairiporã,2025,Res SS 180/2025,2025-10-08,1+2,variavel,746244.0,E_RS-SS-180_081025.pdf
352850,Mairiporã,2025,Res SS 230/2025,2025-12-09,2,ajuste,0.0,E_RS-SS-230_091225.pdf
352850,Mairiporã,2025,Res SS 230/2025,2025-12-09,2025,bonus,0.0,E_RS-SS-230_091225.pdf
352850,Mairiporã,2025,Res SS 230/2025,2025-12-09,3,fixo,518225.0,E_RS-SS-230_091225.pdf
352850,Mairiporã,2025,Res SS 230/2025,2025-12-09,3,variavel,441786.81,E_RS-SS-230_091225.pdf
352850,Mairiporã,2026,Res SS 111/2026,2026-06-09,1,fixo,518225.0,E_RS-SS-111_090626.pdf
352850,Mairiporã,2026,Res SS 111/2026,2026-06-09,1,variavel,456038.0,E_RS-SS-111_090626.pdf
352850,Mairiporã,2026,Res SS 185/2026,2026-09-08,2,fixo,518225.0,E_RS-SS-185_080926.pdf
352850,Mairiporã,2026,Res SS 185/2026,2026-09-08,2,variavel,418466.69,E_RS-SS-185_080926.pdf
352860,Manduri,2024,Res SS 18/2024,2024-02-08,1,fixo,59832.0,E_R-SS-18_080224.pdf
352860,Manduri,2024,Res SS 140/2024,2024-06-20,2,fixo,59832.0,E_R-SS-140_200624.pdf
352860,Manduri,2024,Res SS 140/2024,2024-06-20,2,variavel,39888.0,E_R-SS-140_200624.pdf
352860,Manduri,2024,Res SS 140/2024,2024-06-20,3,fixo,59832.0,E_R-SS-140_200624.pdf
352860,Manduri,2024,Res SS 140/2024,2024-06-20,3,variavel,39888.0,E_R-SS-140_200624.pdf
352860,Manduri,2025,Res SS 13/2025,2025-01-24,1,fixo,49860.0,E_R-SS-13_240125.pdf
352860,Manduri,2025,Res SS 97/2025,2025-05-30,2,fixo,49860.0,E_R-SS-97_300525.pdf
352860,Manduri,2025,Res SS 180/2025,2025-10-08,1+2,variavel,76784.4,E_RS-SS-180_081025.pdf
352860,Manduri,2025,Res SS 230/2025,2025-12-09,2,ajuste,0.0,E_RS-SS-230_091225.pdf
352860,Manduri,2025,Res SS 230/2025,2025-12-09,2025,bonus,0.0,E_RS-SS-230_091225.pdf
352860,Manduri,2025,Res SS 230/2025,2025-12-09,3,fixo,49860.0,E_RS-SS-230_091225.pdf
352860,Manduri,2025,Res SS 230/2025,2025-12-09,3,variavel,49860.0,E_RS-SS-230_091225.pdf
352860,Manduri,2026,Res SS 111/2026,2026-06-09,1,fixo,49860.0,E_RS-SS-111_090626.pdf
352860,Manduri,2026,Res SS 111/2026,2026-06-09,1,variavel,49860.0,E_RS-SS-111_090626.pdf
352860,Manduri,2026,Res SS 185/2026,2026-09-08,2,fixo,49860.0,E_RS-SS-185_080926.pdf
352860,Manduri,2026,Res SS 185/2026,2026-09-08,2,variavel,39888.0,E_RS-SS-185_080926.pdf
352870,Marabá Paulista,2024,Res SS 18/2024,2024-02-08,1,fixo,48312.0,E_R-SS-18_080224.pdf
352870,Marabá Paulista,2024,Res SS 140/2024,2024-06-20,2,fixo,48312.0,E_R-SS-140_200624.pdf
352870,Marabá Paulista,2024,Res SS 140/2024,2024-06-20,2,variavel,23205.86,E_R-SS-140_200624.pdf
352870,Marabá Paulista,2024,Res SS 140/2024,2024-06-20,3,fixo,48312.0,E_R-SS-140_200624.pdf
352870,Marabá Paulista,2024,Res SS 140/2024,2024-06-20,3,variavel,23205.86,E_R-SS-140_200624.pdf
352870,Marabá Paulista,2025,Res SS 13/2025,2025-01-24,1,fixo,40260.0,E_R-SS-13_240125.pdf
352870,Marabá Paulista,2025,Res SS 97/2025,2025-05-30,2,fixo,40260.0,E_R-SS-97_300525.pdf
352870,Marabá Paulista,2025,Res SS 180/2025,2025-10-08,1+2,variavel,69247.2,E_RS-SS-180_081025.pdf
352870,Marabá Paulista,2025,Res SS 230/2025,2025-12-09,2,ajuste,5233.8,E_RS-SS-230_091225.pdf
352870,Marabá Paulista,2025,Res SS 230/2025,2025-12-09,2025,bonus,0.0,E_RS-SS-230_091225.pdf
352870,Marabá Paulista,2025,Res SS 230/2025,2025-12-09,3,fixo,40260.0,E_RS-SS-230_091225.pdf
352870,Marabá Paulista,2025,Res SS 230/2025,2025-12-09,3,variavel,40260.0,E_RS-SS-230_091225.pdf
352870,Marabá Paulista,2026,Res SS 111/2026,2026-06-09,1,fixo,40260.0,E_RS-SS-111_090626.pdf
352870,Marabá Paulista,2026,Res SS 111/2026,2026-06-09,1,variavel,26974.2,E_RS-SS-111_090626.pdf
352870,Marabá Paulista,2026,Res SS 185/2026,2026-09-08,2,fixo,40260.0,E_RS-SS-185_080926.pdf
352870,Marabá Paulista,2026,Res SS 185/2026,2026-09-08,2,variavel,24357.3,E_RS-SS-185_080926.pdf
352880,Maracaí,2024,Res SS 18/2024,2024-02-08,1,fixo,42207.0,E_R-SS-18_080224.pdf
352880,Maracaí,2024,Res SS 140/2024,2024-06-20,2,fixo,42207.0,E_R-SS-140_200624.pdf
352880,Maracaí,2024,Res SS 140/2024,2024-06-20,2,variavel,11452.17,E_R-SS-140_200624.pdf
352880,Maracaí,2024,Res SS 140/2024,2024-06-20,3,fixo,42207.0,E_R-SS-140_200624.pdf
352880,Maracaí,2024,Res SS 140/2024,2024-06-20,3,variavel,11452.17,E_R-SS-140_200624.pdf
352880,Maracaí,2025,Res SS 13/2025,2025-01-24,1,fixo,35172.5,E_R-SS-13_240125.pdf
352880,Maracaí,2025,Res SS 97/2025,2025-05-30,2,fixo,35172.5,E_R-SS-97_300525.pdf
352880,Maracaí,2025,Res SS 180/2025,2025-10-08,1+2,variavel,29544.9,E_RS-SS-180_081025.pdf
352880,Maracaí,2025,Res SS 230/2025,2025-12-09,2,ajuste,18500.74,E_RS-SS-230_091225.pdf
352880,Maracaí,2025,Res SS 230/2025,2025-12-09,2025,bonus,0.0,E_RS-SS-230_091225.pdf
352880,Maracaí,2025,Res SS 230/2025,2025-12-09,3,fixo,35172.5,E_RS-SS-230_091225.pdf
352880,Maracaí,2025,Res SS 230/2025,2025-12-09,3,variavel,24444.89,E_RS-SS-230_091225.pdf
352880,Maracaí,2026,Res SS 111/2026,2026-06-09,1,fixo,35172.5,E_RS-SS-111_090626.pdf
352880,Maracaí,2026,Res SS 111/2026,2026-06-09,1,variavel,30600.08,E_RS-SS-111_090626.pdf
352880,Maracaí,2026,Res SS 185/2026,2026-09-08,2,fixo,35172.5,E_RS-SS-185_080926.pdf
352880,Maracaí,2026,Res SS 185/2026,2026-09-08,2,variavel,21455.23,E_RS-SS-185_080926.pdf
352885,Marapoama,2024,Res SS 18/2024,2024-02-08,1,fixo,18582.0,E_R-SS-18_080224.pdf
352885,Marapoama,2024,Res SS 140/2024,2024-06-20,2,fixo,18582.0,E_R-SS-140_200624.pdf
352885,Marapoama,2024,Res SS 140/2024,2024-06-20,2,variavel,6745.27,E_R-SS-140_200624.pdf
352885,Marapoama,2024,Res SS 140/2024,2024-06-20,3,fixo,18582.0,E_R-SS-140_200624.pdf
352885,Marapoama,2024,Res SS 140/2024,2024-06-20,3,variavel,6745.27,E_R-SS-140_200624.pdf
352885,Marapoama,2025,Res SS 13/2025,2025-01-24,1,fixo,15485.0,E_R-SS-13_240125.pdf
352885,Marapoama,2025,Res SS 97/2025,2025-05-30,2,fixo,15485.0,E_R-SS-97_300525.pdf
352885,Marapoama,2025,Res SS 180/2025,2025-10-08,1+2,variavel,26943.9,E_RS-SS-180_081025.pdf
352885,Marapoama,2025,Res SS 230/2025,2025-12-09,2,ajuste,0.0,E_RS-SS-230_091225.pdf
352885,Marapoama,2025,Res SS 230/2025,2025-12-09,2025,bonus,0.0,E_RS-SS-230_091225.pdf
352885,Marapoama,2025,Res SS 230/2025,2025-12-09,3,fixo,15485.0,E_RS-SS-230_091225.pdf
352885,Marapoama,2025,Res SS 230/2025,2025-12-09,3,variavel,13781.65,E_RS-SS-230_091225.pdf
352885,Marapoama,2026,Res SS 111/2026,2026-06-09,1,fixo,15485.0,E_RS-SS-111_090626.pdf
352885,Marapoama,2026,Res SS 111/2026,2026-06-09,1,variavel,12620.28,E_RS-SS-111_090626.pdf
352885,Marapoama,2026,Res SS 185/2026,2026-09-08,2,fixo,15485.0,E_RS-SS-185_080926.pdf
352885,Marapoama,2026,Res SS 185/2026,2026-09-08,2,variavel,13626.8,E_RS-SS-185_080926.pdf
352890,Mariápolis,2024,Res SS 18/2024,2024-02-08,1,fixo,28686.0,E_R-SS-18_080224.pdf
352890,Mariápolis,2024,Res SS 140/2024,2024-06-20,2,fixo,28686.0,E_R-SS-140_200624.pdf
352890,Mariápolis,2024,Res SS 140/2024,2024-06-20,2,variavel,13778.84,E_R-SS-140_200624.pdf
352890,Mariápolis,2024,Res SS 140/2024,2024-06-20,3,fixo,28686.0,E_R-SS-140_200624.pdf
352890,Mariápolis,2024,Res SS 140/2024,2024-06-20,3,variavel,13778.84,E_R-SS-140_200624.pdf
352890,Mariápolis,2025,Res SS 13/2025,2025-01-24,1,fixo,23905.0,E_R-SS-13_240125.pdf
352890,Mariápolis,2025,Res SS 97/2025,2025-05-30,2,fixo,23905.0,E_R-SS-97_300525.pdf
352890,Mariápolis,2025,Res SS 180/2025,2025-10-08,1+2,variavel,27251.7,E_RS-SS-180_081025.pdf
352890,Mariápolis,2025,Res SS 230/2025,2025-12-09,2,ajuste,9514.19,E_RS-SS-230_091225.pdf
352890,Mariápolis,2025,Res SS 230/2025,2025-12-09,2025,bonus,0.0,E_RS-SS-230_091225.pdf
352890,Mariápolis,2025,Res SS 230/2025,2025-12-09,3,fixo,23905.0,E_RS-SS-230_091225.pdf
352890,Mariápolis,2025,Res SS 230/2025,2025-12-09,3,variavel,23187.85,E_RS-SS-230_091225.pdf
352890,Mariápolis,2026,Res SS 111/2026,2026-06-09,1,fixo,23905.0,E_RS-SS-111_090626.pdf
352890,Mariápolis,2026,Res SS 111/2026,2026-06-09,1,variavel,21634.03,E_RS-SS-111_090626.pdf
352890,Mariápolis,2026,Res SS 185/2026,2026-09-08,2,fixo,23905.0,E_RS-SS-185_080926.pdf
352890,Mariápolis,2026,Res SS 185/2026,2026-09-08,2,variavel,13864.9,E_RS-SS-185_080926.pdf
352900,Marília,2024,Res SS 18/2024,2024-02-08,1,fixo,726747.0,E_R-SS-18_080224.pdf
352900,Marília,2024,Res SS 140/2024,2024-06-20,2,fixo,726747.0,E_R-SS-140_200624.pdf
352900,Marília,2024,Res SS 140/2024,2024-06-20,2,variavel,458335.11,E_R-SS-140_200624.pdf
352900,Marília,2024,Res SS 140/2024,2024-06-20,3,fixo,726747.0,E_R-SS-140_200624.pdf
352900,Marília,2024,Res SS 140/2024,2024-06-20,3,variavel,458335.11,E_R-SS-140_200624.pdf
352900,Marília,2025,Res SS 13/2025,2025-01-24,1,fixo,605622.5,E_R-SS-13_240125.pdf
352900,Marília,2025,Res SS 97/2025,2025-05-30,2,fixo,605622.5,E_R-SS-97_300525.pdf
352900,Marília,2025,Res SS 180/2025,2025-10-08,1+2,variavel,436048.2,E_RS-SS-180_081025.pdf
352900,Marília,2025,Res SS 230/2025,2025-12-09,2,ajuste,109012.05,E_RS-SS-230_091225.pdf
352900,Marília,2025,Res SS 230/2025,2025-12-09,2025,bonus,0.0,E_RS-SS-230_091225.pdf
352900,Marília,2025,Res SS 230/2025,2025-12-09,3,fixo,605622.5,E_RS-SS-230_091225.pdf
352900,Marília,2025,Res SS 230/2025,2025-12-09,3,variavel,551116.48,E_RS-SS-230_091225.pdf
352900,Marília,2026,Res SS 111/2026,2026-06-09,1,fixo,605622.5,E_RS-SS-111_090626.pdf
352900,Marília,2026,Res SS 111/2026,2026-06-09,1,variavel,578369.49,E_RS-SS-111_090626.pdf
352900,Marília,2026,Res SS 185/2026,2026-09-08,2,fixo,605622.5,E_RS-SS-185_080926.pdf
352900,Marília,2026,Res SS 185/2026,2026-09-08,2,variavel,440590.37,E_RS-SS-185_080926.pdf
352910,Marinópolis,2024,Res SS 18/2024,2024-02-08,1,fixo,12606.0,E_R-SS-18_080224.pdf
352910,Marinópolis,2024,Res SS 140/2024,2024-06-20,2,fixo,12606.0,E_R-SS-140_200624.pdf
352910,Marinópolis,2024,Res SS 140/2024,2024-06-20,2,variavel,8404.0,E_R-SS-140_200624.pdf
352910,Marinópolis,2024,Res SS 140/2024,2024-06-20,3,fixo,12606.0,E_R-SS-140_200624.pdf
352910,Marinópolis,2024,Res SS 140/2024,2024-06-20,3,variavel,8404.0,E_R-SS-140_200624.pdf
352910,Marinópolis,2025,Res SS 13/2025,2025-01-24,1,fixo,10505.0,E_R-SS-13_240125.pdf
352910,Marinópolis,2025,Res SS 97/2025,2025-05-30,2,fixo,10505.0,E_R-SS-97_300525.pdf
352910,Marinópolis,2025,Res SS 180/2025,2025-10-08,1+2,variavel,15967.6,E_RS-SS-180_081025.pdf
352910,Marinópolis,2025,Res SS 230/2025,2025-12-09,2,ajuste,798.38,E_RS-SS-230_091225.pdf
352910,Marinópolis,2025,Res SS 230/2025,2025-12-09,2025,bonus,0.0,E_RS-SS-230_091225.pdf
352910,Marinópolis,2025,Res SS 230/2025,2025-12-09,3,fixo,10505.0,E_RS-SS-230_091225.pdf
352910,Marinópolis,2025,Res SS 230/2025,2025-12-09,3,variavel,10505.0,E_RS-SS-230_091225.pdf
352910,Marinópolis,2026,Res SS 111/2026,2026-06-09,1,fixo,10505.0,E_RS-SS-111_090626.pdf
352910,Marinópolis,2026,Res SS 111/2026,2026-06-09,1,variavel,9507.03,E_RS-SS-111_090626.pdf
352910,Marinópolis,2026,Res SS 185/2026,2026-09-08,2,fixo,10505.0,E_RS-SS-185_080926.pdf
352910,Marinópolis,2026,Res SS 185/2026,2026-09-08,2,variavel,7038.35,E_RS-SS-185_080926.pdf
352920,Martinópolis,2024,Res SS 18/2024,2024-02-08,1,fixo,160746.0,E_R-SS-18_080224.pdf
352920,Martinópolis,2024,Res SS 140/2024,2024-06-20,2,fixo,160746.0,E_R-SS-140_200624.pdf
352920,Martinópolis,2024,Res SS 140/2024,2024-06-20,2,variavel,103734.75,E_R-SS-140_200624.pdf
352920,Martinópolis,2024,Res SS 140/2024,2024-06-20,3,fixo,160746.0,E_R-SS-140_200624.pdf
352920,Martinópolis,2024,Res SS 140/2024,2024-06-20,3,variavel,103734.75,E_R-SS-140_200624.pdf
352920,Martinópolis,2025,Res SS 13/2025,2025-01-24,1,fixo,133955.0,E_R-SS-13_240125.pdf
352920,Martinópolis,2025,Res SS 97/2025,2025-05-30,2,fixo,133955.0,E_R-SS-97_300525.pdf
352920,Martinópolis,2025,Res SS 180/2025,2025-10-08,1+2,variavel,96447.6,E_RS-SS-180_081025.pdf
352920,Martinópolis,2025,Res SS 230/2025,2025-12-09,2,ajuste,49764.28,E_RS-SS-230_091225.pdf
352920,Martinópolis,2025,Res SS 230/2025,2025-12-09,2025,bonus,0.0,E_RS-SS-230_091225.pdf
352920,Martinópolis,2025,Res SS 230/2025,2025-12-09,3,fixo,133955.0,E_RS-SS-230_091225.pdf
352920,Martinópolis,2025,Res SS 230/2025,2025-12-09,3,variavel,133955.0,E_RS-SS-230_091225.pdf
352920,Martinópolis,2026,Res SS 111/2026,2026-06-09,1,fixo,133955.0,E_RS-SS-111_090626.pdf
352920,Martinópolis,2026,Res SS 111/2026,2026-06-09,1,variavel,101805.8,E_RS-SS-111_090626.pdf
352920,Martinópolis,2026,Res SS 185/2026,2026-09-08,2,fixo,133955.0,E_RS-SS-185_080926.pdf
352920,Martinópolis,2026,Res SS 185/2026,2026-09-08,2,variavel,84391.65,E_RS-SS-185_080926.pdf
352930,Matão,2024,Res SS 18/2024,2024-02-08,1,fixo,252207.0,E_R-SS-18_080224.pdf
352930,Matão,2024,Res SS 140/2024,2024-06-20,2,fixo,252207.0,E_R-SS-140_200624.pdf
352930,Matão,2024,Res SS 140/2024,2024-06-20,2,variavel,147036.68,E_R-SS-140_200624.pdf
352930,Matão,2024,Res SS 140/2024,2024-06-20,3,fixo,252207.0,E_R-SS-140_200624.pdf
352930,Matão,2024,Res SS 140/2024,2024-06-20,3,variavel,147036.68,E_R-SS-140_200624.pdf
352930,Matão,2025,Res SS 13/2025,2025-01-24,1,fixo,210172.5,E_R-SS-13_240125.pdf
352930,Matão,2025,Res SS 97/2025,2025-05-30,2,fixo,210172.5,E_R-SS-97_300525.pdf
352930,Matão,2025,Res SS 180/2025,2025-10-08,1+2,variavel,239596.65,E_RS-SS-180_081025.pdf
352930,Matão,2025,Res SS 230/2025,2025-12-09,2,ajuste,69777.27,E_RS-SS-230_091225.pdf
352930,Matão,2025,Res SS 230/2025,2025-12-09,2025,bonus,0.0,E_RS-SS-230_091225.pdf
352930,Matão,2025,Res SS 230/2025,2025-12-09,3,fixo,210172.5,E_RS-SS-230_091225.pdf
352930,Matão,2025,Res SS 230/2025,2025-12-09,3,variavel,125578.07,E_RS-SS-230_091225.pdf
352930,Matão,2026,Res SS 111/2026,2026-06-09,1,fixo,210172.5,E_RS-SS-111_090626.pdf
352930,Matão,2026,Res SS 111/2026,2026-06-09,1,variavel,130306.95,E_RS-SS-111_090626.pdf
352930,Matão,2026,Res SS 185/2026,2026-09-08,2,fixo,210172.5,E_RS-SS-185_080926.pdf
352930,Matão,2026,Res SS 185/2026,2026-09-08,2,variavel,116645.74,E_RS-SS-185_080926.pdf
352940,Mauá,2024,Res SS 18/2024,2024-02-08,1,fixo,1445175.0,E_R-SS-18_080224.pdf
352940,Mauá,2024,Res SS 140/2024,2024-06-20,2,fixo,1445175.0,E_R-SS-140_200624.pdf
352940,Mauá,2024,Res SS 140/2024,2024-06-20,2,variavel,867105.0,E_R-SS-140_200624.pdf
352940,Mauá,2024,Res SS 140/2024,2024-06-20,3,fixo,1445175.0,E_R-SS-140_200624.pdf
352940,Mauá,2024,Res SS 140/2024,2024-06-20,3,variavel,867105.0,E_R-SS-140_200624.pdf
352940,Mauá,2025,Res SS 13/2025,2025-01-24,1,fixo,1204312.5,E_R-SS-13_240125.pdf
352940,Mauá,2025,Res SS 97/2025,2025-05-30,2,fixo,1204312.5,E_R-SS-97_300525.pdf
352940,Mauá,2025,Res SS 180/2025,2025-10-08,1+2,variavel,987536.25,E_RS-SS-180_081025.pdf
352940,Mauá,2025,Res SS 230/2025,2025-12-09,2,ajuste,433552.5,E_RS-SS-230_091225.pdf
352940,Mauá,2025,Res SS 230/2025,2025-12-09,2025,bonus,0.0,E_RS-SS-230_091225.pdf
352940,Mauá,2025,Res SS 230/2025,2025-12-09,3,fixo,1204312.5,E_RS-SS-230_091225.pdf
352940,Mauá,2025,Res SS 230/2025,2025-12-09,3,variavel,740652.19,E_RS-SS-230_091225.pdf
352940,Mauá,2026,Res SS 111/2026,2026-06-09,1,fixo,1204312.5,E_RS-SS-111_090626.pdf
352940,Mauá,2026,Res SS 111/2026,2026-06-09,1,variavel,993557.81,E_RS-SS-111_090626.pdf
352940,Mauá,2026,Res SS 185/2026,2026-09-08,2,fixo,1204312.5,E_RS-SS-185_080926.pdf
352940,Mauá,2026,Res SS 185/2026,2026-09-08,2,variavel,758716.88,E_RS-SS-185_080926.pdf
352950,Mendonça,2024,Res SS 18/2024,2024-02-08,1,fixo,28190.0,E_R-SS-18_080224.pdf
352950,Mendonça,2024,Res SS 140/2024,2024-06-20,2,fixo,28190.0,E_R-SS-140_200624.pdf
352950,Mendonça,2024,Res SS 140/2024,2024-06-20,2,variavel,16124.68,E_R-SS-140_200624.pdf
352950,Mendonça,2024,Res SS 140/2024,2024-06-20,3,fixo,28190.0,E_R-SS-140_200624.pdf
352950,Mendonça,2024,Res SS 140/2024,2024-06-20,3,variavel,16124.68,E_R-SS-140_200624.pdf
352950,Mendonça,2025,Res SS 13/2025,2025-01-24,1,fixo,23491.67,E_R-SS-13_240125.pdf
352950,Mendonça,2025,Res SS 97/2025,2025-05-30,2,fixo,23491.67,E_R-SS-97_300525.pdf
352950,Mendonça,2025,Res SS 180/2025,2025-10-08,1+2,variavel,38996.17,E_RS-SS-180_081025.pdf
352950,Mendonça,2025,Res SS 230/2025,2025-12-09,2,ajuste,2208.22,E_RS-SS-230_091225.pdf
352950,Mendonça,2025,Res SS 230/2025,2025-12-09,2025,bonus,0.0,E_RS-SS-230_091225.pdf
352950,Mendonça,2025,Res SS 230/2025,2025-12-09,3,fixo,23491.67,E_RS-SS-230_091225.pdf
352950,Mendonça,2025,Res SS 230/2025,2025-12-09,3,variavel,23198.02,E_RS-SS-230_091225.pdf
352950,Mendonça,2026,Res SS 111/2026,2026-06-09,1,fixo,23491.67,E_RS-SS-111_090626.pdf
352950,Mendonça,2026,Res SS 111/2026,2026-06-09,1,variavel,23374.21,E_RS-SS-111_090626.pdf
352950,Mendonça,2026,Res SS 185/2026,2026-09-08,2,fixo,23491.67,E_RS-SS-185_080926.pdf
352950,Mendonça,2026,Res SS 185/2026,2026-09-08,2,variavel,15739.42,E_RS-SS-185_080926.pdf
352960,Meridiano,2024,Res SS 18/2024,2024-02-08,1,fixo,19065.0,E_R-SS-18_080224.pdf
352960,Meridiano,2024,Res SS 140/2024,2024-06-20,2,fixo,19065.0,E_R-SS-140_200624.pdf
352960,Meridiano,2024,Res SS 140/2024,2024-06-20,2,variavel,11184.8,E_R-SS-140_200624.pdf
352960,Meridiano,2024,Res SS 140/2024,2024-06-20,3,fixo,19065.0,E_R-SS-140_200624.pdf
352960,Meridiano,2024,Res SS 140/2024,2024-06-20,3,variavel,11184.8,E_R-SS-140_200624.pdf
352960,Meridiano,2025,Res SS 13/2025,2025-01-24,1,fixo,15887.5,E_R-SS-13_240125.pdf
352960,Meridiano,2025,Res SS 97/2025,2025-05-30,2,fixo,15887.5,E_R-SS-97_300525.pdf
352960,Meridiano,2025,Res SS 180/2025,2025-10-08,1+2,variavel,16840.75,E_RS-SS-180_081025.pdf
352960,Meridiano,2025,Res SS 230/2025,2025-12-09,2,ajuste,6259.68,E_RS-SS-230_091225.pdf
352960,Meridiano,2025,Res SS 230/2025,2025-12-09,2025,bonus,0.0,E_RS-SS-230_091225.pdf
352960,Meridiano,2025,Res SS 230/2025,2025-12-09,3,fixo,15887.5,E_RS-SS-230_091225.pdf
352960,Meridiano,2025,Res SS 230/2025,2025-12-09,3,variavel,15887.5,E_RS-SS-230_091225.pdf
352960,Meridiano,2026,Res SS 111/2026,2026-06-09,1,fixo,15887.5,E_RS-SS-111_090626.pdf
352960,Meridiano,2026,Res SS 111/2026,2026-06-09,1,variavel,15887.5,E_RS-SS-111_090626.pdf
352960,Meridiano,2026,Res SS 185/2026,2026-09-08,2,fixo,15887.5,E_RS-SS-185_080926.pdf
352960,Meridiano,2026,Res SS 185/2026,2026-09-08,2,variavel,15887.5,E_RS-SS-185_080926.pdf
352965,Mesópolis,2024,Res SS 18/2024,2024-02-08,1,fixo,11418.0,E_R-SS-18_080224.pdf
352965,Mesópolis,2024,Res SS 140/2024,2024-06-20,2,fixo,11418.0,E_R-SS-140_200624.pdf
352965,Mesópolis,2024,Res SS 140/2024,2024-06-20,2,variavel,7612.0,E_R-SS-140_200624.pdf
352965,Mesópolis,2024,Res SS 140/2024,2024-06-20,3,fixo,11418.0,E_R-SS-140_200624.pdf
352965,Mesópolis,2024,Res SS 140/2024,2024-06-20,3,variavel,7612.0,E_R-SS-140_200624.pdf
352965,Mesópolis,2025,Res SS 13/2025,2025-01-24,1,fixo,9515.0,E_R-SS-13_240125.pdf
352965,Mesópolis,2025,Res SS 97/2025,2025-05-30,2,fixo,9515.0,E_R-SS-97_300525.pdf
352965,Mesópolis,2025,Res SS 180/2025,2025-10-08,1+2,variavel,7992.6,E_RS-SS-180_081025.pdf
352965,Mesópolis,2025,Res SS 230/2025,2025-12-09,2,ajuste,1132.29,E_RS-SS-230_091225.pdf
352965,Mesópolis,2025,Res SS 230/2025,2025-12-09,2025,bonus,0.0,E_RS-SS-230_091225.pdf
352965,Mesópolis,2025,Res SS 230/2025,2025-12-09,3,fixo,9515.0,E_RS-SS-230_091225.pdf
352965,Mesópolis,2025,Res SS 230/2025,2025-12-09,3,variavel,9229.55,E_RS-SS-230_091225.pdf
352965,Mesópolis,2026,Res SS 111/2026,2026-06-09,1,fixo,9515.0,E_RS-SS-111_090626.pdf
352965,Mesópolis,2026,Res SS 111/2026,2026-06-09,1,variavel,9515.0,E_RS-SS-111_090626.pdf
352965,Mesópolis,2026,Res SS 185/2026,2026-09-08,2,fixo,9515.0,E_RS-SS-185_080926.pdf
352965,Mesópolis,2026,Res SS 185/2026,2026-09-08,2,variavel,7683.36,E_RS-SS-185_080926.pdf
352970,Miguelópolis,2024,Res SS 18/2024,2024-02-08,1,fixo,134880.0,E_R-SS-18_080224.pdf
352970,Miguelópolis,2024,Res SS 140/2024,2024-06-20,2,fixo,134880.0,E_R-SS-140_200624.pdf
352970,Miguelópolis,2024,Res SS 140/2024,2024-06-20,2,variavel,87042.56,E_R-SS-140_200624.pdf
352970,Miguelópolis,2024,Res SS 140/2024,2024-06-20,3,fixo,134880.0,E_R-SS-140_200624.pdf
352970,Miguelópolis,2024,Res SS 140/2024,2024-06-20,3,variavel,87042.56,E_R-SS-140_200624.pdf
352970,Miguelópolis,2025,Res SS 13/2025,2025-01-24,1,fixo,112400.0,E_R-SS-13_240125.pdf
352970,Miguelópolis,2025,Res SS 97/2025,2025-05-30,2,fixo,112400.0,E_R-SS-97_300525.pdf
352970,Miguelópolis,2025,Res SS 180/2025,2025-10-08,1+2,variavel,123640.0,E_RS-SS-180_081025.pdf
352970,Miguelópolis,2025,Res SS 230/2025,2025-12-09,2,ajuste,28100.0,E_RS-SS-230_091225.pdf
352970,Miguelópolis,2025,Res SS 230/2025,2025-12-09,2025,bonus,0.0,E_RS-SS-230_091225.pdf
352970,Miguelópolis,2025,Res SS 230/2025,2025-12-09,3,fixo,112400.0,E_RS-SS-230_091225.pdf
352970,Miguelópolis,2025,Res SS 230/2025,2025-12-09,3,variavel,56200.0,E_RS-SS-230_091225.pdf
352970,Miguelópolis,2026,Res SS 111/2026,2026-06-09,1,fixo,112400.0,E_RS-SS-111_090626.pdf
352970,Miguelópolis,2026,Res SS 111/2026,2026-06-09,1,variavel,78680.0,E_RS-SS-111_090626.pdf
352970,Miguelópolis,2026,Res SS 185/2026,2026-09-08,2,fixo,112400.0,E_RS-SS-185_080926.pdf
352970,Miguelópolis,2026,Res SS 185/2026,2026-09-08,2,variavel,78680.0,E_RS-SS-185_080926.pdf
352980,Mineiros Do Tietê,2024,Res SS 18/2024,2024-02-08,1,fixo,91161.0,E_R-SS-18_080224.pdf
352980,Mineiros Do Tietê,2024,Res SS 140/2024,2024-06-20,2,fixo,91161.0,E_R-SS-140_200624.pdf
352980,Mineiros Do Tietê,2024,Res SS 140/2024,2024-06-20,2,variavel,25737.79,E_R-SS-140_200624.pdf
352980,Mineiros Do Tietê,2024,Res SS 140/2024,2024-06-20,3,fixo,91161.0,E_R-SS-140_200624.pdf
352980,Mineiros Do Tietê,2024,Res SS 140/2024,2024-06-20,3,variavel,25737.79,E_R-SS-140_200624.pdf
352980,Mineiros Do Tietê,2025,Res SS 13/2025,2025-01-24,1,fixo,75967.5,E_R-SS-13_240125.pdf
352980,Mineiros Do Tietê,2025,Res SS 97/2025,2025-05-30,2,fixo,75967.5,E_R-SS-97_300525.pdf
352980,Mineiros Do Tietê,2025,Res SS 180/2025,2025-10-08,1+2,variavel,89641.65,E_RS-SS-180_081025.pdf
352980,Mineiros Do Tietê,2025,Res SS 230/2025,2025-12-09,2,ajuste,22030.58,E_RS-SS-230_091225.pdf
352980,Mineiros Do Tietê,2025,Res SS 230/2025,2025-12-09,2025,bonus,0.0,E_RS-SS-230_091225.pdf
352980,Mineiros Do Tietê,2025,Res SS 230/2025,2025-12-09,3,fixo,75967.5,E_RS-SS-230_091225.pdf
352980,Mineiros Do Tietê,2025,Res SS 230/2025,2025-12-09,3,variavel,49758.71,E_RS-SS-230_091225.pdf
352980,Mineiros Do Tietê,2026,Res SS 111/2026,2026-06-09,1,fixo,75967.5,E_RS-SS-111_090626.pdf
352980,Mineiros Do Tietê,2026,Res SS 111/2026,2026-06-09,1,variavel,44440.99,E_RS-SS-111_090626.pdf
352980,Mineiros Do Tietê,2026,Res SS 185/2026,2026-09-08,2,fixo,75967.5,E_RS-SS-185_080926.pdf
352980,Mineiros Do Tietê,2026,Res SS 185/2026,2026-09-08,2,variavel,75967.5,E_RS-SS-185_080926.pdf
352990,Miracatu,2024,Res SS 18/2024,2024-02-08,1,fixo,156088.0,E_R-SS-18_080224.pdf
352990,Miracatu,2024,Res SS 140/2024,2024-06-20,2,fixo,156088.0,E_R-SS-140_200624.pdf
352990,Miracatu,2024,Res SS 140/2024,2024-06-20,2,variavel,82414.46,E_R-SS-140_200624.pdf
352990,Miracatu,2024,Res SS 140/2024,2024-06-20,3,fixo,156088.0,E_R-SS-140_200624.pdf
352990,Miracatu,2024,Res SS 140/2024,2024-06-20,3,variavel,82414.46,E_R-SS-140_200624.pdf
352990,Miracatu,2025,Res SS 13/2025,2025-01-24,1,fixo,130073.33,E_R-SS-13_240125.pdf
352990,Miracatu,2025,Res SS 97/2025,2025-05-30,2,fixo,130073.33,E_R-SS-97_300525.pdf
352990,Miracatu,2025,Res SS 180/2025,2025-10-08,1+2,variavel,150885.07,E_RS-SS-180_081025.pdf
352990,Miracatu,2025,Res SS 230/2025,2025-12-09,2,ajuste,14698.29,E_RS-SS-230_091225.pdf
352990,Miracatu,2025,Res SS 230/2025,2025-12-09,2025,bonus,0.0,E_RS-SS-230_091225.pdf
352990,Miracatu,2025,Res SS 230/2025,2025-12-09,3,fixo,130073.33,E_RS-SS-230_091225.pdf
352990,Miracatu,2025,Res SS 230/2025,2025-12-09,3,variavel,72515.88,E_RS-SS-230_091225.pdf
352990,Miracatu,2026,Res SS 111/2026,2026-06-09,1,fixo,130073.33,E_RS-SS-111_090626.pdf
352990,Miracatu,2026,Res SS 111/2026,2026-06-09,1,variavel,130073.33,E_RS-SS-111_090626.pdf
352990,Miracatu,2026,Res SS 185/2026,2026-09-08,2,fixo,130073.33,E_RS-SS-185_080926.pdf
352990,Miracatu,2026,Res SS 185/2026,2026-09-08,2,variavel,72841.07,E_RS-SS-185_080926.pdf
353000,Mira Estrela,2024,Res SS 18/2024,2024-02-08,1,fixo,18750.0,E_R-SS-18_080224.pdf
353000,Mira Estrela,2024,Res SS 140/2024,2024-06-20,2,fixo,18750.0,E_R-SS-140_200624.pdf
353000,Mira Estrela,2024,Res SS 140/2024,2024-06-20,2,variavel,9556.25,E_R-SS-140_200624.pdf
353000,Mira Estrela,2024,Res SS 140/2024,2024-06-20,3,fixo,18750.0,E_R-SS-140_200624.pdf
353000,Mira Estrela,2024,Res SS 140/2024,2024-06-20,3,variavel,9556.25,E_R-SS-140_200624.pdf
353000,Mira Estrela,2025,Res SS 13/2025,2025-01-24,1,fixo,15625.0,E_R-SS-13_240125.pdf
353000,Mira Estrela,2025,Res SS 97/2025,2025-05-30,2,fixo,15625.0,E_R-SS-97_300525.pdf
353000,Mira Estrela,2025,Res SS 180/2025,2025-10-08,1+2,variavel,29375.0,E_RS-SS-180_081025.pdf
353000,Mira Estrela,2025,Res SS 230/2025,2025-12-09,2,ajuste,0.0,E_RS-SS-230_091225.pdf
353000,Mira Estrela,2025,Res SS 230/2025,2025-12-09,2025,bonus,0.0,E_RS-SS-230_091225.pdf
353000,Mira Estrela,2025,Res SS 230/2025,2025-12-09,3,fixo,15625.0,E_RS-SS-230_091225.pdf
353000,Mira Estrela,2025,Res SS 230/2025,2025-12-09,3,variavel,14414.06,E_RS-SS-230_091225.pdf
353000,Mira Estrela,2026,Res SS 111/2026,2026-06-09,1,fixo,15625.0,E_RS-SS-111_090626.pdf
353000,Mira Estrela,2026,Res SS 111/2026,2026-06-09,1,variavel,15546.88,E_RS-SS-111_090626.pdf
353000,Mira Estrela,2026,Res SS 185/2026,2026-09-08,2,fixo,15625.0,E_RS-SS-185_080926.pdf
353000,Mira Estrela,2026,Res SS 185/2026,2026-09-08,2,variavel,12500.0,E_RS-SS-185_080926.pdf
353010,Mirandópolis,2024,Res SS 18/2024,2024-02-08,1,fixo,179064.0,E_R-SS-18_080224.pdf
353010,Mirandópolis,2024,Res SS 140/2024,2024-06-20,2,fixo,179064.0,E_R-SS-140_200624.pdf
353010,Mirandópolis,2024,Res SS 140/2024,2024-06-20,2,variavel,112273.13,E_R-SS-140_200624.pdf
353010,Mirandópolis,2024,Res SS 140/2024,2024-06-20,3,fixo,179064.0,E_R-SS-140_200624.pdf
353010,Mirandópolis,2024,Res SS 140/2024,2024-06-20,3,variavel,112273.13,E_R-SS-140_200624.pdf
353010,Mirandópolis,2025,Res SS 13/2025,2025-01-24,1,fixo,149220.0,E_R-SS-13_240125.pdf
353010,Mirandópolis,2025,Res SS 97/2025,2025-05-30,2,fixo,149220.0,E_R-SS-97_300525.pdf
353010,Mirandópolis,2025,Res SS 180/2025,2025-10-08,1+2,variavel,131313.6,E_RS-SS-180_081025.pdf
353010,Mirandópolis,2025,Res SS 230/2025,2025-12-09,2,ajuste,27083.43,E_RS-SS-230_091225.pdf
353010,Mirandópolis,2025,Res SS 230/2025,2025-12-09,2025,bonus,0.0,E_RS-SS-230_091225.pdf
353010,Mirandópolis,2025,Res SS 230/2025,2025-12-09,3,fixo,149220.0,E_RS-SS-230_091225.pdf
353010,Mirandópolis,2025,Res SS 230/2025,2025-12-09,3,variavel,77594.4,E_RS-SS-230_091225.pdf
353010,Mirandópolis,2026,Res SS 111/2026,2026-06-09,1,fixo,149220.0,E_RS-SS-111_090626.pdf
353010,Mirandópolis,2026,Res SS 111/2026,2026-06-09,1,variavel,136536.3,E_RS-SS-111_090626.pdf
353010,Mirandópolis,2026,Res SS 185/2026,2026-09-08,2,fixo,149220.0,E_RS-SS-185_080926.pdf
353010,Mirandópolis,2026,Res SS 185/2026,2026-09-08,2,variavel,88039.8,E_RS-SS-185_080926.pdf
353020,Mirante Do Paranapanema,2024,Res SS 18/2024,2024-02-08,1,fixo,110490.0,E_R-SS-18_080224.pdf
353020,Mirante Do Paranapanema,2024,Res SS 140/2024,2024-06-20,2,fixo,110490.0,E_R-SS-140_200624.pdf
353020,Mirante Do Paranapanema,2024,Res SS 140/2024,2024-06-20,2,variavel,63200.28,E_R-SS-140_200624.pdf
353020,Mirante Do Paranapanema,2024,Res SS 140/2024,2024-06-20,3,fixo,110490.0,E_R-SS-140_200624.pdf
353020,Mirante Do Paranapanema,2024,Res SS 140/2024,2024-06-20,3,variavel,63200.28,E_R-SS-140_200624.pdf
353020,Mirante Do Paranapanema,2025,Res SS 13/2025,2025-01-24,1,fixo,92075.0,E_R-SS-13_240125.pdf
353020,Mirante Do Paranapanema,2025,Res SS 97/2025,2025-05-30,2,fixo,92075.0,E_R-SS-97_300525.pdf
353020,Mirante Do Paranapanema,2025,Res SS 180/2025,2025-10-08,1+2,variavel,132588.0,E_RS-SS-180_081025.pdf
353020,Mirante Do Paranapanema,2025,Res SS 230/2025,2025-12-09,2,ajuste,22834.6,E_RS-SS-230_091225.pdf
353020,Mirante Do Paranapanema,2025,Res SS 230/2025,2025-12-09,2025,bonus,0.0,E_RS-SS-230_091225.pdf
353020,Mirante Do Paranapanema,2025,Res SS 230/2025,2025-12-09,3,fixo,92075.0,E_RS-SS-230_091225.pdf
353020,Mirante Do Paranapanema,2025,Res SS 230/2025,2025-12-09,3,variavel,58007.25,E_RS-SS-230_091225.pdf
353020,Mirante Do Paranapanema,2026,Res SS 111/2026,2026-06-09,1,fixo,92075.0,E_RS-SS-111_090626.pdf
353020,Mirante Do Paranapanema,2026,Res SS 111/2026,2026-06-09,1,variavel,92075.0,E_RS-SS-111_090626.pdf
353020,Mirante Do Paranapanema,2026,Res SS 185/2026,2026-09-08,2,fixo,92075.0,E_RS-SS-185_080926.pdf
353020,Mirante Do Paranapanema,2026,Res SS 185/2026,2026-09-08,2,variavel,92075.0,E_RS-SS-185_080926.pdf
353030,Mirassol,2024,Res SS 18/2024,2024-02-08,1,fixo,182304.0,E_R-SS-18_080224.pdf
353030,Mirassol,2024,Res SS 140/2024,2024-06-20,2,fixo,182304.0,E_R-SS-140_200624.pdf
353030,Mirassol,2024,Res SS 140/2024,2024-06-20,2,variavel,121536.0,E_R-SS-140_200624.pdf
353030,Mirassol,2024,Res SS 140/2024,2024-06-20,3,fixo,182304.0,E_R-SS-140_200624.pdf
353030,Mirassol,2024,Res SS 140/2024,2024-06-20,3,variavel,121536.0,E_R-SS-140_200624.pdf
353030,Mirassol,2025,Res SS 13/2025,2025-01-24,1,fixo,151920.0,E_R-SS-13_240125.pdf
353030,Mirassol,2025,Res SS 97/2025,2025-05-30,2,fixo,151920.0,E_R-SS-97_300525.pdf
353030,Mirassol,2025,Res SS 180/2025,2025-10-08,1+2,variavel,185342.4,E_RS-SS-180_081025.pdf
353030,Mirassol,2025,Res SS 230/2025,2025-12-09,2,ajuste,28105.2,E_RS-SS-230_091225.pdf
353030,Mirassol,2025,Res SS 230/2025,2025-12-09,2025,bonus,0.0,E_RS-SS-230_091225.pdf
353030,Mirassol,2025,Res SS 230/2025,2025-12-09,3,fixo,151920.0,E_RS-SS-230_091225.pdf
353030,Mirassol,2025,Res SS 230/2025,2025-12-09,3,variavel,140146.2,E_RS-SS-230_091225.pdf
353030,Mirassol,2026,Res SS 111/2026,2026-06-09,1,fixo,151920.0,E_RS-SS-111_090626.pdf
353030,Mirassol,2026,Res SS 111/2026,2026-06-09,1,variavel,58489.2,E_RS-SS-111_090626.pdf
353030,Mirassol,2026,Res SS 185/2026,2026-09-08,2,fixo,151920.0,E_RS-SS-185_080926.pdf
353030,Mirassol,2026,Res SS 185/2026,2026-09-08,2,variavel,74440.8,E_RS-SS-185_080926.pdf
353040,Mirassolândia,2024,Res SS 18/2024,2024-02-08,1,fixo,29796.0,E_R-SS-18_080224.pdf
353040,Mirassolândia,2024,Res SS 140/2024,2024-06-20,2,fixo,29796.0,E_R-SS-140_200624.pdf
353040,Mirassolândia,2024,Res SS 140/2024,2024-06-20,2,variavel,19864.0,E_R-SS-140_200624.pdf
353040,Mirassolândia,2024,Res SS 140/2024,2024-06-20,3,fixo,29796.0,E_R-SS-140_200624.pdf
353040,Mirassolândia,2024,Res SS 140/2024,2024-06-20,3,variavel,19864.0,E_R-SS-140_200624.pdf
353040,Mirassolândia,2025,Res SS 13/2025,2025-01-24,1,fixo,24830.0,E_R-SS-13_240125.pdf
353040,Mirassolândia,2025,Res SS 97/2025,2025-05-30,2,fixo,24830.0,E_R-SS-97_300525.pdf
353040,Mirassolândia,2025,Res SS 180/2025,2025-10-08,1+2,variavel,34762.0,E_RS-SS-180_081025.pdf
353040,Mirassolândia,2025,Res SS 230/2025,2025-12-09,2,ajuste,5015.66,E_RS-SS-230_091225.pdf
353040,Mirassolândia,2025,Res SS 230/2025,2025-12-09,2025,bonus,0.0,E_RS-SS-230_091225.pdf
353040,Mirassolândia,2025,Res SS 230/2025,2025-12-09,3,fixo,24830.0,E_RS-SS-230_091225.pdf
353040,Mirassolândia,2025,Res SS 230/2025,2025-12-09,3,variavel,24830.0,E_RS-SS-230_091225.pdf
353040,Mirassolândia,2026,Res SS 111/2026,2026-06-09,1,fixo,24830.0,E_RS-SS-111_090626.pdf
353040,Mirassolândia,2026,Res SS 111/2026,2026-06-09,1,variavel,16636.1,E_RS-SS-111_090626.pdf
353040,Mirassolândia,2026,Res SS 185/2026,2026-09-08,2,fixo,24830.0,E_RS-SS-185_080926.pdf
353040,Mirassolândia,2026,Res SS 185/2026,2026-09-08,2,variavel,22098.7,E_RS-SS-185_080926.pdf
353050,Mococa,2024,Res SS 18/2024,2024-02-08,1,fixo,207216.0,E_R-SS-18_080224.pdf
353050,Mococa,2024,Res SS 140/2024,2024-06-20,2,fixo,207216.0,E_R-SS-140_200624.pdf
353050,Mococa,2024,Res SS 140/2024,2024-06-20,2,variavel,109410.05,E_R-SS-140_200624.pdf
353050,Mococa,2024,Res SS 140/2024,2024-06-20,3,fixo,207216.0,E_R-SS-140_200624.pdf
353050,Mococa,2024,Res SS 140/2024,2024-06-20,3,variavel,109410.05,E_R-SS-140_200624.pdf
353050,Mococa,2025,Res SS 13/2025,2025-01-24,1,fixo,172680.0,E_R-SS-13_240125.pdf
353050,Mococa,2025,Res SS 97/2025,2025-05-30,2,fixo,172680.0,E_R-SS-97_300525.pdf
353050,Mococa,2025,Res SS 180/2025,2025-10-08,1+2,variavel,183040.8,E_RS-SS-180_081025.pdf
353050,Mococa,2025,Res SS 230/2025,2025-12-09,2,ajuste,30996.06,E_RS-SS-230_091225.pdf
353050,Mococa,2025,Res SS 230/2025,2025-12-09,2025,bonus,0.0,E_RS-SS-230_091225.pdf
353050,Mococa,2025,Res SS 230/2025,2025-12-09,3,fixo,172680.0,E_RS-SS-230_091225.pdf
353050,Mococa,2025,Res SS 230/2025,2025-12-09,3,variavel,158002.2,E_RS-SS-230_091225.pdf
353050,Mococa,2026,Res SS 111/2026,2026-06-09,1,fixo,172680.0,E_RS-SS-111_090626.pdf
353050,Mococa,2026,Res SS 111/2026,2026-06-09,1,variavel,145914.6,E_RS-SS-111_090626.pdf
353050,Mococa,2026,Res SS 185/2026,2026-09-08,2,fixo,172680.0,E_RS-SS-185_080926.pdf
353050,Mococa,2026,Res SS 185/2026,2026-09-08,2,variavel,89793.6,E_RS-SS-185_080926.pdf
353060,Mogi Das Cruzes,2024,Res SS 18/2024,2024-02-08,1,fixo,1366761.0,E_R-SS-18_080224.pdf
353060,Mogi Das Cruzes,2024,Res SS 140/2024,2024-06-20,2,fixo,1366761.0,E_R-SS-140_200624.pdf
353060,Mogi Das Cruzes,2024,Res SS 140/2024,2024-06-20,2,variavel,783609.64,E_R-SS-140_200624.pdf
353060,Mogi Das Cruzes,2024,Res SS 140/2024,2024-06-20,3,fixo,1366761.0,E_R-SS-140_200624.pdf
353060,Mogi Das Cruzes,2024,Res SS 140/2024,2024-06-20,3,variavel,783609.64,E_R-SS-140_200624.pdf
353060,Mogi Das Cruzes,2025,Res SS 13/2025,2025-01-24,1,fixo,1138967.5,E_R-SS-13_240125.pdf
353060,Mogi Das Cruzes,2025,Res SS 97/2025,2025-05-30,2,fixo,1138967.5,E_R-SS-97_300525.pdf
353060,Mogi Das Cruzes,2025,Res SS 180/2025,2025-10-08,1+2,variavel,1116188.15,E_RS-SS-180_081025.pdf
353060,Mogi Das Cruzes,2025,Res SS 230/2025,2025-12-09,2,ajuste,494311.9,E_RS-SS-230_091225.pdf
353060,Mogi Das Cruzes,2025,Res SS 230/2025,2025-12-09,2025,bonus,0.0,E_RS-SS-230_091225.pdf
353060,Mogi Das Cruzes,2025,Res SS 230/2025,2025-12-09,3,fixo,1138967.5,E_RS-SS-230_091225.pdf
353060,Mogi Das Cruzes,2025,Res SS 230/2025,2025-12-09,3,variavel,723244.36,E_RS-SS-230_091225.pdf
353060,Mogi Das Cruzes,2026,Res SS 111/2026,2026-06-09,1,fixo,1138967.5,E_RS-SS-111_090626.pdf
353060,Mogi Das Cruzes,2026,Res SS 111/2026,2026-06-09,1,variavel,632126.96,E_RS-SS-111_090626.pdf
353060,Mogi Das Cruzes,2026,Res SS 185/2026,2026-09-08,2,fixo,1138967.5,E_RS-SS-185_080926.pdf
353060,Mogi Das Cruzes,2026,Res SS 185/2026,2026-09-08,2,variavel,632126.96,E_RS-SS-185_080926.pdf
353070,Mogi Guaçu,2024,Res SS 18/2024,2024-02-08,1,fixo,462438.0,E_R-SS-18_080224.pdf
353070,Mogi Guaçu,2024,Res SS 140/2024,2024-06-20,2,fixo,462438.0,E_R-SS-140_200624.pdf
353070,Mogi Guaçu,2024,Res SS 140/2024,2024-06-20,2,variavel,245862.87,E_R-SS-140_200624.pdf
353070,Mogi Guaçu,2024,Res SS 140/2024,2024-06-20,3,fixo,462438.0,E_R-SS-140_200624.pdf
353070,Mogi Guaçu,2024,Res SS 140/2024,2024-06-20,3,variavel,245862.87,E_R-SS-140_200624.pdf
353070,Mogi Guaçu,2025,Res SS 13/2025,2025-01-24,1,fixo,385365.0,E_R-SS-13_240125.pdf
353070,Mogi Guaçu,2025,Res SS 97/2025,2025-05-30,2,fixo,385365.0,E_R-SS-97_300525.pdf
353070,Mogi Guaçu,2025,Res SS 180/2025,2025-10-08,1+2,variavel,300584.7,E_RS-SS-180_081025.pdf
353070,Mogi Guaçu,2025,Res SS 230/2025,2025-12-09,2,ajuste,188828.85,E_RS-SS-230_091225.pdf
353070,Mogi Guaçu,2025,Res SS 230/2025,2025-12-09,2025,bonus,0.0,E_RS-SS-230_091225.pdf
353070,Mogi Guaçu,2025,Res SS 230/2025,2025-12-09,3,fixo,385365.0,E_RS-SS-230_091225.pdf
353070,Mogi Guaçu,2025,Res SS 230/2025,2025-12-09,3,variavel,385365.0,E_RS-SS-230_091225.pdf
353070,Mogi Guaçu,2026,Res SS 111/2026,2026-06-09,1,fixo,385365.0,E_RS-SS-111_090626.pdf
353070,Mogi Guaçu,2026,Res SS 111/2026,2026-06-09,1,variavel,331413.9,E_RS-SS-111_090626.pdf
353070,Mogi Guaçu,2026,Res SS 185/2026,2026-09-08,2,fixo,385365.0,E_RS-SS-185_080926.pdf
353070,Mogi Guaçu,2026,Res SS 185/2026,2026-09-08,2,variavel,168597.19,E_RS-SS-185_080926.pdf
353080,Mogi Mirim,2024,Res SS 18/2024,2024-02-08,1,fixo,282294.0,E_R-SS-18_080224.pdf
353080,Mogi Mirim,2024,Res SS 140/2024,2024-06-20,2,fixo,282294.0,E_R-SS-140_200624.pdf
353080,Mogi Mirim,2024,Res SS 140/2024,2024-06-20,2,variavel,126091.32,E_R-SS-140_200624.pdf
353080,Mogi Mirim,2024,Res SS 140/2024,2024-06-20,3,fixo,282294.0,E_R-SS-140_200624.pdf
353080,Mogi Mirim,2024,Res SS 140/2024,2024-06-20,3,variavel,126091.32,E_R-SS-140_200624.pdf
353080,Mogi Mirim,2025,Res SS 13/2025,2025-01-24,1,fixo,235245.0,E_R-SS-13_240125.pdf
353080,Mogi Mirim,2025,Res SS 97/2025,2025-05-30,2,fixo,235245.0,E_R-SS-97_300525.pdf
353080,Mogi Mirim,2025,Res SS 180/2025,2025-10-08,1+2,variavel,178786.2,E_RS-SS-180_081025.pdf
353080,Mogi Mirim,2025,Res SS 230/2025,2025-12-09,2,ajuste,71749.73,E_RS-SS-230_091225.pdf
353080,Mogi Mirim,2025,Res SS 230/2025,2025-12-09,2025,bonus,0.0,E_RS-SS-230_091225.pdf
353080,Mogi Mirim,2025,Res SS 230/2025,2025-12-09,3,fixo,235245.0,E_RS-SS-230_091225.pdf
353080,Mogi Mirim,2025,Res SS 230/2025,2025-12-09,3,variavel,181138.65,E_RS-SS-230_091225.pdf
353080,Mogi Mirim,2026,Res SS 111/2026,2026-06-09,1,fixo,235245.0,E_RS-SS-111_090626.pdf
353080,Mogi Mirim,2026,Res SS 111/2026,2026-06-09,1,variavel,171728.85,E_RS-SS-111_090626.pdf
353080,Mogi Mirim,2026,Res SS 185/2026,2026-09-08,2,fixo,235245.0,E_RS-SS-185_080926.pdf
353080,Mogi Mirim,2026,Res SS 185/2026,2026-09-08,2,variavel,202310.7,E_RS-SS-185_080926.pdf
353090,Mombuca,2024,Res SS 18/2024,2024-02-08,1,fixo,21138.0,E_R-SS-18_080224.pdf
353090,Mombuca,2024,Res SS 140/2024,2024-06-20,2,fixo,21138.0,E_R-SS-140_200624.pdf
353090,Mombuca,2024,Res SS 140/2024,2024-06-20,2,variavel,13021.01,E_R-SS-140_200624.pdf
353090,Mombuca,2024,Res SS 140/2024,2024-06-20,3,fixo,21138.0,E_R-SS-140_200624.pdf
353090,Mombuca,2024,Res SS 140/2024,2024-06-20,3,variavel,13021.01,E_R-SS-140_200624.pdf
353090,Mombuca,2025,Res SS 13/2025,2025-01-24,1,fixo,17615.0,E_R-SS-13_240125.pdf
353090,Mombuca,2025,Res SS 97/2025,2025-05-30,2,fixo,17615.0,E_R-SS-97_300525.pdf
353090,Mombuca,2025,Res SS 180/2025,2025-10-08,1+2,variavel,26070.2,E_RS-SS-180_081025.pdf
353090,Mombuca,2025,Res SS 230/2025,2025-12-09,2,ajuste,0.0,E_RS-SS-230_091225.pdf
353090,Mombuca,2025,Res SS 230/2025,2025-12-09,2025,bonus,0.0,E_RS-SS-230_091225.pdf
353090,Mombuca,2025,Res SS 230/2025,2025-12-09,3,fixo,17615.0,E_RS-SS-230_091225.pdf
353090,Mombuca,2025,Res SS 230/2025,2025-12-09,3,variavel,17262.7,E_RS-SS-230_091225.pdf
353090,Mombuca,2026,Res SS 111/2026,2026-06-09,1,fixo,17615.0,E_RS-SS-111_090626.pdf
353090,Mombuca,2026,Res SS 111/2026,2026-06-09,1,variavel,17262.7,E_RS-SS-111_090626.pdf
353090,Mombuca,2026,Res SS 185/2026,2026-09-08,2,fixo,17615.0,E_RS-SS-185_080926.pdf
353090,Mombuca,2026,Res SS 185/2026,2026-09-08,2,variavel,13695.66,E_RS-SS-185_080926.pdf
353100,Monções,2024,Res SS 18/2024,2024-02-08,1,fixo,11370.0,E_R-SS-18_080224.pdf
353100,Monções,2024,Res SS 140/2024,2024-06-20,2,fixo,11370.0,E_R-SS-140_200624.pdf
353100,Monções,2024,Res SS 140/2024,2024-06-20,2,variavel,6086.74,E_R-SS-140_200624.pdf
353100,Monções,2024,Res SS 140/2024,2024-06-20,3,fixo,11370.0,E_R-SS-140_200624.pdf
353100,Monções,2024,Res SS 140/2024,2024-06-20,3,variavel,6086.74,E_R-SS-140_200624.pdf
353100,Monções,2025,Res SS 13/2025,2025-01-24,1,fixo,9475.0,E_R-SS-13_240125.pdf
353100,Monções,2025,Res SS 97/2025,2025-05-30,2,fixo,9475.0,E_R-SS-97_300525.pdf
353100,Monções,2025,Res SS 180/2025,2025-10-08,1+2,variavel,18571.0,E_RS-SS-180_081025.pdf
353100,Monções,2025,Res SS 230/2025,2025-12-09,2,ajuste,0.0,E_RS-SS-230_091225.pdf
353100,Monções,2025,Res SS 230/2025,2025-12-09,2025,bonus,0.0,E_RS-SS-230_091225.pdf
353100,Monções,2025,Res SS 230/2025,2025-12-09,3,fixo,9475.0,E_RS-SS-230_091225.pdf
353100,Monções,2025,Res SS 230/2025,2025-12-09,3,variavel,9190.75,E_RS-SS-230_091225.pdf
353100,Monções,2026,Res SS 111/2026,2026-06-09,1,fixo,9475.0,E_RS-SS-111_090626.pdf
353100,Monções,2026,Res SS 111/2026,2026-06-09,1,variavel,9427.63,E_RS-SS-111_090626.pdf
353100,Monções,2026,Res SS 185/2026,2026-09-08,2,fixo,9475.0,E_RS-SS-185_080926.pdf
353100,Monções,2026,Res SS 185/2026,2026-09-08,2,variavel,6348.25,E_RS-SS-185_080926.pdf
353110,Mongaguá,2024,Res SS 18/2024,2024-02-08,1,fixo,351402.0,E_R-SS-18_080224.pdf
353110,Mongaguá,2024,Res SS 140/2024,2024-06-20,2,fixo,351402.0,E_R-SS-140_200624.pdf
353110,Mongaguá,2024,Res SS 140/2024,2024-06-20,2,variavel,78596.91,E_R-SS-140_200624.pdf
353110,Mongaguá,2024,Res SS 140/2024,2024-06-20,3,fixo,351402.0,E_R-SS-140_200624.pdf
353110,Mongaguá,2024,Res SS 140/2024,2024-06-20,3,variavel,78596.91,E_R-SS-140_200624.pdf
353110,Mongaguá,2025,Res SS 13/2025,2025-01-24,1,fixo,292835.0,E_R-SS-13_240125.pdf
353110,Mongaguá,2025,Res SS 97/2025,2025-05-30,2,fixo,292835.0,E_R-SS-97_300525.pdf
353110,Mongaguá,2025,Res SS 180/2025,2025-10-08,1+2,variavel,175701.0,E_RS-SS-180_081025.pdf
353110,Mongaguá,2025,Res SS 230/2025,2025-12-09,2,ajuste,23426.8,E_RS-SS-230_091225.pdf
353110,Mongaguá,2025,Res SS 230/2025,2025-12-09,2025,bonus,0.0,E_RS-SS-230_091225.pdf
353110,Mongaguá,2025,Res SS 230/2025,2025-12-09,3,fixo,292835.0,E_RS-SS-230_091225.pdf
353110,Mongaguá,2025,Res SS 230/2025,2025-12-09,3,variavel,146417.5,E_RS-SS-230_091225.pdf
353110,Mongaguá,2026,Res SS 111/2026,2026-06-09,1,fixo,292835.0,E_RS-SS-111_090626.pdf
353110,Mongaguá,2026,Res SS 111/2026,2026-06-09,1,variavel,181557.7,E_RS-SS-111_090626.pdf
353110,Mongaguá,2026,Res SS 185/2026,2026-09-08,2,fixo,292835.0,E_RS-SS-185_080926.pdf
353110,Mongaguá,2026,Res SS 185/2026,2026-09-08,2,variavel,181557.7,E_RS-SS-185_080926.pdf
353120,Monte Alegre Do Sul,2024,Res SS 18/2024,2024-02-08,1,fixo,49086.0,E_R-SS-18_080224.pdf
353120,Monte Alegre Do Sul,2024,Res SS 140/2024,2024-06-20,2,fixo,49086.0,E_R-SS-140_200624.pdf
353120,Monte Alegre Do Sul,2024,Res SS 140/2024,2024-06-20,2,variavel,27357.26,E_R-SS-140_200624.pdf
353120,Monte Alegre Do Sul,2024,Res SS 140/2024,2024-06-20,3,fixo,49086.0,E_R-SS-140_200624.pdf
353120,Monte Alegre Do Sul,2024,Res SS 140/2024,2024-06-20,3,variavel,27357.26,E_R-SS-140_200624.pdf
353120,Monte Alegre Do Sul,2025,Res SS 13/2025,2025-01-24,1,fixo,40905.0,E_R-SS-13_240125.pdf
353120,Monte Alegre Do Sul,2025,Res SS 97/2025,2025-05-30,2,fixo,40905.0,E_R-SS-97_300525.pdf
353120,Monte Alegre Do Sul,2025,Res SS 180/2025,2025-10-08,1+2,variavel,63811.8,E_RS-SS-180_081025.pdf
353120,Monte Alegre Do Sul,2025,Res SS 230/2025,2025-12-09,2,ajuste,0.0,E_RS-SS-230_091225.pdf
353120,Monte Alegre Do Sul,2025,Res SS 230/2025,2025-12-09,2025,bonus,0.0,E_RS-SS-230_091225.pdf
353120,Monte Alegre Do Sul,2025,Res SS 230/2025,2025-12-09,3,fixo,40905.0,E_RS-SS-230_091225.pdf
353120,Monte Alegre Do Sul,2025,Res SS 230/2025,2025-12-09,3,variavel,29042.55,E_RS-SS-230_091225.pdf
353120,Monte Alegre Do Sul,2026,Res SS 111/2026,2026-06-09,1,fixo,40905.0,E_RS-SS-111_090626.pdf
353120,Monte Alegre Do Sul,2026,Res SS 111/2026,2026-06-09,1,variavel,29451.6,E_RS-SS-111_090626.pdf
353120,Monte Alegre Do Sul,2026,Res SS 185/2026,2026-09-08,2,fixo,40905.0,E_RS-SS-185_080926.pdf
353120,Monte Alegre Do Sul,2026,Res SS 185/2026,2026-09-08,2,variavel,30065.18,E_RS-SS-185_080926.pdf
353130,Monte Alto,2024,Res SS 18/2024,2024-02-08,1,fixo,153117.0,E_R-SS-18_080224.pdf
353130,Monte Alto,2024,Res SS 140/2024,2024-06-20,2,fixo,153117.0,E_R-SS-140_200624.pdf
353130,Monte Alto,2024,Res SS 140/2024,2024-06-20,2,variavel,85337.21,E_R-SS-140_200624.pdf
353130,Monte Alto,2024,Res SS 140/2024,2024-06-20,3,fixo,153117.0,E_R-SS-140_200624.pdf
353130,Monte Alto,2024,Res SS 140/2024,2024-06-20,3,variavel,85337.21,E_R-SS-140_200624.pdf
353130,Monte Alto,2025,Res SS 13/2025,2025-01-24,1,fixo,127597.5,E_R-SS-13_240125.pdf
353130,Monte Alto,2025,Res SS 97/2025,2025-05-30,2,fixo,127597.5,E_R-SS-97_300525.pdf
353130,Monte Alto,2025,Res SS 180/2025,2025-10-08,1+2,variavel,239883.3,E_RS-SS-180_081025.pdf
353130,Monte Alto,2025,Res SS 230/2025,2025-12-09,2,ajuste,0.0,E_RS-SS-230_091225.pdf
353130,Monte Alto,2025,Res SS 230/2025,2025-12-09,2025,bonus,0.0,E_RS-SS-230_091225.pdf
353130,Monte Alto,2025,Res SS 230/2025,2025-12-09,3,fixo,127597.5,E_RS-SS-230_091225.pdf
353130,Monte Alto,2025,Res SS 230/2025,2025-12-09,3,variavel,110371.84,E_RS-SS-230_091225.pdf
353130,Monte Alto,2026,Res SS 111/2026,2026-06-09,1,fixo,127597.5,E_RS-SS-111_090626.pdf
353130,Monte Alto,2026,Res SS 111/2026,2026-06-09,1,variavel,84852.34,E_RS-SS-111_090626.pdf
353130,Monte Alto,2026,Res SS 185/2026,2026-09-08,2,fixo,127597.5,E_RS-SS-185_080926.pdf
353130,Monte Alto,2026,Res SS 185/2026,2026-09-08,2,variavel,76558.5,E_RS-SS-185_080926.pdf
353140,Monte Aprazível,2024,Res SS 18/2024,2024-02-08,1,fixo,153906.0,E_R-SS-18_080224.pdf
353140,Monte Aprazível,2024,Res SS 140/2024,2024-06-20,2,fixo,153906.0,E_R-SS-140_200624.pdf
353140,Monte Aprazível,2024,Res SS 140/2024,2024-06-20,2,variavel,91984.49,E_R-SS-140_200624.pdf
353140,Monte Aprazível,2024,Res SS 140/2024,2024-06-20,3,fixo,153906.0,E_R-SS-140_200624.pdf
353140,Monte Aprazível,2024,Res SS 140/2024,2024-06-20,3,variavel,91984.49,E_R-SS-140_200624.pdf
353140,Monte Aprazível,2025,Res SS 13/2025,2025-01-24,1,fixo,128255.0,E_R-SS-13_240125.pdf
353140,Monte Aprazível,2025,Res SS 97/2025,2025-05-30,2,fixo,128255.0,E_R-SS-97_300525.pdf
353140,Monte Aprazível,2025,Res SS 180/2025,2025-10-08,1+2,variavel,174426.8,E_RS-SS-180_081025.pdf
353140,Monte Aprazível,2025,Res SS 230/2025,2025-12-09,2,ajuste,27767.21,E_RS-SS-230_091225.pdf
353140,Monte Aprazível,2025,Res SS 230/2025,2025-12-09,2025,bonus,0.0,E_RS-SS-230_091225.pdf
353140,Monte Aprazível,2025,Res SS 230/2025,2025-12-09,3,fixo,128255.0,E_RS-SS-230_091225.pdf
353140,Monte Aprazível,2025,Res SS 230/2025,2025-12-09,3,variavel,128255.0,E_RS-SS-230_091225.pdf
353140,Monte Aprazível,2026,Res SS 111/2026,2026-06-09,1,fixo,128255.0,E_RS-SS-111_090626.pdf
353140,Monte Aprazível,2026,Res SS 111/2026,2026-06-09,1,variavel,103886.55,E_RS-SS-111_090626.pdf
353140,Monte Aprazível,2026,Res SS 185/2026,2026-09-08,2,fixo,128255.0,E_RS-SS-185_080926.pdf
353140,Monte Aprazível,2026,Res SS 185/2026,2026-09-08,2,variavel,120559.7,E_RS-SS-185_080926.pdf
353150,Monte Azul Paulista,2024,Res SS 18/2024,2024-02-08,1,fixo,94640.0,E_R-SS-18_080224.pdf
353150,Monte Azul Paulista,2024,Res SS 140/2024,2024-06-20,2,fixo,94640.0,E_R-SS-140_200624.pdf
353150,Monte Azul Paulista,2024,Res SS 140/2024,2024-06-20,2,variavel,59686.29,E_R-SS-140_200624.pdf
353150,Monte Azul Paulista,2024,Res SS 140/2024,2024-06-20,3,fixo,94640.0,E_R-SS-140_200624.pdf
353150,Monte Azul Paulista,2024,Res SS 140/2024,2024-06-20,3,variavel,59686.29,E_R-SS-140_200624.pdf
353150,Monte Azul Paulista,2025,Res SS 13/2025,2025-01-24,1,fixo,78866.67,E_R-SS-13_240125.pdf
353150,Monte Azul Paulista,2025,Res SS 97/2025,2025-05-30,2,fixo,78866.67,E_R-SS-97_300525.pdf
353150,Monte Azul Paulista,2025,Res SS 180/2025,2025-10-08,1+2,variavel,82021.33,E_RS-SS-180_081025.pdf
353150,Monte Azul Paulista,2025,Res SS 230/2025,2025-12-09,2,ajuste,33597.2,E_RS-SS-230_091225.pdf
353150,Monte Azul Paulista,2025,Res SS 230/2025,2025-12-09,2025,bonus,0.0,E_RS-SS-230_091225.pdf
353150,Monte Azul Paulista,2025,Res SS 230/2025,2025-12-09,3,fixo,78866.67,E_RS-SS-230_091225.pdf
353150,Monte Azul Paulista,2025,Res SS 230/2025,2025-12-09,3,variavel,78866.67,E_RS-SS-230_091225.pdf
353150,Monte Azul Paulista,2026,Res SS 111/2026,2026-06-09,1,fixo,78866.67,E_RS-SS-111_090626.pdf
353150,Monte Azul Paulista,2026,Res SS 111/2026,2026-06-09,1,variavel,78866.67,E_RS-SS-111_090626.pdf
353150,Monte Azul Paulista,2026,Res SS 185/2026,2026-09-08,2,fixo,78866.67,E_RS-SS-185_080926.pdf
353150,Monte Azul Paulista,2026,Res SS 185/2026,2026-09-08,2,variavel,42588.0,E_RS-SS-185_080926.pdf
353160,Monte Castelo,2024,Res SS 18/2024,2024-02-08,1,fixo,29162.0,E_R-SS-18_080224.pdf
353160,Monte Castelo,2024,Res SS 140/2024,2024-06-20,2,fixo,29162.0,E_R-SS-140_200624.pdf
353160,Monte Castelo,2024,Res SS 140/2024,2024-06-20,2,variavel,19441.33,E_R-SS-140_200624.pdf
353160,Monte Castelo,2024,Res SS 140/2024,2024-06-20,3,fixo,29162.0,E_R-SS-140_200624.pdf
353160,Monte Castelo,2024,Res SS 140/2024,2024-06-20,3,variavel,19441.33,E_R-SS-140_200624.pdf
353160,Monte Castelo,2025,Res SS 13/2025,2025-01-24,1,fixo,24301.67,E_R-SS-13_240125.pdf
353160,Monte Castelo,2025,Res SS 97/2025,2025-05-30,2,fixo,24301.67,E_R-SS-97_300525.pdf
353160,Monte Castelo,2025,Res SS 180/2025,2025-10-08,1+2,variavel,25759.77,E_RS-SS-180_081025.pdf
353160,Monte Castelo,2025,Res SS 230/2025,2025-12-09,2,ajuste,3159.22,E_RS-SS-230_091225.pdf
353160,Monte Castelo,2025,Res SS 230/2025,2025-12-09,2025,bonus,0.0,E_RS-SS-230_091225.pdf
353160,Monte Castelo,2025,Res SS 230/2025,2025-12-09,3,fixo,24301.67,E_RS-SS-230_091225.pdf
353160,Monte Castelo,2025,Res SS 230/2025,2025-12-09,3,variavel,24301.67,E_RS-SS-230_091225.pdf
353160,Monte Castelo,2026,Res SS 111/2026,2026-06-09,1,fixo,24301.67,E_RS-SS-111_090626.pdf
353160,Monte Castelo,2026,Res SS 111/2026,2026-06-09,1,variavel,19441.33,E_RS-SS-111_090626.pdf
353160,Monte Castelo,2026,Res SS 185/2026,2026-09-08,2,fixo,24301.67,E_RS-SS-185_080926.pdf
353160,Monte Castelo,2026,Res SS 185/2026,2026-09-08,2,variavel,13122.9,E_RS-SS-185_080926.pdf
353170,Monteiro Lobato,2024,Res SS 18/2024,2024-02-08,1,fixo,37912.0,E_R-SS-18_080224.pdf
353170,Monteiro Lobato,2024,Res SS 140/2024,2024-06-20,2,fixo,37912.0,E_R-SS-140_200624.pdf
353170,Monteiro Lobato,2024,Res SS 140/2024,2024-06-20,2,variavel,6811.52,E_R-SS-140_200624.pdf
353170,Monteiro Lobato,2024,Res SS 140/2024,2024-06-20,3,fixo,37912.0,E_R-SS-140_200624.pdf
353170,Monteiro Lobato,2024,Res SS 140/2024,2024-06-20,3,variavel,6811.52,E_R-SS-140_200624.pdf
353170,Monteiro Lobato,2025,Res SS 13/2025,2025-01-24,1,fixo,31593.33,E_R-SS-13_240125.pdf
353170,Monteiro Lobato,2025,Res SS 97/2025,2025-05-30,2,fixo,31593.33,E_R-SS-97_300525.pdf
353170,Monteiro Lobato,2025,Res SS 180/2025,2025-10-08,1+2,variavel,56868.0,E_RS-SS-180_081025.pdf
353170,Monteiro Lobato,2025,Res SS 230/2025,2025-12-09,2,ajuste,0.0,E_RS-SS-230_091225.pdf
353170,Monteiro Lobato,2025,Res SS 230/2025,2025-12-09,2025,bonus,0.0,E_RS-SS-230_091225.pdf
353170,Monteiro Lobato,2025,Res SS 230/2025,2025-12-09,3,fixo,31593.33,E_RS-SS-230_091225.pdf
353170,Monteiro Lobato,2025,Res SS 230/2025,2025-12-09,3,variavel,31593.33,E_RS-SS-230_091225.pdf
353170,Monteiro Lobato,2026,Res SS 111/2026,2026-06-09,1,fixo,31593.33,E_RS-SS-111_090626.pdf
353170,Monteiro Lobato,2026,Res SS 111/2026,2026-06-09,1,variavel,18008.2,E_RS-SS-111_090626.pdf
353170,Monteiro Lobato,2026,Res SS 185/2026,2026-09-08,2,fixo,31593.33,E_RS-SS-185_080926.pdf
353170,Monteiro Lobato,2026,Res SS 185/2026,2026-09-08,2,variavel,13901.07,E_RS-SS-185_080926.pdf
353180,Monte Mor,2024,Res SS 18/2024,2024-02-08,1,fixo,308535.0,E_R-SS-18_080224.pdf
353180,Monte Mor,2024,Res SS 140/2024,2024-06-20,2,fixo,308535.0,E_R-SS-140_200624.pdf
353180,Monte Mor,2024,Res SS 140/2024,2024-06-20,2,variavel,151027.88,E_R-SS-140_200624.pdf
353180,Monte Mor,2024,Res SS 140/2024,2024-06-20,3,fixo,308535.0,E_R-SS-140_200624.pdf
353180,Monte Mor,2024,Res SS 140/2024,2024-06-20,3,variavel,151027.88,E_R-SS-140_200624.pdf
353180,Monte Mor,2025,Res SS 13/2025,2025-01-24,1,fixo,257112.5,E_R-SS-13_240125.pdf
353180,Monte Mor,2025,Res SS 97/2025,2025-05-30,2,fixo,257112.5,E_R-SS-97_300525.pdf
353180,Monte Mor,2025,Res SS 180/2025,2025-10-08,1+2,variavel,308535.0,E_RS-SS-180_081025.pdf
353180,Monte Mor,2025,Res SS 230/2025,2025-12-09,2,ajuste,55022.08,E_RS-SS-230_091225.pdf
353180,Monte Mor,2025,Res SS 230/2025,2025-12-09,2025,bonus,0.0,E_RS-SS-230_091225.pdf
353180,Monte Mor,2025,Res SS 230/2025,2025-12-09,3,fixo,257112.5,E_RS-SS-230_091225.pdf
353180,Monte Mor,2025,Res SS 230/2025,2025-12-09,3,variavel,246828.0,E_RS-SS-230_091225.pdf
353180,Monte Mor,2026,Res SS 111/2026,2026-06-09,1,fixo,257112.5,E_RS-SS-111_090626.pdf
353180,Monte Mor,2026,Res SS 111/2026,2026-06-09,1,variavel,257112.5,E_RS-SS-111_090626.pdf
353180,Monte Mor,2026,Res SS 185/2026,2026-09-08,2,fixo,257112.5,E_RS-SS-185_080926.pdf
353180,Monte Mor,2026,Res SS 185/2026,2026-09-08,2,variavel,257112.5,E_RS-SS-185_080926.pdf
353190,Morro Agudo,2024,Res SS 18/2024,2024-02-08,1,fixo,100794.0,E_R-SS-18_080224.pdf
353190,Morro Agudo,2024,Res SS 140/2024,2024-06-20,2,fixo,100794.0,E_R-SS-140_200624.pdf
353190,Morro Agudo,2024,Res SS 140/2024,2024-06-20,2,variavel,60610.79,E_R-SS-140_200624.pdf
353190,Morro Agudo,2024,Res SS 140/2024,2024-06-20,3,fixo,100794.0,E_R-SS-140_200624.pdf
353190,Morro Agudo,2024,Res SS 140/2024,2024-06-20,3,variavel,60610.79,E_R-SS-140_200624.pdf
353190,Morro Agudo,2025,Res SS 13/2025,2025-01-24,1,fixo,83995.0,E_R-SS-13_240125.pdf
353190,Morro Agudo,2025,Res SS 97/2025,2025-05-30,2,fixo,83995.0,E_R-SS-97_300525.pdf
353190,Morro Agudo,2025,Res SS 180/2025,2025-10-08,1+2,variavel,80635.2,E_RS-SS-180_081025.pdf
353190,Morro Agudo,2025,Res SS 230/2025,2025-12-09,2,ajuste,27130.39,E_RS-SS-230_091225.pdf
353190,Morro Agudo,2025,Res SS 230/2025,2025-12-09,2025,bonus,0.0,E_RS-SS-230_091225.pdf
353190,Morro Agudo,2025,Res SS 230/2025,2025-12-09,3,fixo,83995.0,E_RS-SS-230_091225.pdf
353190,Morro Agudo,2025,Res SS 230/2025,2025-12-09,3,variavel,67196.0,E_RS-SS-230_091225.pdf
353190,Morro Agudo,2026,Res SS 111/2026,2026-06-09,1,fixo,83995.0,E_RS-SS-111_090626.pdf
353190,Morro Agudo,2026,Res SS 111/2026,2026-06-09,1,variavel,78115.35,E_RS-SS-111_090626.pdf
353190,Morro Agudo,2026,Res SS 185/2026,2026-09-08,2,fixo,83995.0,E_RS-SS-185_080926.pdf
353190,Morro Agudo,2026,Res SS 185/2026,2026-09-08,2,variavel,78115.35,E_RS-SS-185_080926.pdf
353200,Morungaba,2024,Res SS 18/2024,2024-02-08,1,fixo,41808.0,E_R-SS-18_080224.pdf
353200,Morungaba,2024,Res SS 140/2024,2024-06-20,2,fixo,41808.0,E_R-SS-140_200624.pdf
353200,Morungaba,2024,Res SS 140/2024,2024-06-20,2,variavel,6745.02,E_R-SS-140_200624.pdf
353200,Morungaba,2024,Res SS 140/2024,2024-06-20,3,fixo,41808.0,E_R-SS-140_200624.pdf
353200,Morungaba,2024,Res SS 140/2024,2024-06-20,3,variavel,6745.02,E_R-SS-140_200624.pdf
353200,Morungaba,2025,Res SS 13/2025,2025-01-24,1,fixo,34840.0,E_R-SS-13_240125.pdf
353200,Morungaba,2025,Res SS 97/2025,2025-05-30,2,fixo,34840.0,E_R-SS-97_300525.pdf
353200,Morungaba,2025,Res SS 180/2025,2025-10-08,1+2,variavel,38324.0,E_RS-SS-180_081025.pdf
353200,Morungaba,2025,Res SS 230/2025,2025-12-09,2,ajuste,4982.12,E_RS-SS-230_091225.pdf
353200,Morungaba,2025,Res SS 230/2025,2025-12-09,2025,bonus,0.0,E_RS-SS-230_091225.pdf
353200,Morungaba,2025,Res SS 230/2025,2025-12-09,3,fixo,34840.0,E_RS-SS-230_091225.pdf
353200,Morungaba,2025,Res SS 230/2025,2025-12-09,3,variavel,25607.4,E_RS-SS-230_091225.pdf
353200,Morungaba,2026,Res SS 111/2026,2026-06-09,1,fixo,34840.0,E_RS-SS-111_090626.pdf
353200,Morungaba,2026,Res SS 111/2026,2026-06-09,1,variavel,21600.8,E_RS-SS-111_090626.pdf
353200,Morungaba,2026,Res SS 185/2026,2026-09-08,2,fixo,34840.0,E_RS-SS-185_080926.pdf
353200,Morungaba,2026,Res SS 185/2026,2026-09-08,2,variavel,15329.6,E_RS-SS-185_080926.pdf
353205,Motuca,2024,Res SS 18/2024,2024-02-08,1,fixo,33817.0,E_R-SS-18_080224.pdf
353205,Motuca,2024,Res SS 140/2024,2024-06-20,2,fixo,33817.0,E_R-SS-140_200624.pdf
353205,Motuca,2024,Res SS 140/2024,2024-06-20,2,variavel,14631.49,E_R-SS-140_200624.pdf
353205,Motuca,2024,Res SS 140/2024,2024-06-20,3,fixo,33817.0,E_R-SS-140_200624.pdf
353205,Motuca,2024,Res SS 140/2024,2024-06-20,3,variavel,14631.49,E_R-SS-140_200624.pdf
353205,Motuca,2025,Res SS 13/2025,2025-01-24,1,fixo,28180.83,E_R-SS-13_240125.pdf
353205,Motuca,2025,Res SS 97/2025,2025-05-30,2,fixo,28180.83,E_R-SS-97_300525.pdf
353205,Motuca,2025,Res SS 180/2025,2025-10-08,1+2,variavel,33253.38,E_RS-SS-180_081025.pdf
353205,Motuca,2025,Res SS 230/2025,2025-12-09,2,ajuste,8792.42,E_RS-SS-230_091225.pdf
353205,Motuca,2025,Res SS 230/2025,2025-12-09,2025,bonus,0.0,E_RS-SS-230_091225.pdf
353205,Motuca,2025,Res SS 230/2025,2025-12-09,3,fixo,28180.83,E_RS-SS-230_091225.pdf
353205,Motuca,2025,Res SS 230/2025,2025-12-09,3,variavel,28180.83,E_RS-SS-230_091225.pdf
353205,Motuca,2026,Res SS 111/2026,2026-06-09,1,fixo,28180.83,E_RS-SS-111_090626.pdf
353205,Motuca,2026,Res SS 111/2026,2026-06-09,1,variavel,25080.94,E_RS-SS-111_090626.pdf
353205,Motuca,2026,Res SS 185/2026,2026-09-08,2,fixo,28180.83,E_RS-SS-185_080926.pdf
353205,Motuca,2026,Res SS 185/2026,2026-09-08,2,variavel,14090.42,E_RS-SS-185_080926.pdf
353210,Murutinga Do Sul,2024,Res SS 18/2024,2024-02-08,1,fixo,36200.0,E_R-SS-18_080224.pdf
353210,Murutinga Do Sul,2024,Res SS 140/2024,2024-06-20,2,fixo,36200.0,E_R-SS-140_200624.pdf
353210,Murutinga Do Sul,2024,Res SS 140/2024,2024-06-20,2,variavel,22830.13,E_R-SS-140_200624.pdf
353210,Murutinga Do Sul,2024,Res SS 140/2024,2024-06-20,3,fixo,36200.0,E_R-SS-140_200624.pdf
353210,Murutinga Do Sul,2024,Res SS 140/2024,2024-06-20,3,variavel,22830.13,E_R-SS-140_200624.pdf
353210,Murutinga Do Sul,2025,Res SS 13/2025,2025-01-24,1,fixo,30166.67,E_R-SS-13_240125.pdf
353210,Murutinga Do Sul,2025,Res SS 97/2025,2025-05-30,2,fixo,30166.67,E_R-SS-97_300525.pdf
353210,Murutinga Do Sul,2025,Res SS 180/2025,2025-10-08,1+2,variavel,35596.67,E_RS-SS-180_081025.pdf
353210,Murutinga Do Sul,2025,Res SS 230/2025,2025-12-09,2,ajuste,784.33,E_RS-SS-230_091225.pdf
353210,Murutinga Do Sul,2025,Res SS 230/2025,2025-12-09,2025,bonus,0.0,E_RS-SS-230_091225.pdf
353210,Murutinga Do Sul,2025,Res SS 230/2025,2025-12-09,3,fixo,30166.67,E_RS-SS-230_091225.pdf
353210,Murutinga Do Sul,2025,Res SS 230/2025,2025-12-09,3,variavel,30166.67,E_RS-SS-230_091225.pdf
353210,Murutinga Do Sul,2026,Res SS 111/2026,2026-06-09,1,fixo,30166.67,E_RS-SS-111_090626.pdf
353210,Murutinga Do Sul,2026,Res SS 111/2026,2026-06-09,1,variavel,30166.67,E_RS-SS-111_090626.pdf
353210,Murutinga Do Sul,2026,Res SS 185/2026,2026-09-08,2,fixo,30166.67,E_RS-SS-185_080926.pdf
353210,Murutinga Do Sul,2026,Res SS 185/2026,2026-09-08,2,variavel,20211.67,E_RS-SS-185_080926.pdf
353215,Nantes,2024,Res SS 18/2024,2024-02-08,1,fixo,19290.0,E_R-SS-18_080224.pdf
353215,Nantes,2024,Res SS 140/2024,2024-06-20,2,fixo,19290.0,E_R-SS-140_200624.pdf
353215,Nantes,2024,Res SS 140/2024,2024-06-20,2,variavel,12731.4,E_R-SS-140_200624.pdf
353215,Nantes,2024,Res SS 140/2024,2024-06-20,3,fixo,19290.0,E_R-SS-140_200624.pdf
353215,Nantes,2024,Res SS 140/2024,2024-06-20,3,variavel,12731.4,E_R-SS-140_200624.pdf
353215,Nantes,2025,Res SS 13/2025,2025-01-24,1,fixo,16075.0,E_R-SS-13_240125.pdf
353215,Nantes,2025,Res SS 97/2025,2025-05-30,2,fixo,16075.0,E_R-SS-97_300525.pdf
353215,Nantes,2025,Res SS 180/2025,2025-10-08,1+2,variavel,21862.0,E_RS-SS-180_081025.pdf
353215,Nantes,2025,Res SS 230/2025,2025-12-09,2,ajuste,5144.0,E_RS-SS-230_091225.pdf
353215,Nantes,2025,Res SS 230/2025,2025-12-09,2025,bonus,0.0,E_RS-SS-230_091225.pdf
353215,Nantes,2025,Res SS 230/2025,2025-12-09,3,fixo,16075.0,E_RS-SS-230_091225.pdf
353215,Nantes,2025,Res SS 230/2025,2025-12-09,3,variavel,12136.63,E_RS-SS-230_091225.pdf
353215,Nantes,2026,Res SS 111/2026,2026-06-09,1,fixo,16075.0,E_RS-SS-111_090626.pdf
353215,Nantes,2026,Res SS 111/2026,2026-06-09,1,variavel,16075.0,E_RS-SS-111_090626.pdf
353215,Nantes,2026,Res SS 185/2026,2026-09-08,2,fixo,16075.0,E_RS-SS-185_080926.pdf
353215,Nantes,2026,Res SS 185/2026,2026-09-08,2,variavel,15592.75,E_RS-SS-185_080926.pdf
353220,Narandiba,2024,Res SS 18/2024,2024-02-08,1,fixo,29700.0,E_R-SS-18_080224.pdf
353220,Narandiba,2024,Res SS 140/2024,2024-06-20,2,fixo,29700.0,E_R-SS-140_200624.pdf
353220,Narandiba,2024,Res SS 140/2024,2024-06-20,2,variavel,19602.0,E_R-SS-140_200624.pdf
353220,Narandiba,2024,Res SS 140/2024,2024-06-20,3,fixo,29700.0,E_R-SS-140_200624.pdf
353220,Narandiba,2024,Res SS 140/2024,2024-06-20,3,variavel,19602.0,E_R-SS-140_200624.pdf
353220,Narandiba,2025,Res SS 13/2025,2025-01-24,1,fixo,24750.0,E_R-SS-13_240125.pdf
353220,Narandiba,2025,Res SS 97/2025,2025-05-30,2,fixo,24750.0,E_R-SS-97_300525.pdf
353220,Narandiba,2025,Res SS 180/2025,2025-10-08,1+2,variavel,22770.0,E_RS-SS-180_081025.pdf
353220,Narandiba,2025,Res SS 230/2025,2025-12-09,2,ajuste,12028.5,E_RS-SS-230_091225.pdf
353220,Narandiba,2025,Res SS 230/2025,2025-12-09,2025,bonus,0.0,E_RS-SS-230_091225.pdf
353220,Narandiba,2025,Res SS 230/2025,2025-12-09,3,fixo,24750.0,E_RS-SS-230_091225.pdf
353220,Narandiba,2025,Res SS 230/2025,2025-12-09,3,variavel,21037.5,E_RS-SS-230_091225.pdf
353220,Narandiba,2026,Res SS 111/2026,2026-06-09,1,fixo,24750.0,E_RS-SS-111_090626.pdf
353220,Narandiba,2026,Res SS 111/2026,2026-06-09,1,variavel,21223.13,E_RS-SS-111_090626.pdf
353220,Narandiba,2026,Res SS 185/2026,2026-09-08,2,fixo,24750.0,E_RS-SS-185_080926.pdf
353220,Narandiba,2026,Res SS 185/2026,2026-09-08,2,variavel,24750.0,E_RS-SS-185_080926.pdf
353230,Natividade Da Serra,2024,Res SS 18/2024,2024-02-08,1,fixo,39744.0,E_R-SS-18_080224.pdf
353230,Natividade Da Serra,2024,Res SS 140/2024,2024-06-20,2,fixo,39744.0,E_R-SS-140_200624.pdf
353230,Natividade Da Serra,2024,Res SS 140/2024,2024-06-20,2,variavel,12678.34,E_R-SS-140_200624.pdf
353230,Natividade Da Serra,2024,Res SS 140/2024,2024-06-20,3,fixo,39744.0,E_R-SS-140_200624.pdf
353230,Natividade Da Serra,2024,Res SS 140/2024,2024-06-20,3,variavel,12678.34,E_R-SS-140_200624.pdf
353230,Natividade Da Serra,2025,Res SS 13/2025,2025-01-24,1,fixo,33120.0,E_R-SS-13_240125.pdf
353230,Natividade Da Serra,2025,Res SS 97/2025,2025-05-30,2,fixo,33120.0,E_R-SS-97_300525.pdf
353230,Natividade Da Serra,2025,Res SS 180/2025,2025-10-08,1+2,variavel,36432.0,E_RS-SS-180_081025.pdf
353230,Natividade Da Serra,2025,Res SS 230/2025,2025-12-09,2,ajuste,14572.8,E_RS-SS-230_091225.pdf
353230,Natividade Da Serra,2025,Res SS 230/2025,2025-12-09,2025,bonus,0.0,E_RS-SS-230_091225.pdf
353230,Natividade Da Serra,2025,Res SS 230/2025,2025-12-09,3,fixo,33120.0,E_RS-SS-230_091225.pdf
353230,Natividade Da Serra,2025,Res SS 230/2025,2025-12-09,3,variavel,33120.0,E_RS-SS-230_091225.pdf
353230,Natividade Da Serra,2026,Res SS 111/2026,2026-06-09,1,fixo,33120.0,E_RS-SS-111_090626.pdf
353230,Natividade Da Serra,2026,Res SS 111/2026,2026-06-09,1,variavel,26496.0,E_RS-SS-111_090626.pdf
353230,Natividade Da Serra,2026,Res SS 185/2026,2026-09-08,2,fixo,33120.0,E_RS-SS-185_080926.pdf
353230,Natividade Da Serra,2026,Res SS 185/2026,2026-09-08,2,variavel,22190.4,E_RS-SS-185_080926.pdf
353240,Nazaré Paulista,2024,Res SS 18/2024,2024-02-08,1,fixo,113196.0,E_R-SS-18_080224.pdf
353240,Nazaré Paulista,2024,Res SS 140/2024,2024-06-20,2,fixo,113196.0,E_R-SS-140_200624.pdf
353240,Nazaré Paulista,2024,Res SS 140/2024,2024-06-20,2,variavel,63710.48,E_R-SS-140_200624.pdf
353240,Nazaré Paulista,2024,Res SS 140/2024,2024-06-20,3,fixo,113196.0,E_R-SS-140_200624.pdf
353240,Nazaré Paulista,2024,Res SS 140/2024,2024-06-20,3,variavel,63710.48,E_R-SS-140_200624.pdf
353240,Nazaré Paulista,2025,Res SS 13/2025,2025-01-24,1,fixo,94330.0,E_R-SS-13_240125.pdf
353240,Nazaré Paulista,2025,Res SS 97/2025,2025-05-30,2,fixo,94330.0,E_R-SS-97_300525.pdf
353240,Nazaré Paulista,2025,Res SS 180/2025,2025-10-08,1+2,variavel,115082.6,E_RS-SS-180_081025.pdf
353240,Nazaré Paulista,2025,Res SS 230/2025,2025-12-09,2,ajuste,27544.36,E_RS-SS-230_091225.pdf
353240,Nazaré Paulista,2025,Res SS 230/2025,2025-12-09,2025,bonus,0.0,E_RS-SS-230_091225.pdf
353240,Nazaré Paulista,2025,Res SS 230/2025,2025-12-09,3,fixo,94330.0,E_RS-SS-230_091225.pdf
353240,Nazaré Paulista,2025,Res SS 230/2025,2025-12-09,3,variavel,71690.8,E_RS-SS-230_091225.pdf
353240,Nazaré Paulista,2026,Res SS 111/2026,2026-06-09,1,fixo,94330.0,E_RS-SS-111_090626.pdf
353240,Nazaré Paulista,2026,Res SS 111/2026,2026-06-09,1,variavel,94330.0,E_RS-SS-111_090626.pdf
353240,Nazaré Paulista,2026,Res SS 185/2026,2026-09-08,2,fixo,94330.0,E_RS-SS-185_080926.pdf
353240,Nazaré Paulista,2026,Res SS 185/2026,2026-09-08,2,variavel,93858.35,E_RS-SS-185_080926.pdf
353250,Neves Paulista,2024,Res SS 18/2024,2024-02-08,1,fixo,53502.0,E_R-SS-18_080224.pdf
353250,Neves Paulista,2024,Res SS 140/2024,2024-06-20,2,fixo,53502.0,E_R-SS-140_200624.pdf
353250,Neves Paulista,2024,Res SS 140/2024,2024-06-20,2,variavel,22265.75,E_R-SS-140_200624.pdf
353250,Neves Paulista,2024,Res SS 140/2024,2024-06-20,3,fixo,53502.0,E_R-SS-140_200624.pdf
353250,Neves Paulista,2024,Res SS 140/2024,2024-06-20,3,variavel,22265.75,E_R-SS-140_200624.pdf
353250,Neves Paulista,2025,Res SS 13/2025,2025-01-24,1,fixo,44585.0,E_R-SS-13_240125.pdf
353250,Neves Paulista,2025,Res SS 97/2025,2025-05-30,2,fixo,44585.0,E_R-SS-97_300525.pdf
353250,Neves Paulista,2025,Res SS 180/2025,2025-10-08,1+2,variavel,70444.3,E_RS-SS-180_081025.pdf
353250,Neves Paulista,2025,Res SS 230/2025,2025-12-09,2,ajuste,8917.0,E_RS-SS-230_091225.pdf
353250,Neves Paulista,2025,Res SS 230/2025,2025-12-09,2025,bonus,0.0,E_RS-SS-230_091225.pdf
353250,Neves Paulista,2025,Res SS 230/2025,2025-12-09,3,fixo,44585.0,E_RS-SS-230_091225.pdf
353250,Neves Paulista,2025,Res SS 230/2025,2025-12-09,3,variavel,44585.0,E_RS-SS-230_091225.pdf
353250,Neves Paulista,2026,Res SS 111/2026,2026-06-09,1,fixo,44585.0,E_RS-SS-111_090626.pdf
353250,Neves Paulista,2026,Res SS 111/2026,2026-06-09,1,variavel,44585.0,E_RS-SS-111_090626.pdf
353250,Neves Paulista,2026,Res SS 185/2026,2026-09-08,2,fixo,44585.0,E_RS-SS-185_080926.pdf
353250,Neves Paulista,2026,Res SS 185/2026,2026-09-08,2,variavel,28088.55,E_RS-SS-185_080926.pdf
353260,Nhandeara,2024,Res SS 18/2024,2024-02-08,1,fixo,57875.0,E_R-SS-18_080224.pdf
353260,Nhandeara,2024,Res SS 140/2024,2024-06-20,2,fixo,57875.0,E_R-SS-140_200624.pdf
353260,Nhandeara,2024,Res SS 140/2024,2024-06-20,2,variavel,36499.83,E_R-SS-140_200624.pdf
353260,Nhandeara,2024,Res SS 140/2024,2024-06-20,3,fixo,57875.0,E_R-SS-140_200624.pdf
353260,Nhandeara,2024,Res SS 140/2024,2024-06-20,3,variavel,36499.83,E_R-SS-140_200624.pdf
353260,Nhandeara,2025,Res SS 13/2025,2025-01-24,1,fixo,48229.17,E_R-SS-13_240125.pdf
353260,Nhandeara,2025,Res SS 97/2025,2025-05-30,2,fixo,48229.17,E_R-SS-97_300525.pdf
353260,Nhandeara,2025,Res SS 180/2025,2025-10-08,1+2,variavel,60768.75,E_RS-SS-180_081025.pdf
353260,Nhandeara,2025,Res SS 230/2025,2025-12-09,2,ajuste,15240.42,E_RS-SS-230_091225.pdf
353260,Nhandeara,2025,Res SS 230/2025,2025-12-09,2025,bonus,0.0,E_RS-SS-230_091225.pdf
353260,Nhandeara,2025,Res SS 230/2025,2025-12-09,3,fixo,48229.17,E_RS-SS-230_091225.pdf
353260,Nhandeara,2025,Res SS 230/2025,2025-12-09,3,variavel,34725.0,E_RS-SS-230_091225.pdf
353260,Nhandeara,2026,Res SS 111/2026,2026-06-09,1,fixo,48229.17,E_RS-SS-111_090626.pdf
353260,Nhandeara,2026,Res SS 111/2026,2026-06-09,1,variavel,31590.1,E_RS-SS-111_090626.pdf
353260,Nhandeara,2026,Res SS 185/2026,2026-09-08,2,fixo,48229.17,E_RS-SS-185_080926.pdf
353260,Nhandeara,2026,Res SS 185/2026,2026-09-08,2,variavel,31590.1,E_RS-SS-185_080926.pdf
353270,Nipoã,2024,Res SS 18/2024,2024-02-08,1,fixo,32286.0,E_R-SS-18_080224.pdf
353270,Nipoã,2024,Res SS 140/2024,2024-06-20,2,fixo,32286.0,E_R-SS-140_200624.pdf
353270,Nipoã,2024,Res SS 140/2024,2024-06-20,2,variavel,20361.7,E_R-SS-140_200624.pdf
353270,Nipoã,2024,Res SS 140/2024,2024-06-20,3,fixo,32286.0,E_R-SS-140_200624.pdf
353270,Nipoã,2024,Res SS 140/2024,2024-06-20,3,variavel,20361.7,E_R-SS-140_200624.pdf
353270,Nipoã,2025,Res SS 13/2025,2025-01-24,1,fixo,26905.0,E_R-SS-13_240125.pdf
353270,Nipoã,2025,Res SS 97/2025,2025-05-30,2,fixo,26905.0,E_R-SS-97_300525.pdf
353270,Nipoã,2025,Res SS 180/2025,2025-10-08,1+2,variavel,48429.0,E_RS-SS-180_081025.pdf
353270,Nipoã,2025,Res SS 230/2025,2025-12-09,2,ajuste,53.81,E_RS-SS-230_091225.pdf
353270,Nipoã,2025,Res SS 230/2025,2025-12-09,2025,bonus,80715.0,E_RS-SS-230_091225.pdf
353270,Nipoã,2025,Res SS 230/2025,2025-12-09,3,fixo,26905.0,E_RS-SS-230_091225.pdf
353270,Nipoã,2025,Res SS 230/2025,2025-12-09,3,variavel,26905.0,E_RS-SS-230_091225.pdf
353270,Nipoã,2026,Res SS 111/2026,2026-06-09,1,fixo,26905.0,E_RS-SS-111_090626.pdf
353270,Nipoã,2026,Res SS 111/2026,2026-06-09,1,variavel,16950.15,E_RS-SS-111_090626.pdf
353270,Nipoã,2026,Res SS 185/2026,2026-09-08,2,fixo,26905.0,E_RS-SS-185_080926.pdf
353270,Nipoã,2026,Res SS 185/2026,2026-09-08,2,variavel,13452.5,E_RS-SS-185_080926.pdf
353280,Nova Aliança,2024,Res SS 18/2024,2024-02-08,1,fixo,42966.0,E_R-SS-18_080224.pdf
353280,Nova Aliança,2024,Res SS 140/2024,2024-06-20,2,fixo,42966.0,E_R-SS-140_200624.pdf
353280,Nova Aliança,2024,Res SS 140/2024,2024-06-20,2,variavel,28357.56,E_R-SS-140_200624.pdf
353280,Nova Aliança,2024,Res SS 140/2024,2024-06-20,3,fixo,42966.0,E_R-SS-140_200624.pdf
353280,Nova Aliança,2024,Res SS 140/2024,2024-06-20,3,variavel,28357.56,E_R-SS-140_200624.pdf
353280,Nova Aliança,2025,Res SS 13/2025,2025-01-24,1,fixo,35805.0,E_R-SS-13_240125.pdf
353280,Nova Aliança,2025,Res SS 97/2025,2025-05-30,2,fixo,35805.0,E_R-SS-97_300525.pdf
353280,Nova Aliança,2025,Res SS 180/2025,2025-10-08,1+2,variavel,37237.2,E_RS-SS-180_081025.pdf
353280,Nova Aliança,2025,Res SS 230/2025,2025-12-09,2,ajuste,9148.18,E_RS-SS-230_091225.pdf
353280,Nova Aliança,2025,Res SS 230/2025,2025-12-09,2025,bonus,0.0,E_RS-SS-230_091225.pdf
353280,Nova Aliança,2025,Res SS 230/2025,2025-12-09,3,fixo,35805.0,E_RS-SS-230_091225.pdf
353280,Nova Aliança,2025,Res SS 230/2025,2025-12-09,3,variavel,35805.0,E_RS-SS-230_091225.pdf
353280,Nova Aliança,2026,Res SS 111/2026,2026-06-09,1,fixo,35805.0,E_RS-SS-111_090626.pdf
353280,Nova Aliança,2026,Res SS 111/2026,2026-06-09,1,variavel,31866.45,E_RS-SS-111_090626.pdf
353280,Nova Aliança,2026,Res SS 185/2026,2026-09-08,2,fixo,35805.0,E_RS-SS-185_080926.pdf
353280,Nova Aliança,2026,Res SS 185/2026,2026-09-08,2,variavel,22557.15,E_RS-SS-185_080926.pdf
353282,Nova Campina,2024,Res SS 18/2024,2024-02-08,1,fixo,79696.0,E_R-SS-18_080224.pdf
353282,Nova Campina,2024,Res SS 140/2024,2024-06-20,2,fixo,79696.0,E_R-SS-140_200624.pdf
353282,Nova Campina,2024,Res SS 140/2024,2024-06-20,2,variavel,43248.36,E_R-SS-140_200624.pdf
353282,Nova Campina,2024,Res SS 140/2024,2024-06-20,3,fixo,79696.0,E_R-SS-140_200624.pdf
353282,Nova Campina,2024,Res SS 140/2024,2024-06-20,3,variavel,43248.36,E_R-SS-140_200624.pdf
353282,Nova Campina,2025,Res SS 13/2025,2025-01-24,1,fixo,66413.33,E_R-SS-13_240125.pdf
353282,Nova Campina,2025,Res SS 97/2025,2025-05-30,2,fixo,66413.33,E_R-SS-97_300525.pdf
353282,Nova Campina,2025,Res SS 180/2025,2025-10-08,1+2,variavel,61100.27,E_RS-SS-180_081025.pdf
353282,Nova Campina,2025,Res SS 230/2025,2025-12-09,2,ajuste,30815.79,E_RS-SS-230_091225.pdf
353282,Nova Campina,2025,Res SS 230/2025,2025-12-09,2025,bonus,0.0,E_RS-SS-230_091225.pdf
353282,Nova Campina,2025,Res SS 230/2025,2025-12-09,3,fixo,66413.33,E_RS-SS-230_091225.pdf
353282,Nova Campina,2025,Res SS 230/2025,2025-12-09,3,variavel,59107.87,E_RS-SS-230_091225.pdf
353282,Nova Campina,2026,Res SS 111/2026,2026-06-09,1,fixo,66413.33,E_RS-SS-111_090626.pdf
353282,Nova Campina,2026,Res SS 111/2026,2026-06-09,1,variavel,66413.33,E_RS-SS-111_090626.pdf
353282,Nova Campina,2026,Res SS 185/2026,2026-09-08,2,fixo,66413.33,E_RS-SS-185_080926.pdf
353282,Nova Campina,2026,Res SS 185/2026,2026-09-08,2,variavel,66413.33,E_RS-SS-185_080926.pdf
353284,Nova Canaã Paulista,2024,Res SS 18/2024,2024-02-08,1,fixo,12768.0,E_R-SS-18_080224.pdf
353284,Nova Canaã Paulista,2024,Res SS 140/2024,2024-06-20,2,fixo,12768.0,E_R-SS-140_200624.pdf
353284,Nova Canaã Paulista,2024,Res SS 140/2024,2024-06-20,2,variavel,8122.58,E_R-SS-140_200624.pdf
353284,Nova Canaã Paulista,2024,Res SS 140/2024,2024-06-20,3,fixo,12768.0,E_R-SS-140_200624.pdf
353284,Nova Canaã Paulista,2024,Res SS 140/2024,2024-06-20,3,variavel,8122.58,E_R-SS-140_200624.pdf
353284,Nova Canaã Paulista,2025,Res SS 13/2025,2025-01-24,1,fixo,10640.0,E_R-SS-13_240125.pdf
353284,Nova Canaã Paulista,2025,Res SS 97/2025,2025-05-30,2,fixo,10640.0,E_R-SS-97_300525.pdf
353284,Nova Canaã Paulista,2025,Res SS 180/2025,2025-10-08,1+2,variavel,18088.0,E_RS-SS-180_081025.pdf
353284,Nova Canaã Paulista,2025,Res SS 230/2025,2025-12-09,2,ajuste,0.0,E_RS-SS-230_091225.pdf
353284,Nova Canaã Paulista,2025,Res SS 230/2025,2025-12-09,2025,bonus,0.0,E_RS-SS-230_091225.pdf
353284,Nova Canaã Paulista,2025,Res SS 230/2025,2025-12-09,3,fixo,10640.0,E_RS-SS-230_091225.pdf
353284,Nova Canaã Paulista,2025,Res SS 230/2025,2025-12-09,3,variavel,10640.0,E_RS-SS-230_091225.pdf
353284,Nova Canaã Paulista,2026,Res SS 111/2026,2026-06-09,1,fixo,10640.0,E_RS-SS-111_090626.pdf
353284,Nova Canaã Paulista,2026,Res SS 111/2026,2026-06-09,1,variavel,10640.0,E_RS-SS-111_090626.pdf
353284,Nova Canaã Paulista,2026,Res SS 185/2026,2026-09-08,2,fixo,10640.0,E_RS-SS-185_080926.pdf
353284,Nova Canaã Paulista,2026,Res SS 185/2026,2026-09-08,2,variavel,10640.0,E_RS-SS-185_080926.pdf
353286,Nova Castilho,2024,Res SS 18/2024,2024-02-08,1,fixo,7740.0,E_R-SS-18_080224.pdf
353286,Nova Castilho,2024,Res SS 140/2024,2024-06-20,2,fixo,7740.0,E_R-SS-140_200624.pdf
353286,Nova Castilho,2024,Res SS 140/2024,2024-06-20,2,variavel,5160.0,E_R-SS-140_200624.pdf
353286,Nova Castilho,2024,Res SS 140/2024,2024-06-20,3,fixo,7740.0,E_R-SS-140_200624.pdf
353286,Nova Castilho,2024,Res SS 140/2024,2024-06-20,3,variavel,5160.0,E_R-SS-140_200624.pdf
353286,Nova Castilho,2025,Res SS 13/2025,2025-01-24,1,fixo,6450.0,E_R-SS-13_240125.pdf
353286,Nova Castilho,2025,Res SS 97/2025,2025-05-30,2,fixo,6450.0,E_R-SS-97_300525.pdf
353286,Nova Castilho,2025,Res SS 180/2025,2025-10-08,1+2,variavel,9804.0,E_RS-SS-180_081025.pdf
353286,Nova Castilho,2025,Res SS 230/2025,2025-12-09,2,ajuste,1483.5,E_RS-SS-230_091225.pdf
353286,Nova Castilho,2025,Res SS 230/2025,2025-12-09,2025,bonus,0.0,E_RS-SS-230_091225.pdf
353286,Nova Castilho,2025,Res SS 230/2025,2025-12-09,3,fixo,6450.0,E_RS-SS-230_091225.pdf
353286,Nova Castilho,2025,Res SS 230/2025,2025-12-09,3,variavel,4579.5,E_RS-SS-230_091225.pdf
353286,Nova Castilho,2026,Res SS 111/2026,2026-06-09,1,fixo,6450.0,E_RS-SS-111_090626.pdf
353286,Nova Castilho,2026,Res SS 111/2026,2026-06-09,1,variavel,4644.0,E_RS-SS-111_090626.pdf
353286,Nova Castilho,2026,Res SS 185/2026,2026-09-08,2,fixo,6450.0,E_RS-SS-185_080926.pdf
353286,Nova Castilho,2026,Res SS 185/2026,2026-09-08,2,variavel,6321.0,E_RS-SS-185_080926.pdf
353290,Nova Europa,2024,Res SS 18/2024,2024-02-08,1,fixo,34557.0,E_R-SS-18_080224.pdf
353290,Nova Europa,2024,Res SS 140/2024,2024-06-20,2,fixo,34557.0,E_R-SS-140_200624.pdf
353290,Nova Europa,2024,Res SS 140/2024,2024-06-20,2,variavel,21793.95,E_R-SS-140_200624.pdf
353290,Nova Europa,2024,Res SS 140/2024,2024-06-20,3,fixo,34557.0,E_R-SS-140_200624.pdf
353290,Nova Europa,2024,Res SS 140/2024,2024-06-20,3,variavel,21793.95,E_R-SS-140_200624.pdf
353290,Nova Europa,2025,Res SS 13/2025,2025-01-24,1,fixo,28797.5,E_R-SS-13_240125.pdf
353290,Nova Europa,2025,Res SS 97/2025,2025-05-30,2,fixo,28797.5,E_R-SS-97_300525.pdf
353290,Nova Europa,2025,Res SS 180/2025,2025-10-08,1+2,variavel,21886.1,E_RS-SS-180_081025.pdf
353290,Nova Europa,2025,Res SS 230/2025,2025-12-09,2,ajuste,15665.84,E_RS-SS-230_091225.pdf
353290,Nova Europa,2025,Res SS 230/2025,2025-12-09,2025,bonus,0.0,E_RS-SS-230_091225.pdf
353290,Nova Europa,2025,Res SS 230/2025,2025-12-09,3,fixo,28797.5,E_RS-SS-230_091225.pdf
353290,Nova Europa,2025,Res SS 230/2025,2025-12-09,3,variavel,28797.5,E_RS-SS-230_091225.pdf
353290,Nova Europa,2026,Res SS 111/2026,2026-06-09,1,fixo,28797.5,E_RS-SS-111_090626.pdf
353290,Nova Europa,2026,Res SS 111/2026,2026-06-09,1,variavel,28797.5,E_RS-SS-111_090626.pdf
353290,Nova Europa,2026,Res SS 185/2026,2026-09-08,2,fixo,28797.5,E_RS-SS-185_080926.pdf
353290,Nova Europa,2026,Res SS 185/2026,2026-09-08,2,variavel,28797.5,E_RS-SS-185_080926.pdf
353300,Nova Granada,2024,Res SS 18/2024,2024-02-08,1,fixo,131226.0,E_R-SS-18_080224.pdf
353300,Nova Granada,2024,Res SS 140/2024,2024-06-20,2,fixo,131226.0,E_R-SS-140_200624.pdf
353300,Nova Granada,2024,Res SS 140/2024,2024-06-20,2,variavel,86609.16,E_R-SS-140_200624.pdf
353300,Nova Granada,2024,Res SS 140/2024,2024-06-20,3,fixo,131226.0,E_R-SS-140_200624.pdf
353300,Nova Granada,2024,Res SS 140/2024,2024-06-20,3,variavel,86609.16,E_R-SS-140_200624.pdf
353300,Nova Granada,2025,Res SS 13/2025,2025-01-24,1,fixo,109355.0,E_R-SS-13_240125.pdf
353300,Nova Granada,2025,Res SS 97/2025,2025-05-30,2,fixo,109355.0,E_R-SS-97_300525.pdf
353300,Nova Granada,2025,Res SS 180/2025,2025-10-08,1+2,variavel,126851.8,E_RS-SS-180_081025.pdf
353300,Nova Granada,2025,Res SS 230/2025,2025-12-09,2,ajuste,0.0,E_RS-SS-230_091225.pdf
353300,Nova Granada,2025,Res SS 230/2025,2025-12-09,2025,bonus,0.0,E_RS-SS-230_091225.pdf
353300,Nova Granada,2025,Res SS 230/2025,2025-12-09,3,fixo,109355.0,E_RS-SS-230_091225.pdf
353300,Nova Granada,2025,Res SS 230/2025,2025-12-09,3,variavel,107167.9,E_RS-SS-230_091225.pdf
353300,Nova Granada,2026,Res SS 111/2026,2026-06-09,1,fixo,109355.0,E_RS-SS-111_090626.pdf
353300,Nova Granada,2026,Res SS 111/2026,2026-06-09,1,variavel,68620.26,E_RS-SS-111_090626.pdf
353300,Nova Granada,2026,Res SS 185/2026,2026-09-08,2,fixo,109355.0,E_RS-SS-185_080926.pdf
353300,Nova Granada,2026,Res SS 185/2026,2026-09-08,2,variavel,68620.26,E_RS-SS-185_080926.pdf
353310,Nova Guataporanga,2024,Res SS 18/2024,2024-02-08,1,fixo,18664.0,E_R-SS-18_080224.pdf
353310,Nova Guataporanga,2024,Res SS 140/2024,2024-06-20,2,fixo,18664.0,E_R-SS-140_200624.pdf
353310,Nova Guataporanga,2024,Res SS 140/2024,2024-06-20,2,variavel,11873.41,E_R-SS-140_200624.pdf
353310,Nova Guataporanga,2024,Res SS 140/2024,2024-06-20,3,fixo,18664.0,E_R-SS-140_200624.pdf
353310,Nova Guataporanga,2024,Res SS 140/2024,2024-06-20,3,variavel,11873.41,E_R-SS-140_200624.pdf
353310,Nova Guataporanga,2025,Res SS 13/2025,2025-01-24,1,fixo,15553.33,E_R-SS-13_240125.pdf
353310,Nova Guataporanga,2025,Res SS 97/2025,2025-05-30,2,fixo,15553.33,E_R-SS-97_300525.pdf
353310,Nova Guataporanga,2025,Res SS 180/2025,2025-10-08,1+2,variavel,18975.07,E_RS-SS-180_081025.pdf
353310,Nova Guataporanga,2025,Res SS 230/2025,2025-12-09,2,ajuste,6065.8,E_RS-SS-230_091225.pdf
353310,Nova Guataporanga,2025,Res SS 230/2025,2025-12-09,2025,bonus,0.0,E_RS-SS-230_091225.pdf
353310,Nova Guataporanga,2025,Res SS 230/2025,2025-12-09,3,fixo,15553.33,E_RS-SS-230_091225.pdf
353310,Nova Guataporanga,2025,Res SS 230/2025,2025-12-09,3,variavel,15553.33,E_RS-SS-230_091225.pdf
353310,Nova Guataporanga,2026,Res SS 111/2026,2026-06-09,1,fixo,15553.33,E_RS-SS-111_090626.pdf
353310,Nova Guataporanga,2026,Res SS 111/2026,2026-06-09,1,variavel,15553.33,E_RS-SS-111_090626.pdf
353310,Nova Guataporanga,2026,Res SS 185/2026,2026-09-08,2,fixo,15553.33,E_RS-SS-185_080926.pdf
353310,Nova Guataporanga,2026,Res SS 185/2026,2026-09-08,2,variavel,15553.33,E_RS-SS-185_080926.pdf
353320,Nova Independência,2024,Res SS 18/2024,2024-02-08,1,fixo,24810.0,E_R-SS-18_080224.pdf
353320,Nova Independência,2024,Res SS 140/2024,2024-06-20,2,fixo,24810.0,E_R-SS-140_200624.pdf
353320,Nova Independência,2024,Res SS 140/2024,2024-06-20,2,variavel,13281.62,E_R-SS-140_200624.pdf
353320,Nova Independência,2024,Res SS 140/2024,2024-06-20,3,fixo,24810.0,E_R-SS-140_200624.pdf
353320,Nova Independência,2024,Res SS 140/2024,2024-06-20,3,variavel,13281.62,E_R-SS-140_200624.pdf
353320,Nova Independência,2025,Res SS 13/2025,2025-01-24,1,fixo,20675.0,E_R-SS-13_240125.pdf
353320,Nova Independência,2025,Res SS 97/2025,2025-05-30,2,fixo,20675.0,E_R-SS-97_300525.pdf
353320,Nova Independência,2025,Res SS 180/2025,2025-10-08,1+2,variavel,27704.5,E_RS-SS-180_081025.pdf
353320,Nova Independência,2025,Res SS 230/2025,2025-12-09,2,ajuste,4569.18,E_RS-SS-230_091225.pdf
353320,Nova Independência,2025,Res SS 230/2025,2025-12-09,2025,bonus,0.0,E_RS-SS-230_091225.pdf
353320,Nova Independência,2025,Res SS 230/2025,2025-12-09,3,fixo,20675.0,E_RS-SS-230_091225.pdf
353320,Nova Independência,2025,Res SS 230/2025,2025-12-09,3,variavel,17367.0,E_RS-SS-230_091225.pdf
353320,Nova Independência,2026,Res SS 111/2026,2026-06-09,1,fixo,20675.0,E_RS-SS-111_090626.pdf
353320,Nova Independência,2026,Res SS 111/2026,2026-06-09,1,variavel,20675.0,E_RS-SS-111_090626.pdf
353320,Nova Independência,2026,Res SS 185/2026,2026-09-08,2,fixo,20675.0,E_RS-SS-185_080926.pdf
353320,Nova Independência,2026,Res SS 185/2026,2026-09-08,2,variavel,20675.0,E_RS-SS-185_080926.pdf
353325,Novais,2024,Res SS 18/2024,2024-02-08,1,fixo,48456.0,E_R-SS-18_080224.pdf
353325,Novais,2024,Res SS 140/2024,2024-06-20,2,fixo,48456.0,E_R-SS-140_200624.pdf
353325,Novais,2024,Res SS 140/2024,2024-06-20,2,variavel,26917.31,E_R-SS-140_200624.pdf
353325,Novais,2024,Res SS 140/2024,2024-06-20,3,fixo,48456.0,E_R-SS-140_200624.pdf
353325,Novais,2024,Res SS 140/2024,2024-06-20,3,variavel,26917.31,E_R-SS-140_200624.pdf
353325,Novais,2025,Res SS 13/2025,2025-01-24,1,fixo,40380.0,E_R-SS-13_240125.pdf
353325,Novais,2025,Res SS 97/2025,2025-05-30,2,fixo,40380.0,E_R-SS-97_300525.pdf
353325,Novais,2025,Res SS 180/2025,2025-10-08,1+2,variavel,80760.0,E_RS-SS-180_081025.pdf
353325,Novais,2025,Res SS 230/2025,2025-12-09,2,ajuste,0.0,E_RS-SS-230_091225.pdf
353325,Novais,2025,Res SS 230/2025,2025-12-09,2025,bonus,121140.0,E_RS-SS-230_091225.pdf
353325,Novais,2025,Res SS 230/2025,2025-12-09,3,fixo,40380.0,E_RS-SS-230_091225.pdf
353325,Novais,2025,Res SS 230/2025,2025-12-09,3,variavel,40380.0,E_RS-SS-230_091225.pdf
353325,Novais,2026,Res SS 111/2026,2026-06-09,1,fixo,40380.0,E_RS-SS-111_090626.pdf
353325,Novais,2026,Res SS 111/2026,2026-06-09,1,variavel,40380.0,E_RS-SS-111_090626.pdf
353325,Novais,2026,Res SS 185/2026,2026-09-08,2,fixo,40380.0,E_RS-SS-185_080926.pdf
353325,Novais,2026,Res SS 185/2026,2026-09-08,2,variavel,38361.0,E_RS-SS-185_080926.pdf
353330,Nova Luzitânia,2024,Res SS 18/2024,2024-02-08,1,fixo,25302.0,E_R-SS-18_080224.pdf
353330,Nova Luzitânia,2024,Res SS 140/2024,2024-06-20,2,fixo,25302.0,E_R-SS-140_200624.pdf
353330,Nova Luzitânia,2024,Res SS 140/2024,2024-06-20,2,variavel,16868.0,E_R-SS-140_200624.pdf
353330,Nova Luzitânia,2024,Res SS 140/2024,2024-06-20,3,fixo,25302.0,E_R-SS-140_200624.pdf
353330,Nova Luzitânia,2024,Res SS 140/2024,2024-06-20,3,variavel,16868.0,E_R-SS-140_200624.pdf
353330,Nova Luzitânia,2025,Res SS 13/2025,2025-01-24,1,fixo,21085.0,E_R-SS-13_240125.pdf
353330,Nova Luzitânia,2025,Res SS 97/2025,2025-05-30,2,fixo,21085.0,E_R-SS-97_300525.pdf
353330,Nova Luzitânia,2025,Res SS 180/2025,2025-10-08,1+2,variavel,31205.8,E_RS-SS-180_081025.pdf
353330,Nova Luzitânia,2025,Res SS 230/2025,2025-12-09,2,ajuste,5271.25,E_RS-SS-230_091225.pdf
353330,Nova Luzitânia,2025,Res SS 230/2025,2025-12-09,2025,bonus,0.0,E_RS-SS-230_091225.pdf
353330,Nova Luzitânia,2025,Res SS 230/2025,2025-12-09,3,fixo,21085.0,E_RS-SS-230_091225.pdf
353330,Nova Luzitânia,2025,Res SS 230/2025,2025-12-09,3,variavel,21085.0,E_RS-SS-230_091225.pdf
353330,Nova Luzitânia,2026,Res SS 111/2026,2026-06-09,1,fixo,21085.0,E_RS-SS-111_090626.pdf
353330,Nova Luzitânia,2026,Res SS 111/2026,2026-06-09,1,variavel,17922.25,E_RS-SS-111_090626.pdf
353330,Nova Luzitânia,2026,Res SS 185/2026,2026-09-08,2,fixo,21085.0,E_RS-SS-185_080926.pdf
353330,Nova Luzitânia,2026,Res SS 185/2026,2026-09-08,2,variavel,17922.25,E_RS-SS-185_080926.pdf
353340,Nova Odessa,2024,Res SS 18/2024,2024-02-08,1,fixo,185148.0,E_R-SS-18_080224.pdf
353340,Nova Odessa,2024,Res SS 140/2024,2024-06-20,2,fixo,185148.0,E_R-SS-140_200624.pdf
353340,Nova Odessa,2024,Res SS 140/2024,2024-06-20,2,variavel,119482.18,E_R-SS-140_200624.pdf
353340,Nova Odessa,2024,Res SS 140/2024,2024-06-20,3,fixo,185148.0,E_R-SS-140_200624.pdf
353340,Nova Odessa,2024,Res SS 140/2024,2024-06-20,3,variavel,119482.18,E_R-SS-140_200624.pdf
353340,Nova Odessa,2025,Res SS 13/2025,2025-01-24,1,fixo,154290.0,E_R-SS-13_240125.pdf
353340,Nova Odessa,2025,Res SS 97/2025,2025-05-30,2,fixo,154290.0,E_R-SS-97_300525.pdf
353340,Nova Odessa,2025,Res SS 180/2025,2025-10-08,1+2,variavel,138861.0,E_RS-SS-180_081025.pdf
353340,Nova Odessa,2025,Res SS 230/2025,2025-12-09,2,ajuste,76527.84,E_RS-SS-230_091225.pdf
353340,Nova Odessa,2025,Res SS 230/2025,2025-12-09,2025,bonus,0.0,E_RS-SS-230_091225.pdf
353340,Nova Odessa,2025,Res SS 230/2025,2025-12-09,3,fixo,154290.0,E_RS-SS-230_091225.pdf
353340,Nova Odessa,2025,Res SS 230/2025,2025-12-09,3,variavel,97202.7,E_RS-SS-230_091225.pdf
353340,Nova Odessa,2026,Res SS 111/2026,2026-06-09,1,fixo,154290.0,E_RS-SS-111_090626.pdf
353340,Nova Odessa,2026,Res SS 111/2026,2026-06-09,1,variavel,132689.4,E_RS-SS-111_090626.pdf
353340,Nova Odessa,2026,Res SS 185/2026,2026-09-08,2,fixo,154290.0,E_RS-SS-185_080926.pdf
353340,Nova Odessa,2026,Res SS 185/2026,2026-09-08,2,variavel,132689.4,E_RS-SS-185_080926.pdf
353350,Novo Horizonte,2024,Res SS 18/2024,2024-02-08,1,fixo,125295.0,E_R-SS-18_080224.pdf
353350,Novo Horizonte,2024,Res SS 140/2024,2024-06-20,2,fixo,125295.0,E_R-SS-140_200624.pdf
353350,Novo Horizonte,2024,Res SS 140/2024,2024-06-20,2,variavel,74884.65,E_R-SS-140_200624.pdf
353350,Novo Horizonte,2024,Res SS 140/2024,2024-06-20,3,fixo,125295.0,E_R-SS-140_200624.pdf
353350,Novo Horizonte,2024,Res SS 140/2024,2024-06-20,3,variavel,74884.65,E_R-SS-140_200624.pdf
353350,Novo Horizonte,2025,Res SS 13/2025,2025-01-24,1,fixo,104412.5,E_R-SS-13_240125.pdf
353350,Novo Horizonte,2025,Res SS 97/2025,2025-05-30,2,fixo,104412.5,E_R-SS-97_300525.pdf
353350,Novo Horizonte,2025,Res SS 180/2025,2025-10-08,1+2,variavel,93971.25,E_RS-SS-180_081025.pdf
353350,Novo Horizonte,2025,Res SS 230/2025,2025-12-09,2,ajuste,12164.06,E_RS-SS-230_091225.pdf
353350,Novo Horizonte,2025,Res SS 230/2025,2025-12-09,2025,bonus,0.0,E_RS-SS-230_091225.pdf
353350,Novo Horizonte,2025,Res SS 230/2025,2025-12-09,3,fixo,104412.5,E_RS-SS-230_091225.pdf
353350,Novo Horizonte,2025,Res SS 230/2025,2025-12-09,3,variavel,55338.63,E_RS-SS-230_091225.pdf
353350,Novo Horizonte,2026,Res SS 111/2026,2026-06-09,1,fixo,104412.5,E_RS-SS-111_090626.pdf
353350,Novo Horizonte,2026,Res SS 111/2026,2026-06-09,1,variavel,72566.69,E_RS-SS-111_090626.pdf
353350,Novo Horizonte,2026,Res SS 185/2026,2026-09-08,2,fixo,104412.5,E_RS-SS-185_080926.pdf
353350,Novo Horizonte,2026,Res SS 185/2026,2026-09-08,2,variavel,52206.25,E_RS-SS-185_080926.pdf
353360,Nuporanga,2024,Res SS 18/2024,2024-02-08,1,fixo,45132.0,E_R-SS-18_080224.pdf
353360,Nuporanga,2024,Res SS 140/2024,2024-06-20,2,fixo,45132.0,E_R-SS-140_200624.pdf
353360,Nuporanga,2024,Res SS 140/2024,2024-06-20,2,variavel,29125.18,E_R-SS-140_200624.pdf
353360,Nuporanga,2024,Res SS 140/2024,2024-06-20,3,fixo,45132.0,E_R-SS-140_200624.pdf
353360,Nuporanga,2024,Res SS 140/2024,2024-06-20,3,variavel,29125.18,E_R-SS-140_200624.pdf
353360,Nuporanga,2025,Res SS 13/2025,2025-01-24,1,fixo,37610.0,E_R-SS-13_240125.pdf
353360,Nuporanga,2025,Res SS 97/2025,2025-05-30,2,fixo,37610.0,E_R-SS-97_300525.pdf
353360,Nuporanga,2025,Res SS 180/2025,2025-10-08,1+2,variavel,24070.4,E_RS-SS-180_081025.pdf
353360,Nuporanga,2025,Res SS 230/2025,2025-12-09,2,ajuste,14649.1,E_RS-SS-230_091225.pdf
353360,Nuporanga,2025,Res SS 230/2025,2025-12-09,2025,bonus,0.0,E_RS-SS-230_091225.pdf
353360,Nuporanga,2025,Res SS 230/2025,2025-12-09,3,fixo,37610.0,E_RS-SS-230_091225.pdf
353360,Nuporanga,2025,Res SS 230/2025,2025-12-09,3,variavel,36857.8,E_RS-SS-230_091225.pdf
353360,Nuporanga,2026,Res SS 111/2026,2026-06-09,1,fixo,37610.0,E_RS-SS-111_090626.pdf
353360,Nuporanga,2026,Res SS 111/2026,2026-06-09,1,variavel,31216.3,E_RS-SS-111_090626.pdf
353360,Nuporanga,2026,Res SS 185/2026,2026-09-08,2,fixo,37610.0,E_RS-SS-185_080926.pdf
353360,Nuporanga,2026,Res SS 185/2026,2026-09-08,2,variavel,31216.3,E_RS-SS-185_080926.pdf
353370,Ocauçu,2024,Res SS 18/2024,2024-02-08,1,fixo,25764.0,E_R-SS-18_080224.pdf
353370,Ocauçu,2024,Res SS 140/2024,2024-06-20,2,fixo,25764.0,E_R-SS-140_200624.pdf
353370,Ocauçu,2024,Res SS 140/2024,2024-06-20,2,variavel,17004.24,E_R-SS-140_200624.pdf
353370,Ocauçu,2024,Res SS 140/2024,2024-06-20,3,fixo,25764.0,E_R-SS-140_200624.pdf
353370,Ocauçu,2024,Res SS 140/2024,2024-06-20,3,variavel,17004.24,E_R-SS-140_200624.pdf
353370,Ocauçu,2025,Res SS 13/2025,2025-01-24,1,fixo,21470.0,E_R-SS-13_240125.pdf
353370,Ocauçu,2025,Res SS 97/2025,2025-05-30,2,fixo,21470.0,E_R-SS-97_300525.pdf
353370,Ocauçu,2025,Res SS 180/2025,2025-10-08,1+2,variavel,18464.2,E_RS-SS-180_081025.pdf
353370,Ocauçu,2025,Res SS 230/2025,2025-12-09,2,ajuste,10015.76,E_RS-SS-230_091225.pdf
353370,Ocauçu,2025,Res SS 230/2025,2025-12-09,2025,bonus,0.0,E_RS-SS-230_091225.pdf
353370,Ocauçu,2025,Res SS 230/2025,2025-12-09,3,fixo,21470.0,E_RS-SS-230_091225.pdf
353370,Ocauçu,2025,Res SS 230/2025,2025-12-09,3,variavel,16317.2,E_RS-SS-230_091225.pdf
353370,Ocauçu,2026,Res SS 111/2026,2026-06-09,1,fixo,21470.0,E_RS-SS-111_090626.pdf
353370,Ocauçu,2026,Res SS 111/2026,2026-06-09,1,variavel,16853.95,E_RS-SS-111_090626.pdf
353370,Ocauçu,2026,Res SS 185/2026,2026-09-08,2,fixo,21470.0,E_RS-SS-185_080926.pdf
353370,Ocauçu,2026,Res SS 185/2026,2026-09-08,2,variavel,9876.2,E_RS-SS-185_080926.pdf
353380,Óleo,2024,Res SS 18/2024,2024-02-08,1,fixo,14682.0,E_R-SS-18_080224.pdf
353380,Óleo,2024,Res SS 140/2024,2024-06-20,2,fixo,14682.0,E_R-SS-140_200624.pdf
353380,Óleo,2024,Res SS 140/2024,2024-06-20,2,variavel,8990.28,E_R-SS-140_200624.pdf
353380,Óleo,2024,Res SS 140/2024,2024-06-20,3,fixo,14682.0,E_R-SS-140_200624.pdf
353380,Óleo,2024,Res SS 140/2024,2024-06-20,3,variavel,8990.28,E_R-SS-140_200624.pdf
353380,Óleo,2025,Res SS 13/2025,2025-01-24,1,fixo,12235.0,E_R-SS-13_240125.pdf
353380,Óleo,2025,Res SS 97/2025,2025-05-30,2,fixo,12235.0,E_R-SS-97_300525.pdf
353380,Óleo,2025,Res SS 180/2025,2025-10-08,1+2,variavel,21778.3,E_RS-SS-180_081025.pdf
353380,Óleo,2025,Res SS 230/2025,2025-12-09,2,ajuste,0.0,E_RS-SS-230_091225.pdf
353380,Óleo,2025,Res SS 230/2025,2025-12-09,2025,bonus,0.0,E_RS-SS-230_091225.pdf
353380,Óleo,2025,Res SS 230/2025,2025-12-09,3,fixo,12235.0,E_RS-SS-230_091225.pdf
353380,Óleo,2025,Res SS 230/2025,2025-12-09,3,variavel,11867.95,E_RS-SS-230_091225.pdf
353380,Óleo,2026,Res SS 111/2026,2026-06-09,1,fixo,12235.0,E_RS-SS-111_090626.pdf
353380,Óleo,2026,Res SS 111/2026,2026-06-09,1,variavel,12235.0,E_RS-SS-111_090626.pdf
353380,Óleo,2026,Res SS 185/2026,2026-09-08,2,fixo,12235.0,E_RS-SS-185_080926.pdf
353380,Óleo,2026,Res SS 185/2026,2026-09-08,2,variavel,11378.55,E_RS-SS-185_080926.pdf
353390,Olímpia,2024,Res SS 18/2024,2024-02-08,1,fixo,166431.0,E_R-SS-18_080224.pdf
353390,Olímpia,2024,Res SS 140/2024,2024-06-20,2,fixo,166431.0,E_R-SS-140_200624.pdf
353390,Olímpia,2024,Res SS 140/2024,2024-06-20,2,variavel,81773.1,E_R-SS-140_200624.pdf
353390,Olímpia,2024,Res SS 140/2024,2024-06-20,3,fixo,166431.0,E_R-SS-140_200624.pdf
353390,Olímpia,2024,Res SS 140/2024,2024-06-20,3,variavel,81773.1,E_R-SS-140_200624.pdf
353390,Olímpia,2025,Res SS 13/2025,2025-01-24,1,fixo,138692.5,E_R-SS-13_240125.pdf
353390,Olímpia,2025,Res SS 97/2025,2025-05-30,2,fixo,138692.5,E_R-SS-97_300525.pdf
353390,Olímpia,2025,Res SS 180/2025,2025-10-08,1+2,variavel,158109.45,E_RS-SS-180_081025.pdf
353390,Olímpia,2025,Res SS 230/2025,2025-12-09,2,ajuste,26212.88,E_RS-SS-230_091225.pdf
353390,Olímpia,2025,Res SS 230/2025,2025-12-09,2025,bonus,0.0,E_RS-SS-230_091225.pdf
353390,Olímpia,2025,Res SS 230/2025,2025-12-09,3,fixo,138692.5,E_RS-SS-230_091225.pdf
353390,Olímpia,2025,Res SS 230/2025,2025-12-09,3,variavel,134531.73,E_RS-SS-230_091225.pdf
353390,Olímpia,2026,Res SS 111/2026,2026-06-09,1,fixo,138692.5,E_RS-SS-111_090626.pdf
353390,Olímpia,2026,Res SS 111/2026,2026-06-09,1,variavel,106099.76,E_RS-SS-111_090626.pdf
353390,Olímpia,2026,Res SS 185/2026,2026-09-08,2,fixo,138692.5,E_RS-SS-185_080926.pdf
353390,Olímpia,2026,Res SS 185/2026,2026-09-08,2,variavel,79054.73,E_RS-SS-185_080926.pdf
353400,Onda Verde,2024,Res SS 18/2024,2024-02-08,1,fixo,26772.0,E_R-SS-18_080224.pdf
353400,Onda Verde,2024,Res SS 140/2024,2024-06-20,2,fixo,26772.0,E_R-SS-140_200624.pdf
353400,Onda Verde,2024,Res SS 140/2024,2024-06-20,2,variavel,13448.47,E_R-SS-140_200624.pdf
353400,Onda Verde,2024,Res SS 140/2024,2024-06-20,3,fixo,26772.0,E_R-SS-140_200624.pdf
353400,Onda Verde,2024,Res SS 140/2024,2024-06-20,3,variavel,13448.47,E_R-SS-140_200624.pdf
353400,Onda Verde,2025,Res SS 13/2025,2025-01-24,1,fixo,22310.0,E_R-SS-13_240125.pdf
353400,Onda Verde,2025,Res SS 97/2025,2025-05-30,2,fixo,22310.0,E_R-SS-97_300525.pdf
353400,Onda Verde,2025,Res SS 180/2025,2025-10-08,1+2,variavel,24541.0,E_RS-SS-180_081025.pdf
353400,Onda Verde,2025,Res SS 230/2025,2025-12-09,2,ajuste,4294.68,E_RS-SS-230_091225.pdf
353400,Onda Verde,2025,Res SS 230/2025,2025-12-09,2025,bonus,0.0,E_RS-SS-230_091225.pdf
353400,Onda Verde,2025,Res SS 230/2025,2025-12-09,3,fixo,22310.0,E_RS-SS-230_091225.pdf
353400,Onda Verde,2025,Res SS 230/2025,2025-12-09,3,variavel,19855.9,E_RS-SS-230_091225.pdf
353400,Onda Verde,2026,Res SS 111/2026,2026-06-09,1,fixo,22310.0,E_RS-SS-111_090626.pdf
353400,Onda Verde,2026,Res SS 111/2026,2026-06-09,1,variavel,16955.6,E_RS-SS-111_090626.pdf
353400,Onda Verde,2026,Res SS 185/2026,2026-09-08,2,fixo,22310.0,E_RS-SS-185_080926.pdf
353400,Onda Verde,2026,Res SS 185/2026,2026-09-08,2,variavel,22310.0,E_RS-SS-185_080926.pdf
353410,Oriente,2024,Res SS 18/2024,2024-02-08,1,fixo,45983.0,E_R-SS-18_080224.pdf
353410,Oriente,2024,Res SS 140/2024,2024-06-20,2,fixo,45983.0,E_R-SS-140_200624.pdf
353410,Oriente,2024,Res SS 140/2024,2024-06-20,2,variavel,26808.09,E_R-SS-140_200624.pdf
353410,Oriente,2024,Res SS 140/2024,2024-06-20,3,fixo,45983.0,E_R-SS-140_200624.pdf
353410,Oriente,2024,Res SS 140/2024,2024-06-20,3,variavel,26808.09,E_R-SS-140_200624.pdf
353410,Oriente,2025,Res SS 13/2025,2025-01-24,1,fixo,38319.17,E_R-SS-13_240125.pdf
353410,Oriente,2025,Res SS 97/2025,2025-05-30,2,fixo,38319.17,E_R-SS-97_300525.pdf
353410,Oriente,2025,Res SS 180/2025,2025-10-08,1+2,variavel,42151.08,E_RS-SS-180_081025.pdf
353410,Oriente,2025,Res SS 230/2025,2025-12-09,2,ajuste,4215.11,E_RS-SS-230_091225.pdf
353410,Oriente,2025,Res SS 230/2025,2025-12-09,2025,bonus,0.0,E_RS-SS-230_091225.pdf
353410,Oriente,2025,Res SS 230/2025,2025-12-09,3,fixo,38319.17,E_RS-SS-230_091225.pdf
353410,Oriente,2025,Res SS 230/2025,2025-12-09,3,variavel,30655.33,E_RS-SS-230_091225.pdf
353410,Oriente,2026,Res SS 111/2026,2026-06-09,1,fixo,38319.17,E_RS-SS-111_090626.pdf
353410,Oriente,2026,Res SS 111/2026,2026-06-09,1,variavel,33912.46,E_RS-SS-111_090626.pdf
353410,Oriente,2026,Res SS 185/2026,2026-09-08,2,fixo,38319.17,E_RS-SS-185_080926.pdf
353410,Oriente,2026,Res SS 185/2026,2026-09-08,2,variavel,21458.73,E_RS-SS-185_080926.pdf
353420,Orindiúva,2024,Res SS 18/2024,2024-02-08,1,fixo,36590.0,E_R-SS-18_080224.pdf
353420,Orindiúva,2024,Res SS 140/2024,2024-06-20,2,fixo,36590.0,E_R-SS-140_200624.pdf
353420,Orindiúva,2024,Res SS 140/2024,2024-06-20,2,variavel,23478.58,E_R-SS-140_200624.pdf
353420,Orindiúva,2024,Res SS 140/2024,2024-06-20,3,fixo,36590.0,E_R-SS-140_200624.pdf
353420,Orindiúva,2024,Res SS 140/2024,2024-06-20,3,variavel,23478.58,E_R-SS-140_200624.pdf
353420,Orindiúva,2025,Res SS 13/2025,2025-01-24,1,fixo,30491.67,E_R-SS-13_240125.pdf
353420,Orindiúva,2025,Res SS 97/2025,2025-05-30,2,fixo,30491.67,E_R-SS-97_300525.pdf
353420,Orindiúva,2025,Res SS 180/2025,2025-10-08,1+2,variavel,37199.83,E_RS-SS-180_081025.pdf
353420,Orindiúva,2025,Res SS 230/2025,2025-12-09,2,ajuste,11891.75,E_RS-SS-230_091225.pdf
353420,Orindiúva,2025,Res SS 230/2025,2025-12-09,2025,bonus,0.0,E_RS-SS-230_091225.pdf
353420,Orindiúva,2025,Res SS 230/2025,2025-12-09,3,fixo,30491.67,E_RS-SS-230_091225.pdf
353420,Orindiúva,2025,Res SS 230/2025,2025-12-09,3,variavel,30491.67,E_RS-SS-230_091225.pdf
353420,Orindiúva,2026,Res SS 111/2026,2026-06-09,1,fixo,30491.67,E_RS-SS-111_090626.pdf
353420,Orindiúva,2026,Res SS 111/2026,2026-06-09,1,variavel,17685.17,E_RS-SS-111_090626.pdf
353420,Orindiúva,2026,Res SS 185/2026,2026-09-08,2,fixo,30491.67,E_RS-SS-185_080926.pdf
353420,Orindiúva,2026,Res SS 185/2026,2026-09-08,2,variavel,30491.67,E_RS-SS-185_080926.pdf
353430,Orlândia,2024,Res SS 18/2024,2024-02-08,1,fixo,134046.0,E_R-SS-18_080224.pdf
353430,Orlândia,2024,Res SS 140/2024,2024-06-20,2,fixo,134046.0,E_R-SS-140_200624.pdf
353430,Orlândia,2024,Res SS 140/2024,2024-06-20,2,variavel,65861.27,E_R-SS-140_200624.pdf
353430,Orlândia,2024,Res SS 140/2024,2024-06-20,3,fixo,134046.0,E_R-SS-140_200624.pdf
353430,Orlândia,2024,Res SS 140/2024,2024-06-20,3,variavel,65861.27,E_R-SS-140_200624.pdf
353430,Orlândia,2025,Res SS 13/2025,2025-01-24,1,fixo,111705.0,E_R-SS-13_240125.pdf
353430,Orlândia,2025,Res SS 97/2025,2025-05-30,2,fixo,111705.0,E_R-SS-97_300525.pdf
353430,Orlândia,2025,Res SS 180/2025,2025-10-08,1+2,variavel,84895.8,E_RS-SS-180_081025.pdf
353430,Orlândia,2025,Res SS 230/2025,2025-12-09,2,ajuste,33511.5,E_RS-SS-230_091225.pdf
353430,Orlândia,2025,Res SS 230/2025,2025-12-09,2025,bonus,0.0,E_RS-SS-230_091225.pdf
353430,Orlândia,2025,Res SS 230/2025,2025-12-09,3,fixo,111705.0,E_RS-SS-230_091225.pdf
353430,Orlândia,2025,Res SS 230/2025,2025-12-09,3,variavel,77634.98,E_RS-SS-230_091225.pdf
353430,Orlândia,2026,Res SS 111/2026,2026-06-09,1,fixo,111705.0,E_RS-SS-111_090626.pdf
353430,Orlândia,2026,Res SS 111/2026,2026-06-09,1,variavel,81544.65,E_RS-SS-111_090626.pdf
353430,Orlândia,2026,Res SS 185/2026,2026-09-08,2,fixo,111705.0,E_RS-SS-185_080926.pdf
353430,Orlândia,2026,Res SS 185/2026,2026-09-08,2,variavel,52501.35,E_RS-SS-185_080926.pdf
353440,Osasco,2024,Res SS 18/2024,2024-02-08,1,fixo,2104284.0,E_R-SS-18_080224.pdf
353440,Osasco,2024,Res SS 140/2024,2024-06-20,2,fixo,2104284.0,E_R-SS-140_200624.pdf
353440,Osasco,2024,Res SS 140/2024,2024-06-20,2,variavel,1199441.88,E_R-SS-140_200624.pdf
353440,Osasco,2024,Res SS 140/2024,2024-06-20,3,fixo,2104284.0,E_R-SS-140_200624.pdf
353440,Osasco,2024,Res SS 140/2024,2024-06-20,3,variavel,1199441.88,E_R-SS-140_200624.pdf
353440,Osasco,2025,Res SS 13/2025,2025-01-24,1,fixo,1753570.0,E_R-SS-13_240125.pdf
353440,Osasco,2025,Res SS 97/2025,2025-05-30,2,fixo,1753570.0,E_R-SS-97_300525.pdf
353440,Osasco,2025,Res SS 180/2025,2025-10-08,1+2,variavel,2104284.0,E_RS-SS-180_081025.pdf
353440,Osasco,2025,Res SS 230/2025,2025-12-09,2,ajuste,375263.98,E_RS-SS-230_091225.pdf
353440,Osasco,2025,Res SS 230/2025,2025-12-09,2025,bonus,0.0,E_RS-SS-230_091225.pdf
353440,Osasco,2025,Res SS 230/2025,2025-12-09,3,fixo,1753570.0,E_RS-SS-230_091225.pdf
353440,Osasco,2025,Res SS 230/2025,2025-12-09,3,variavel,1442311.33,E_RS-SS-230_091225.pdf
353440,Osasco,2026,Res SS 111/2026,2026-06-09,1,fixo,1753570.0,E_RS-SS-111_090626.pdf
353440,Osasco,2026,Res SS 111/2026,2026-06-09,1,variavel,1508070.2,E_RS-SS-111_090626.pdf
353440,Osasco,2026,Res SS 185/2026,2026-09-08,2,fixo,1753570.0,E_RS-SS-185_080926.pdf
353440,Osasco,2026,Res SS 185/2026,2026-09-08,2,variavel,596213.8,E_RS-SS-185_080926.pdf
353450,Oscar Bressane,2024,Res SS 18/2024,2024-02-08,1,fixo,18221.0,E_R-SS-18_080224.pdf
353450,Oscar Bressane,2024,Res SS 140/2024,2024-06-20,2,fixo,18221.0,E_R-SS-140_200624.pdf
353450,Oscar Bressane,2024,Res SS 140/2024,2024-06-20,2,variavel,10422.41,E_R-SS-140_200624.pdf
353450,Oscar Bressane,2024,Res SS 140/2024,2024-06-20,3,fixo,18221.0,E_R-SS-140_200624.pdf
353450,Oscar Bressane,2024,Res SS 140/2024,2024-06-20,3,variavel,10422.41,E_R-SS-140_200624.pdf
353450,Oscar Bressane,2025,Res SS 13/2025,2025-01-24,1,fixo,15184.17,E_R-SS-13_240125.pdf
353450,Oscar Bressane,2025,Res SS 97/2025,2025-05-30,2,fixo,15184.17,E_R-SS-97_300525.pdf
353450,Oscar Bressane,2025,Res SS 180/2025,2025-10-08,1+2,variavel,13969.43,E_RS-SS-180_081025.pdf
353450,Oscar Bressane,2025,Res SS 230/2025,2025-12-09,2,ajuste,2452.24,E_RS-SS-230_091225.pdf
353450,Oscar Bressane,2025,Res SS 230/2025,2025-12-09,2025,bonus,0.0,E_RS-SS-230_091225.pdf
353450,Oscar Bressane,2025,Res SS 230/2025,2025-12-09,3,fixo,15184.17,E_RS-SS-230_091225.pdf
353450,Oscar Bressane,2025,Res SS 230/2025,2025-12-09,3,variavel,10553.0,E_RS-SS-230_091225.pdf
353450,Oscar Bressane,2026,Res SS 111/2026,2026-06-09,1,fixo,15184.17,E_RS-SS-111_090626.pdf
353450,Oscar Bressane,2026,Res SS 111/2026,2026-06-09,1,variavel,14880.48,E_RS-SS-111_090626.pdf
353450,Oscar Bressane,2026,Res SS 185/2026,2026-09-08,2,fixo,15184.17,E_RS-SS-185_080926.pdf
353450,Oscar Bressane,2026,Res SS 185/2026,2026-09-08,2,variavel,14273.12,E_RS-SS-185_080926.pdf
353460,Osvaldo Cruz,2024,Res SS 18/2024,2024-02-08,1,fixo,165590.0,E_R-SS-18_080224.pdf
353460,Osvaldo Cruz,2024,Res SS 140/2024,2024-06-20,2,fixo,165590.0,E_R-SS-140_200624.pdf
353460,Osvaldo Cruz,2024,Res SS 140/2024,2024-06-20,2,variavel,92288.83,E_R-SS-140_200624.pdf
353460,Osvaldo Cruz,2024,Res SS 140/2024,2024-06-20,3,fixo,165590.0,E_R-SS-140_200624.pdf
353460,Osvaldo Cruz,2024,Res SS 140/2024,2024-06-20,3,variavel,92288.83,E_R-SS-140_200624.pdf
353460,Osvaldo Cruz,2025,Res SS 13/2025,2025-01-24,1,fixo,137991.67,E_R-SS-13_240125.pdf
353460,Osvaldo Cruz,2025,Res SS 97/2025,2025-05-30,2,fixo,137991.67,E_R-SS-97_300525.pdf
353460,Osvaldo Cruz,2025,Res SS 180/2025,2025-10-08,1+2,variavel,132472.0,E_RS-SS-180_081025.pdf
353460,Osvaldo Cruz,2025,Res SS 230/2025,2025-12-09,2,ajuste,64304.12,E_RS-SS-230_091225.pdf
353460,Osvaldo Cruz,2025,Res SS 230/2025,2025-12-09,2025,bonus,0.0,E_RS-SS-230_091225.pdf
353460,Osvaldo Cruz,2025,Res SS 230/2025,2025-12-09,3,fixo,137991.67,E_RS-SS-230_091225.pdf
353460,Osvaldo Cruz,2025,Res SS 230/2025,2025-12-09,3,variavel,128332.25,E_RS-SS-230_091225.pdf
353460,Osvaldo Cruz,2026,Res SS 111/2026,2026-06-09,1,fixo,137991.67,E_RS-SS-111_090626.pdf
353460,Osvaldo Cruz,2026,Res SS 111/2026,2026-06-09,1,variavel,137301.71,E_RS-SS-111_090626.pdf
353460,Osvaldo Cruz,2026,Res SS 185/2026,2026-09-08,2,fixo,137991.67,E_RS-SS-185_080926.pdf
353460,Osvaldo Cruz,2026,Res SS 185/2026,2026-09-08,2,variavel,74515.5,E_RS-SS-185_080926.pdf
353470,Ourinhos,2024,Res SS 18/2024,2024-02-08,1,fixo,345417.0,E_R-SS-18_080224.pdf
353470,Ourinhos,2024,Res SS 140/2024,2024-06-20,2,fixo,345417.0,E_R-SS-140_200624.pdf
353470,Ourinhos,2024,Res SS 140/2024,2024-06-20,2,variavel,188827.96,E_R-SS-140_200624.pdf
353470,Ourinhos,2024,Res SS 140/2024,2024-06-20,3,fixo,345417.0,E_R-SS-140_200624.pdf
353470,Ourinhos,2024,Res SS 140/2024,2024-06-20,3,variavel,188827.96,E_R-SS-140_200624.pdf
353470,Ourinhos,2025,Res SS 13/2025,2025-01-24,1,fixo,287847.5,E_R-SS-13_240125.pdf
353470,Ourinhos,2025,Res SS 97/2025,2025-05-30,2,fixo,287847.5,E_R-SS-97_300525.pdf
353470,Ourinhos,2025,Res SS 180/2025,2025-10-08,1+2,variavel,138166.8,E_RS-SS-180_081025.pdf
353470,Ourinhos,2025,Res SS 230/2025,2025-12-09,2,ajuste,81316.92,E_RS-SS-230_091225.pdf
353470,Ourinhos,2025,Res SS 230/2025,2025-12-09,2025,bonus,0.0,E_RS-SS-230_091225.pdf
353470,Ourinhos,2025,Res SS 230/2025,2025-12-09,3,fixo,287847.5,E_RS-SS-230_091225.pdf
353470,Ourinhos,2025,Res SS 230/2025,2025-12-09,3,variavel,210848.29,E_RS-SS-230_091225.pdf
353470,Ourinhos,2026,Res SS 111/2026,2026-06-09,1,fixo,287847.5,E_RS-SS-111_090626.pdf
353470,Ourinhos,2026,Res SS 111/2026,2026-06-09,1,variavel,257623.51,E_RS-SS-111_090626.pdf
353470,Ourinhos,2026,Res SS 185/2026,2026-09-08,2,fixo,287847.5,E_RS-SS-185_080926.pdf
353470,Ourinhos,2026,Res SS 185/2026,2026-09-08,2,variavel,287847.5,E_RS-SS-185_080926.pdf
353475,Ouroeste,2024,Res SS 18/2024,2024-02-08,1,fixo,53560.0,E_R-SS-18_080224.pdf
353475,Ouroeste,2024,Res SS 140/2024,2024-06-20,2,fixo,53560.0,E_R-SS-140_200624.pdf
353475,Ouroeste,2024,Res SS 140/2024,2024-06-20,2,variavel,29458.0,E_R-SS-140_200624.pdf
353475,Ouroeste,2024,Res SS 140/2024,2024-06-20,3,fixo,53560.0,E_R-SS-140_200624.pdf
353475,Ouroeste,2024,Res SS 140/2024,2024-06-20,3,variavel,29458.0,E_R-SS-140_200624.pdf
353475,Ouroeste,2025,Res SS 13/2025,2025-01-24,1,fixo,44633.33,E_R-SS-13_240125.pdf
353475,Ouroeste,2025,Res SS 97/2025,2025-05-30,2,fixo,44633.33,E_R-SS-97_300525.pdf
353475,Ouroeste,2025,Res SS 180/2025,2025-10-08,1+2,variavel,50882.0,E_RS-SS-180_081025.pdf
353475,Ouroeste,2025,Res SS 230/2025,2025-12-09,2,ajuste,15800.2,E_RS-SS-230_091225.pdf
353475,Ouroeste,2025,Res SS 230/2025,2025-12-09,2025,bonus,0.0,E_RS-SS-230_091225.pdf
353475,Ouroeste,2025,Res SS 230/2025,2025-12-09,3,fixo,44633.33,E_RS-SS-230_091225.pdf
353475,Ouroeste,2025,Res SS 230/2025,2025-12-09,3,variavel,44633.33,E_RS-SS-230_091225.pdf
353475,Ouroeste,2026,Res SS 111/2026,2026-06-09,1,fixo,44633.33,E_RS-SS-111_090626.pdf
353475,Ouroeste,2026,Res SS 111/2026,2026-06-09,1,variavel,39723.67,E_RS-SS-111_090626.pdf
353475,Ouroeste,2026,Res SS 185/2026,2026-09-08,2,fixo,44633.33,E_RS-SS-185_080926.pdf
353475,Ouroeste,2026,Res SS 185/2026,2026-09-08,2,variavel,33921.33,E_RS-SS-185_080926.pdf
353480,Ouro Verde,2024,Res SS 18/2024,2024-02-08,1,fixo,69408.0,E_R-SS-18_080224.pdf
353480,Ouro Verde,2024,Res SS 140/2024,2024-06-20,2,fixo,69408.0,E_R-SS-140_200624.pdf
353480,Ouro Verde,2024,Res SS 140/2024,2024-06-20,2,variavel,45809.28,E_R-SS-140_200624.pdf
353480,Ouro Verde,2024,Res SS 140/2024,2024-06-20,3,fixo,69408.0,E_R-SS-140_200624.pdf
353480,Ouro Verde,2024,Res SS 140/2024,2024-06-20,3,variavel,45809.28,E_R-SS-140_200624.pdf
353480,Ouro Verde,2025,Res SS 13/2025,2025-01-24,1,fixo,57840.0,E_R-SS-13_240125.pdf
353480,Ouro Verde,2025,Res SS 97/2025,2025-05-30,2,fixo,57840.0,E_R-SS-97_300525.pdf
353480,Ouro Verde,2025,Res SS 180/2025,2025-10-08,1+2,variavel,48585.6,E_RS-SS-180_081025.pdf
353480,Ouro Verde,2025,Res SS 230/2025,2025-12-09,2,ajuste,28833.24,E_RS-SS-230_091225.pdf
353480,Ouro Verde,2025,Res SS 230/2025,2025-12-09,2025,bonus,0.0,E_RS-SS-230_091225.pdf
353480,Ouro Verde,2025,Res SS 230/2025,2025-12-09,3,fixo,57840.0,E_RS-SS-230_091225.pdf
353480,Ouro Verde,2025,Res SS 230/2025,2025-12-09,3,variavel,51477.6,E_RS-SS-230_091225.pdf
353480,Ouro Verde,2026,Res SS 111/2026,2026-06-09,1,fixo,57840.0,E_RS-SS-111_090626.pdf
353480,Ouro Verde,2026,Res SS 111/2026,2026-06-09,1,variavel,51477.6,E_RS-SS-111_090626.pdf
353480,Ouro Verde,2026,Res SS 185/2026,2026-09-08,2,fixo,57840.0,E_RS-SS-185_080926.pdf
353480,Ouro Verde,2026,Res SS 185/2026,2026-09-08,2,variavel,53357.4,E_RS-SS-185_080926.pdf
353490,Pacaembu,2024,Res SS 18/2024,2024-02-08,1,fixo,85956.0,E_R-SS-18_080224.pdf
353490,Pacaembu,2024,Res SS 140/2024,2024-06-20,2,fixo,85956.0,E_R-SS-140_200624.pdf
353490,Pacaembu,2024,Res SS 140/2024,2024-06-20,2,variavel,47275.8,E_R-SS-140_200624.pdf
353490,Pacaembu,2024,Res SS 140/2024,2024-06-20,3,fixo,85956.0,E_R-SS-140_200624.pdf
353490,Pacaembu,2024,Res SS 140/2024,2024-06-20,3,variavel,47275.8,E_R-SS-140_200624.pdf
353490,Pacaembu,2025,Res SS 13/2025,2025-01-24,1,fixo,71630.0,E_R-SS-13_240125.pdf
353490,Pacaembu,2025,Res SS 97/2025,2025-05-30,2,fixo,71630.0,E_R-SS-97_300525.pdf
353490,Pacaembu,2025,Res SS 180/2025,2025-10-08,1+2,variavel,116040.6,E_RS-SS-180_081025.pdf
353490,Pacaembu,2025,Res SS 230/2025,2025-12-09,2,ajuste,0.0,E_RS-SS-230_091225.pdf
353490,Pacaembu,2025,Res SS 230/2025,2025-12-09,2025,bonus,0.0,E_RS-SS-230_091225.pdf
353490,Pacaembu,2025,Res SS 230/2025,2025-12-09,3,fixo,71630.0,E_RS-SS-230_091225.pdf
353490,Pacaembu,2025,Res SS 230/2025,2025-12-09,3,variavel,71630.0,E_RS-SS-230_091225.pdf
353490,Pacaembu,2026,Res SS 111/2026,2026-06-09,1,fixo,71630.0,E_RS-SS-111_090626.pdf
353490,Pacaembu,2026,Res SS 111/2026,2026-06-09,1,variavel,53006.2,E_RS-SS-111_090626.pdf
353490,Pacaembu,2026,Res SS 185/2026,2026-09-08,2,fixo,71630.0,E_RS-SS-185_080926.pdf
353490,Pacaembu,2026,Res SS 185/2026,2026-09-08,2,variavel,34382.4,E_RS-SS-185_080926.pdf
353500,Palestina,2024,Res SS 18/2024,2024-02-08,1,fixo,66425.0,E_R-SS-18_080224.pdf
353500,Palestina,2024,Res SS 140/2024,2024-06-20,2,fixo,66425.0,E_R-SS-140_200624.pdf
353500,Palestina,2024,Res SS 140/2024,2024-06-20,2,variavel,43962.28,E_R-SS-140_200624.pdf
353500,Palestina,2024,Res SS 140/2024,2024-06-20,3,fixo,66425.0,E_R-SS-140_200624.pdf
353500,Palestina,2024,Res SS 140/2024,2024-06-20,3,variavel,43962.28,E_R-SS-140_200624.pdf
353500,Palestina,2025,Res SS 13/2025,2025-01-24,1,fixo,55354.17,E_R-SS-13_240125.pdf
353500,Palestina,2025,Res SS 97/2025,2025-05-30,2,fixo,55354.17,E_R-SS-97_300525.pdf
353500,Palestina,2025,Res SS 180/2025,2025-10-08,1+2,variavel,110708.33,E_RS-SS-180_081025.pdf
353500,Palestina,2025,Res SS 230/2025,2025-12-09,2,ajuste,0.0,E_RS-SS-230_091225.pdf
353500,Palestina,2025,Res SS 230/2025,2025-12-09,2025,bonus,0.0,E_RS-SS-230_091225.pdf
353500,Palestina,2025,Res SS 230/2025,2025-12-09,3,fixo,55354.17,E_RS-SS-230_091225.pdf
353500,Palestina,2025,Res SS 230/2025,2025-12-09,3,variavel,37087.29,E_RS-SS-230_091225.pdf
353500,Palestina,2026,Res SS 111/2026,2026-06-09,1,fixo,55354.17,E_RS-SS-111_090626.pdf
353500,Palestina,2026,Res SS 111/2026,2026-06-09,1,variavel,55354.17,E_RS-SS-111_090626.pdf
353500,Palestina,2026,Res SS 185/2026,2026-09-08,2,fixo,55354.17,E_RS-SS-185_080926.pdf
353500,Palestina,2026,Res SS 185/2026,2026-09-08,2,variavel,51479.38,E_RS-SS-185_080926.pdf
353510,Palmares Paulista,2024,Res SS 18/2024,2024-02-08,1,fixo,82146.0,E_R-SS-18_080224.pdf
353510,Palmares Paulista,2024,Res SS 140/2024,2024-06-20,2,fixo,82146.0,E_R-SS-140_200624.pdf
353510,Palmares Paulista,2024,Res SS 140/2024,2024-06-20,2,variavel,49397.13,E_R-SS-140_200624.pdf
353510,Palmares Paulista,2024,Res SS 140/2024,2024-06-20,3,fixo,82146.0,E_R-SS-140_200624.pdf
353510,Palmares Paulista,2024,Res SS 140/2024,2024-06-20,3,variavel,49397.13,E_R-SS-140_200624.pdf
353510,Palmares Paulista,2025,Res SS 13/2025,2025-01-24,1,fixo,68455.0,E_R-SS-13_240125.pdf
353510,Palmares Paulista,2025,Res SS 97/2025,2025-05-30,2,fixo,68455.0,E_R-SS-97_300525.pdf
353510,Palmares Paulista,2025,Res SS 180/2025,2025-10-08,1+2,variavel,68455.0,E_RS-SS-180_081025.pdf
353510,Palmares Paulista,2025,Res SS 230/2025,2025-12-09,2,ajuste,13211.82,E_RS-SS-230_091225.pdf
353510,Palmares Paulista,2025,Res SS 230/2025,2025-12-09,2025,bonus,0.0,E_RS-SS-230_091225.pdf
353510,Palmares Paulista,2025,Res SS 230/2025,2025-12-09,3,fixo,68455.0,E_RS-SS-230_091225.pdf
353510,Palmares Paulista,2025,Res SS 230/2025,2025-12-09,3,variavel,53737.18,E_RS-SS-230_091225.pdf
353510,Palmares Paulista,2026,Res SS 111/2026,2026-06-09,1,fixo,68455.0,E_RS-SS-111_090626.pdf
353510,Palmares Paulista,2026,Res SS 111/2026,2026-06-09,1,variavel,64005.43,E_RS-SS-111_090626.pdf
353510,Palmares Paulista,2026,Res SS 185/2026,2026-09-08,2,fixo,68455.0,E_RS-SS-185_080926.pdf
353510,Palmares Paulista,2026,Res SS 185/2026,2026-09-08,2,variavel,41757.55,E_RS-SS-185_080926.pdf
353520,Palmeira D'Oeste,2024,Res SS 18/2024,2024-02-08,1,fixo,64211.0,E_R-SS-18_080224.pdf
353520,Palmeira D'Oeste,2024,Res SS 140/2024,2024-06-20,2,fixo,64211.0,E_R-SS-140_200624.pdf
353520,Palmeira D'Oeste,2024,Res SS 140/2024,2024-06-20,2,variavel,42807.33,E_R-SS-140_200624.pdf
353520,Palmeira D'Oeste,2024,Res SS 140/2024,2024-06-20,3,fixo,64211.0,E_R-SS-140_200624.pdf
353520,Palmeira D'Oeste,2024,Res SS 140/2024,2024-06-20,3,variavel,42807.33,E_R-SS-140_200624.pdf
353520,Palmeira D'Oeste,2025,Res SS 13/2025,2025-01-24,1,fixo,53509.17,E_R-SS-13_240125.pdf
353520,Palmeira D'Oeste,2025,Res SS 97/2025,2025-05-30,2,fixo,53509.17,E_R-SS-97_300525.pdf
353520,Palmeira D'Oeste,2025,Res SS 180/2025,2025-10-08,1+2,variavel,55649.53,E_RS-SS-180_081025.pdf
353520,Palmeira D'Oeste,2025,Res SS 230/2025,2025-12-09,2,ajuste,4842.58,E_RS-SS-230_091225.pdf
353520,Palmeira D'Oeste,2025,Res SS 230/2025,2025-12-09,2025,bonus,0.0,E_RS-SS-230_091225.pdf
353520,Palmeira D'Oeste,2025,Res SS 230/2025,2025-12-09,3,fixo,53509.17,E_RS-SS-230_091225.pdf
353520,Palmeira D'Oeste,2025,Res SS 230/2025,2025-12-09,3,variavel,41469.6,E_RS-SS-230_091225.pdf
353520,Palmeira D'Oeste,2026,Res SS 111/2026,2026-06-09,1,fixo,53509.17,E_RS-SS-111_090626.pdf
353520,Palmeira D'Oeste,2026,Res SS 111/2026,2026-06-09,1,variavel,49763.53,E_RS-SS-111_090626.pdf
353520,Palmeira D'Oeste,2026,Res SS 185/2026,2026-09-08,2,fixo,53509.17,E_RS-SS-185_080926.pdf
353520,Palmeira D'Oeste,2026,Res SS 185/2026,2026-09-08,2,variavel,35851.14,E_RS-SS-185_080926.pdf
353530,Palmital,2024,Res SS 18/2024,2024-02-08,1,fixo,133932.0,E_R-SS-18_080224.pdf
353530,Palmital,2024,Res SS 140/2024,2024-06-20,2,fixo,133932.0,E_R-SS-140_200624.pdf
353530,Palmital,2024,Res SS 140/2024,2024-06-20,2,variavel,82011.03,E_R-SS-140_200624.pdf
353530,Palmital,2024,Res SS 140/2024,2024-06-20,3,fixo,133932.0,E_R-SS-140_200624.pdf
353530,Palmital,2024,Res SS 140/2024,2024-06-20,3,variavel,82011.03,E_R-SS-140_200624.pdf
353530,Palmital,2025,Res SS 13/2025,2025-01-24,1,fixo,111610.0,E_R-SS-13_240125.pdf
353530,Palmital,2025,Res SS 97/2025,2025-05-30,2,fixo,111610.0,E_R-SS-97_300525.pdf
353530,Palmital,2025,Res SS 180/2025,2025-10-08,1+2,variavel,218755.6,E_RS-SS-180_081025.pdf
353530,Palmital,2025,Res SS 230/2025,2025-12-09,2,ajuste,0.0,E_RS-SS-230_091225.pdf
353530,Palmital,2025,Res SS 230/2025,2025-12-09,2025,bonus,334830.0,E_RS-SS-230_091225.pdf
353530,Palmital,2025,Res SS 230/2025,2025-12-09,3,fixo,111610.0,E_RS-SS-230_091225.pdf
353530,Palmital,2025,Res SS 230/2025,2025-12-09,3,variavel,111610.0,E_RS-SS-230_091225.pdf
353530,Palmital,2026,Res SS 111/2026,2026-06-09,1,fixo,111610.0,E_RS-SS-111_090626.pdf
353530,Palmital,2026,Res SS 111/2026,2026-06-09,1,variavel,102123.15,E_RS-SS-111_090626.pdf
353530,Palmital,2026,Res SS 185/2026,2026-09-08,2,fixo,111610.0,E_RS-SS-185_080926.pdf
353530,Palmital,2026,Res SS 185/2026,2026-09-08,2,variavel,87613.85,E_RS-SS-185_080926.pdf
353540,Panorama,2024,Res SS 18/2024,2024-02-08,1,fixo,127552.0,E_R-SS-18_080224.pdf
353540,Panorama,2024,Res SS 140/2024,2024-06-20,2,fixo,127552.0,E_R-SS-140_200624.pdf
353540,Panorama,2024,Res SS 140/2024,2024-06-20,2,variavel,78572.03,E_R-SS-140_200624.pdf
353540,Panorama,2024,Res SS 140/2024,2024-06-20,3,fixo,127552.0,E_R-SS-140_200624.pdf
353540,Panorama,2024,Res SS 140/2024,2024-06-20,3,variavel,78572.03,E_R-SS-140_200624.pdf
353540,Panorama,2025,Res SS 13/2025,2025-01-24,1,fixo,106293.33,E_R-SS-13_240125.pdf
353540,Panorama,2025,Res SS 97/2025,2025-05-30,2,fixo,106293.33,E_R-SS-97_300525.pdf
353540,Panorama,2025,Res SS 180/2025,2025-10-08,1+2,variavel,104167.47,E_RS-SS-180_081025.pdf
353540,Panorama,2025,Res SS 230/2025,2025-12-09,2,ajuste,43792.85,E_RS-SS-230_091225.pdf
353540,Panorama,2025,Res SS 230/2025,2025-12-09,2025,bonus,0.0,E_RS-SS-230_091225.pdf
353540,Panorama,2025,Res SS 230/2025,2025-12-09,3,fixo,106293.33,E_RS-SS-230_091225.pdf
353540,Panorama,2025,Res SS 230/2025,2025-12-09,3,variavel,93803.87,E_RS-SS-230_091225.pdf
353540,Panorama,2026,Res SS 111/2026,2026-06-09,1,fixo,106293.33,E_RS-SS-111_090626.pdf
353540,Panorama,2026,Res SS 111/2026,2026-06-09,1,variavel,94601.07,E_RS-SS-111_090626.pdf
353540,Panorama,2026,Res SS 185/2026,2026-09-08,2,fixo,106293.33,E_RS-SS-185_080926.pdf
353540,Panorama,2026,Res SS 185/2026,2026-09-08,2,variavel,48894.93,E_RS-SS-185_080926.pdf
353550,Paraguaçu Paulista,2024,Res SS 18/2024,2024-02-08,1,fixo,277080.0,E_R-SS-18_080224.pdf
353550,Paraguaçu Paulista,2024,Res SS 140/2024,2024-06-20,2,fixo,277080.0,E_R-SS-140_200624.pdf
353550,Paraguaçu Paulista,2024,Res SS 140/2024,2024-06-20,2,variavel,174745.12,E_R-SS-140_200624.pdf
353550,Paraguaçu Paulista,2024,Res SS 140/2024,2024-06-20,3,fixo,277080.0,E_R-SS-140_200624.pdf
353550,Paraguaçu Paulista,2024,Res SS 140/2024,2024-06-20,3,variavel,174745.12,E_R-SS-140_200624.pdf
353550,Paraguaçu Paulista,2025,Res SS 13/2025,2025-01-24,1,fixo,230900.0,E_R-SS-13_240125.pdf
353550,Paraguaçu Paulista,2025,Res SS 97/2025,2025-05-30,2,fixo,230900.0,E_R-SS-97_300525.pdf
353550,Paraguaçu Paulista,2025,Res SS 180/2025,2025-10-08,1+2,variavel,244754.0,E_RS-SS-180_081025.pdf
353550,Paraguaçu Paulista,2025,Res SS 230/2025,2025-12-09,2,ajuste,85894.8,E_RS-SS-230_091225.pdf
353550,Paraguaçu Paulista,2025,Res SS 230/2025,2025-12-09,2025,bonus,0.0,E_RS-SS-230_091225.pdf
353550,Paraguaçu Paulista,2025,Res SS 230/2025,2025-12-09,3,fixo,230900.0,E_RS-SS-230_091225.pdf
353550,Paraguaçu Paulista,2025,Res SS 230/2025,2025-12-09,3,variavel,205501.0,E_RS-SS-230_091225.pdf
353550,Paraguaçu Paulista,2026,Res SS 111/2026,2026-06-09,1,fixo,230900.0,E_RS-SS-111_090626.pdf
353550,Paraguaçu Paulista,2026,Res SS 111/2026,2026-06-09,1,variavel,195110.5,E_RS-SS-111_090626.pdf
353550,Paraguaçu Paulista,2026,Res SS 185/2026,2026-09-08,2,fixo,230900.0,E_RS-SS-185_080926.pdf
353550,Paraguaçu Paulista,2026,Res SS 185/2026,2026-09-08,2,variavel,150085.0,E_RS-SS-185_080926.pdf
353560,Paraibuna,2024,Res SS 18/2024,2024-02-08,1,fixo,128114.0,E_R-SS-18_080224.pdf
353560,Paraibuna,2024,Res SS 140/2024,2024-06-20,2,fixo,128114.0,E_R-SS-140_200624.pdf
353560,Paraibuna,2024,Res SS 140/2024,2024-06-20,2,variavel,82676.23,E_R-SS-140_200624.pdf
353560,Paraibuna,2024,Res SS 140/2024,2024-06-20,3,fixo,128114.0,E_R-SS-140_200624.pdf
353560,Paraibuna,2024,Res SS 140/2024,2024-06-20,3,variavel,82676.23,E_R-SS-140_200624.pdf
353560,Paraibuna,2025,Res SS 13/2025,2025-01-24,1,fixo,106761.67,E_R-SS-13_240125.pdf
353560,Paraibuna,2025,Res SS 97/2025,2025-05-30,2,fixo,106761.67,E_R-SS-97_300525.pdf
353560,Paraibuna,2025,Res SS 180/2025,2025-10-08,1+2,variavel,140925.4,E_RS-SS-180_081025.pdf
353560,Paraibuna,2025,Res SS 230/2025,2025-12-09,2,ajuste,12918.16,E_RS-SS-230_091225.pdf
353560,Paraibuna,2025,Res SS 230/2025,2025-12-09,2025,bonus,0.0,E_RS-SS-230_091225.pdf
353560,Paraibuna,2025,Res SS 230/2025,2025-12-09,3,fixo,106761.67,E_RS-SS-230_091225.pdf
353560,Paraibuna,2025,Res SS 230/2025,2025-12-09,3,variavel,106761.67,E_RS-SS-230_091225.pdf
353560,Paraibuna,2026,Res SS 111/2026,2026-06-09,1,fixo,106761.67,E_RS-SS-111_090626.pdf
353560,Paraibuna,2026,Res SS 111/2026,2026-06-09,1,variavel,106761.67,E_RS-SS-111_090626.pdf
353560,Paraibuna,2026,Res SS 185/2026,2026-09-08,2,fixo,106761.67,E_RS-SS-185_080926.pdf
353560,Paraibuna,2026,Res SS 185/2026,2026-09-08,2,variavel,71530.32,E_RS-SS-185_080926.pdf
353570,Paraíso,2024,Res SS 18/2024,2024-02-08,1,fixo,19608.0,E_R-SS-18_080224.pdf
353570,Paraíso,2024,Res SS 140/2024,2024-06-20,2,fixo,19608.0,E_R-SS-140_200624.pdf
353570,Paraíso,2024,Res SS 140/2024,2024-06-20,2,variavel,10928.19,E_R-SS-140_200624.pdf
353570,Paraíso,2024,Res SS 140/2024,2024-06-20,3,fixo,19608.0,E_R-SS-140_200624.pdf
353570,Paraíso,2024,Res SS 140/2024,2024-06-20,3,variavel,10928.19,E_R-SS-140_200624.pdf
353570,Paraíso,2025,Res SS 13/2025,2025-01-24,1,fixo,16340.0,E_R-SS-13_240125.pdf
353570,Paraíso,2025,Res SS 97/2025,2025-05-30,2,fixo,16340.0,E_R-SS-97_300525.pdf
353570,Paraíso,2025,Res SS 180/2025,2025-10-08,1+2,variavel,32680.0,E_RS-SS-180_081025.pdf
353570,Paraíso,2025,Res SS 230/2025,2025-12-09,2,ajuste,0.0,E_RS-SS-230_091225.pdf
353570,Paraíso,2025,Res SS 230/2025,2025-12-09,2025,bonus,0.0,E_RS-SS-230_091225.pdf
353570,Paraíso,2025,Res SS 230/2025,2025-12-09,3,fixo,16340.0,E_RS-SS-230_091225.pdf
353570,Paraíso,2025,Res SS 230/2025,2025-12-09,3,variavel,12745.2,E_RS-SS-230_091225.pdf
353570,Paraíso,2026,Res SS 111/2026,2026-06-09,1,fixo,16340.0,E_RS-SS-111_090626.pdf
353570,Paraíso,2026,Res SS 111/2026,2026-06-09,1,variavel,13235.4,E_RS-SS-111_090626.pdf
353570,Paraíso,2026,Res SS 185/2026,2026-09-08,2,fixo,16340.0,E_RS-SS-185_080926.pdf
353570,Paraíso,2026,Res SS 185/2026,2026-09-08,2,variavel,6862.8,E_RS-SS-185_080926.pdf
353580,Paranapanema,2024,Res SS 18/2024,2024-02-08,1,fixo,123528.0,E_R-SS-18_080224.pdf
353580,Paranapanema,2024,Res SS 140/2024,2024-06-20,2,fixo,123528.0,E_R-SS-140_200624.pdf
353580,Paranapanema,2024,Res SS 140/2024,2024-06-20,2,variavel,60528.72,E_R-SS-140_200624.pdf
353580,Paranapanema,2024,Res SS 140/2024,2024-06-20,3,fixo,123528.0,E_R-SS-140_200624.pdf
353580,Paranapanema,2024,Res SS 140/2024,2024-06-20,3,variavel,60528.72,E_R-SS-140_200624.pdf
353580,Paranapanema,2025,Res SS 13/2025,2025-01-24,1,fixo,102940.0,E_R-SS-13_240125.pdf
353580,Paranapanema,2025,Res SS 97/2025,2025-05-30,2,fixo,102940.0,E_R-SS-97_300525.pdf
353580,Paranapanema,2025,Res SS 180/2025,2025-10-08,1+2,variavel,189409.6,E_RS-SS-180_081025.pdf
353580,Paranapanema,2025,Res SS 230/2025,2025-12-09,2,ajuste,4941.12,E_RS-SS-230_091225.pdf
353580,Paranapanema,2025,Res SS 230/2025,2025-12-09,2025,bonus,308820.0,E_RS-SS-230_091225.pdf
353580,Paranapanema,2025,Res SS 230/2025,2025-12-09,3,fixo,102940.0,E_RS-SS-230_091225.pdf
353580,Paranapanema,2025,Res SS 230/2025,2025-12-09,3,variavel,97535.65,E_RS-SS-230_091225.pdf
353580,Paranapanema,2026,Res SS 111/2026,2026-06-09,1,fixo,102940.0,E_RS-SS-111_090626.pdf
353580,Paranapanema,2026,Res SS 111/2026,2026-06-09,1,variavel,69484.5,E_RS-SS-111_090626.pdf
353580,Paranapanema,2026,Res SS 185/2026,2026-09-08,2,fixo,102940.0,E_RS-SS-185_080926.pdf
353580,Paranapanema,2026,Res SS 185/2026,2026-09-08,2,variavel,76175.6,E_RS-SS-185_080926.pdf
353590,Paranapuã,2024,Res SS 18/2024,2024-02-08,1,fixo,24672.0,E_R-SS-18_080224.pdf
353590,Paranapuã,2024,Res SS 140/2024,2024-06-20,2,fixo,24672.0,E_R-SS-140_200624.pdf
353590,Paranapuã,2024,Res SS 140/2024,2024-06-20,2,variavel,15559.81,E_R-SS-140_200624.pdf
353590,Paranapuã,2024,Res SS 140/2024,2024-06-20,3,fixo,24672.0,E_R-SS-140_200624.pdf
353590,Paranapuã,2024,Res SS 140/2024,2024-06-20,3,variavel,15559.81,E_R-SS-140_200624.pdf
353590,Paranapuã,2025,Res SS 13/2025,2025-01-24,1,fixo,20560.0,E_R-SS-13_240125.pdf
353590,Paranapuã,2025,Res SS 97/2025,2025-05-30,2,fixo,20560.0,E_R-SS-97_300525.pdf
353590,Paranapuã,2025,Res SS 180/2025,2025-10-08,1+2,variavel,20971.2,E_RS-SS-180_081025.pdf
353590,Paranapuã,2025,Res SS 230/2025,2025-12-09,2,ajuste,7607.2,E_RS-SS-230_091225.pdf
353590,Paranapuã,2025,Res SS 230/2025,2025-12-09,2025,bonus,0.0,E_RS-SS-230_091225.pdf
353590,Paranapuã,2025,Res SS 230/2025,2025-12-09,3,fixo,20560.0,E_RS-SS-230_091225.pdf
353590,Paranapuã,2025,Res SS 230/2025,2025-12-09,3,variavel,20560.0,E_RS-SS-230_091225.pdf
353590,Paranapuã,2026,Res SS 111/2026,2026-06-09,1,fixo,20560.0,E_RS-SS-111_090626.pdf
353590,Paranapuã,2026,Res SS 111/2026,2026-06-09,1,variavel,20560.0,E_RS-SS-111_090626.pdf
353590,Paranapuã,2026,Res SS 185/2026,2026-09-08,2,fixo,20560.0,E_RS-SS-185_080926.pdf
353590,Paranapuã,2026,Res SS 185/2026,2026-09-08,2,variavel,19120.8,E_RS-SS-185_080926.pdf
353600,Parapuã,2024,Res SS 18/2024,2024-02-08,1,fixo,65604.0,E_R-SS-18_080224.pdf
353600,Parapuã,2024,Res SS 140/2024,2024-06-20,2,fixo,65604.0,E_R-SS-140_200624.pdf
353600,Parapuã,2024,Res SS 140/2024,2024-06-20,2,variavel,36563.3,E_R-SS-140_200624.pdf
353600,Parapuã,2024,Res SS 140/2024,2024-06-20,3,fixo,65604.0,E_R-SS-140_200624.pdf
353600,Parapuã,2024,Res SS 140/2024,2024-06-20,3,variavel,36563.3,E_R-SS-140_200624.pdf
353600,Parapuã,2025,Res SS 13/2025,2025-01-24,1,fixo,54670.0,E_R-SS-13_240125.pdf
353600,Parapuã,2025,Res SS 97/2025,2025-05-30,2,fixo,54670.0,E_R-SS-97_300525.pdf
353600,Parapuã,2025,Res SS 180/2025,2025-10-08,1+2,variavel,107153.2,E_RS-SS-180_081025.pdf
353600,Parapuã,2025,Res SS 230/2025,2025-12-09,2,ajuste,1093.4,E_RS-SS-230_091225.pdf
353600,Parapuã,2025,Res SS 230/2025,2025-12-09,2025,bonus,164010.0,E_RS-SS-230_091225.pdf
353600,Parapuã,2025,Res SS 230/2025,2025-12-09,3,fixo,54670.0,E_RS-SS-230_091225.pdf
353600,Parapuã,2025,Res SS 230/2025,2025-12-09,3,variavel,52619.88,E_RS-SS-230_091225.pdf
353600,Parapuã,2026,Res SS 111/2026,2026-06-09,1,fixo,54670.0,E_RS-SS-111_090626.pdf
353600,Parapuã,2026,Res SS 111/2026,2026-06-09,1,variavel,46469.5,E_RS-SS-111_090626.pdf
353600,Parapuã,2026,Res SS 185/2026,2026-09-08,2,fixo,54670.0,E_RS-SS-185_080926.pdf
353600,Parapuã,2026,Res SS 185/2026,2026-09-08,2,variavel,25148.2,E_RS-SS-185_080926.pdf
353610,Pardinho,2024,Res SS 18/2024,2024-02-08,1,fixo,19737.0,E_R-SS-18_080224.pdf
353610,Pardinho,2024,Res SS 140/2024,2024-06-20,2,fixo,19737.0,E_R-SS-140_200624.pdf
353610,Pardinho,2024,Res SS 140/2024,2024-06-20,2,variavel,9842.18,E_R-SS-140_200624.pdf
353610,Pardinho,2024,Res SS 140/2024,2024-06-20,3,fixo,19737.0,E_R-SS-140_200624.pdf
353610,Pardinho,2024,Res SS 140/2024,2024-06-20,3,variavel,9842.18,E_R-SS-140_200624.pdf
353610,Pardinho,2025,Res SS 13/2025,2025-01-24,1,fixo,16447.5,E_R-SS-13_240125.pdf
353610,Pardinho,2025,Res SS 97/2025,2025-05-30,2,fixo,16447.5,E_R-SS-97_300525.pdf
353610,Pardinho,2025,Res SS 180/2025,2025-10-08,1+2,variavel,27960.75,E_RS-SS-180_081025.pdf
353610,Pardinho,2025,Res SS 230/2025,2025-12-09,2,ajuste,1217.12,E_RS-SS-230_091225.pdf
353610,Pardinho,2025,Res SS 230/2025,2025-12-09,2025,bonus,0.0,E_RS-SS-230_091225.pdf
353610,Pardinho,2025,Res SS 230/2025,2025-12-09,3,fixo,16447.5,E_RS-SS-230_091225.pdf
353610,Pardinho,2025,Res SS 230/2025,2025-12-09,3,variavel,11019.83,E_RS-SS-230_091225.pdf
353610,Pardinho,2026,Res SS 111/2026,2026-06-09,1,fixo,16447.5,E_RS-SS-111_090626.pdf
353610,Pardinho,2026,Res SS 111/2026,2026-06-09,1,variavel,16118.55,E_RS-SS-111_090626.pdf
353610,Pardinho,2026,Res SS 185/2026,2026-09-08,2,fixo,16447.5,E_RS-SS-185_080926.pdf
353610,Pardinho,2026,Res SS 185/2026,2026-09-08,2,variavel,16118.55,E_RS-SS-185_080926.pdf
353620,Pariquera-Açu,2024,Res SS 18/2024,2024-02-08,1,fixo,138579.0,E_R-SS-18_080224.pdf
353620,Pariquera-Açu,2024,Res SS 140/2024,2024-06-20,2,fixo,138579.0,E_R-SS-140_200624.pdf
353620,Pariquera-Açu,2024,Res SS 140/2024,2024-06-20,2,variavel,83332.17,E_R-SS-140_200624.pdf
353620,Pariquera-Açu,2024,Res SS 140/2024,2024-06-20,3,fixo,138579.0,E_R-SS-140_200624.pdf
353620,Pariquera-Açu,2024,Res SS 140/2024,2024-06-20,3,variavel,83332.17,E_R-SS-140_200624.pdf
353620,Pariquera-Açu,2025,Res SS 13/2025,2025-01-24,1,fixo,115482.5,E_R-SS-13_240125.pdf
353620,Pariquera-Açu,2025,Res SS 97/2025,2025-05-30,2,fixo,115482.5,E_R-SS-97_300525.pdf
353620,Pariquera-Açu,2025,Res SS 180/2025,2025-10-08,1+2,variavel,92386.0,E_RS-SS-180_081025.pdf
353620,Pariquera-Açu,2025,Res SS 230/2025,2025-12-09,2,ajuste,55431.6,E_RS-SS-230_091225.pdf
353620,Pariquera-Açu,2025,Res SS 230/2025,2025-12-09,2025,bonus,0.0,E_RS-SS-230_091225.pdf
353620,Pariquera-Açu,2025,Res SS 230/2025,2025-12-09,3,fixo,115482.5,E_RS-SS-230_091225.pdf
353620,Pariquera-Açu,2025,Res SS 230/2025,2025-12-09,3,variavel,57741.25,E_RS-SS-230_091225.pdf
353620,Pariquera-Açu,2026,Res SS 111/2026,2026-06-09,1,fixo,115482.5,E_RS-SS-111_090626.pdf
353620,Pariquera-Açu,2026,Res SS 111/2026,2026-06-09,1,variavel,88344.11,E_RS-SS-111_090626.pdf
353620,Pariquera-Açu,2026,Res SS 185/2026,2026-09-08,2,fixo,115482.5,E_RS-SS-185_080926.pdf
353620,Pariquera-Açu,2026,Res SS 185/2026,2026-09-08,2,variavel,80837.75,E_RS-SS-185_080926.pdf
353625,Parisi,2024,Res SS 18/2024,2024-02-08,1,fixo,15239.0,E_R-SS-18_080224.pdf
353625,Parisi,2024,Res SS 140/2024,2024-06-20,2,fixo,15239.0,E_R-SS-140_200624.pdf
353625,Parisi,2024,Res SS 140/2024,2024-06-20,2,variavel,10159.33,E_R-SS-140_200624.pdf
353625,Parisi,2024,Res SS 140/2024,2024-06-20,3,fixo,15239.0,E_R-SS-140_200624.pdf
353625,Parisi,2024,Res SS 140/2024,2024-06-20,3,variavel,10159.33,E_R-SS-140_200624.pdf
353625,Parisi,2025,Res SS 13/2025,2025-01-24,1,fixo,12699.17,E_R-SS-13_240125.pdf
353625,Parisi,2025,Res SS 97/2025,2025-05-30,2,fixo,12699.17,E_R-SS-97_300525.pdf
353625,Parisi,2025,Res SS 180/2025,2025-10-08,1+2,variavel,24636.38,E_RS-SS-180_081025.pdf
353625,Parisi,2025,Res SS 230/2025,2025-12-09,2,ajuste,0.0,E_RS-SS-230_091225.pdf
353625,Parisi,2025,Res SS 230/2025,2025-12-09,2025,bonus,0.0,E_RS-SS-230_091225.pdf
353625,Parisi,2025,Res SS 230/2025,2025-12-09,3,fixo,12699.17,E_RS-SS-230_091225.pdf
353625,Parisi,2025,Res SS 230/2025,2025-12-09,3,variavel,9841.85,E_RS-SS-230_091225.pdf
353625,Parisi,2026,Res SS 111/2026,2026-06-09,1,fixo,12699.17,E_RS-SS-111_090626.pdf
353625,Parisi,2026,Res SS 111/2026,2026-06-09,1,variavel,12699.17,E_RS-SS-111_090626.pdf
353625,Parisi,2026,Res SS 185/2026,2026-09-08,2,fixo,12699.17,E_RS-SS-185_080926.pdf
353625,Parisi,2026,Res SS 185/2026,2026-09-08,2,variavel,11905.47,E_RS-SS-185_080926.pdf
353630,Patrocínio Paulista,2024,Res SS 18/2024,2024-02-08,1,fixo,89646.0,E_R-SS-18_080224.pdf
353630,Patrocínio Paulista,2024,Res SS 140/2024,2024-06-20,2,fixo,89646.0,E_R-SS-140_200624.pdf
353630,Patrocínio Paulista,2024,Res SS 140/2024,2024-06-20,2,variavel,28597.07,E_R-SS-140_200624.pdf
353630,Patrocínio Paulista,2024,Res SS 140/2024,2024-06-20,3,fixo,89646.0,E_R-SS-140_200624.pdf
353630,Patrocínio Paulista,2024,Res SS 140/2024,2024-06-20,3,variavel,28597.07,E_R-SS-140_200624.pdf
353630,Patrocínio Paulista,2025,Res SS 13/2025,2025-01-24,1,fixo,74705.0,E_R-SS-13_240125.pdf
353630,Patrocínio Paulista,2025,Res SS 97/2025,2025-05-30,2,fixo,74705.0,E_R-SS-97_300525.pdf
353630,Patrocínio Paulista,2025,Res SS 180/2025,2025-10-08,1+2,variavel,50799.4,E_RS-SS-180_081025.pdf
353630,Patrocínio Paulista,2025,Res SS 230/2025,2025-12-09,2,ajuste,0.0,E_RS-SS-230_091225.pdf
353630,Patrocínio Paulista,2025,Res SS 230/2025,2025-12-09,2025,bonus,0.0,E_RS-SS-230_091225.pdf
353630,Patrocínio Paulista,2025,Res SS 230/2025,2025-12-09,3,fixo,74705.0,E_RS-SS-230_091225.pdf
353630,Patrocínio Paulista,2025,Res SS 230/2025,2025-12-09,3,variavel,41087.75,E_RS-SS-230_091225.pdf
353630,Patrocínio Paulista,2026,Res SS 111/2026,2026-06-09,1,fixo,74705.0,E_RS-SS-111_090626.pdf
353630,Patrocínio Paulista,2026,Res SS 111/2026,2026-06-09,1,variavel,49305.3,E_RS-SS-111_090626.pdf
353630,Patrocínio Paulista,2026,Res SS 185/2026,2026-09-08,2,fixo,74705.0,E_RS-SS-185_080926.pdf
353630,Patrocínio Paulista,2026,Res SS 185/2026,2026-09-08,2,variavel,29882.0,E_RS-SS-185_080926.pdf
353640,Paulicéia,2024,Res SS 18/2024,2024-02-08,1,fixo,52780.0,E_R-SS-18_080224.pdf
353640,Paulicéia,2024,Res SS 140/2024,2024-06-20,2,fixo,52780.0,E_R-SS-140_200624.pdf
353640,Paulicéia,2024,Res SS 140/2024,2024-06-20,2,variavel,34060.69,E_R-SS-140_200624.pdf
353640,Paulicéia,2024,Res SS 140/2024,2024-06-20,3,fixo,52780.0,E_R-SS-140_200624.pdf
353640,Paulicéia,2024,Res SS 140/2024,2024-06-20,3,variavel,34060.69,E_R-SS-140_200624.pdf
353640,Paulicéia,2025,Res SS 13/2025,2025-01-24,1,fixo,43983.33,E_R-SS-13_240125.pdf
353640,Paulicéia,2025,Res SS 97/2025,2025-05-30,2,fixo,43983.33,E_R-SS-97_300525.pdf
353640,Paulicéia,2025,Res SS 180/2025,2025-10-08,1+2,variavel,43103.67,E_RS-SS-180_081025.pdf
353640,Paulicéia,2025,Res SS 230/2025,2025-12-09,2,ajuste,15943.96,E_RS-SS-230_091225.pdf
353640,Paulicéia,2025,Res SS 230/2025,2025-12-09,2025,bonus,0.0,E_RS-SS-230_091225.pdf
353640,Paulicéia,2025,Res SS 230/2025,2025-12-09,3,fixo,43983.33,E_RS-SS-230_091225.pdf
353640,Paulicéia,2025,Res SS 230/2025,2025-12-09,3,variavel,33427.33,E_RS-SS-230_091225.pdf
353640,Paulicéia,2026,Res SS 111/2026,2026-06-09,1,fixo,43983.33,E_RS-SS-111_090626.pdf
353640,Paulicéia,2026,Res SS 111/2026,2026-06-09,1,variavel,42663.83,E_RS-SS-111_090626.pdf
353640,Paulicéia,2026,Res SS 185/2026,2026-09-08,2,fixo,43983.33,E_RS-SS-185_080926.pdf
353640,Paulicéia,2026,Res SS 185/2026,2026-09-08,2,variavel,36946.0,E_RS-SS-185_080926.pdf
353650,Paulínia,2024,Res SS 18/2024,2024-02-08,1,fixo,343524.0,E_R-SS-18_080224.pdf
353650,Paulínia,2024,Res SS 140/2024,2024-06-20,2,fixo,343524.0,E_R-SS-140_200624.pdf
353650,Paulínia,2024,Res SS 140/2024,2024-06-20,2,variavel,178632.48,E_R-SS-140_200624.pdf
353650,Paulínia,2024,Res SS 140/2024,2024-06-20,3,fixo,343524.0,E_R-SS-140_200624.pdf
353650,Paulínia,2024,Res SS 140/2024,2024-06-20,3,variavel,178632.48,E_R-SS-140_200624.pdf
353650,Paulínia,2025,Res SS 13/2025,2025-01-24,1,fixo,286270.0,E_R-SS-13_240125.pdf
353650,Paulínia,2025,Res SS 97/2025,2025-05-30,2,fixo,286270.0,E_R-SS-97_300525.pdf
353650,Paulínia,2025,Res SS 180/2025,2025-10-08,1+2,variavel,291995.4,E_RS-SS-180_081025.pdf
353650,Paulínia,2025,Res SS 230/2025,2025-12-09,2,ajuste,112217.84,E_RS-SS-230_091225.pdf
353650,Paulínia,2025,Res SS 230/2025,2025-12-09,2025,bonus,0.0,E_RS-SS-230_091225.pdf
353650,Paulínia,2025,Res SS 230/2025,2025-12-09,3,fixo,286270.0,E_RS-SS-230_091225.pdf
353650,Paulínia,2025,Res SS 230/2025,2025-12-09,3,variavel,267662.45,E_RS-SS-230_091225.pdf
353650,Paulínia,2026,Res SS 111/2026,2026-06-09,1,fixo,286270.0,E_RS-SS-111_090626.pdf
353650,Paulínia,2026,Res SS 111/2026,2026-06-09,1,variavel,280544.6,E_RS-SS-111_090626.pdf
353650,Paulínia,2026,Res SS 185/2026,2026-09-08,2,fixo,286270.0,E_RS-SS-185_080926.pdf
353650,Paulínia,2026,Res SS 185/2026,2026-09-08,2,variavel,213271.15,E_RS-SS-185_080926.pdf
353657,Paulistânia,2024,Res SS 18/2024,2024-02-08,1,fixo,12845.0,E_R-SS-18_080224.pdf
353657,Paulistânia,2024,Res SS 140/2024,2024-06-20,2,fixo,12845.0,E_R-SS-140_200624.pdf
353657,Paulistânia,2024,Res SS 140/2024,2024-06-20,2,variavel,8563.33,E_R-SS-140_200624.pdf
353657,Paulistânia,2024,Res SS 140/2024,2024-06-20,3,fixo,12845.0,E_R-SS-140_200624.pdf
353657,Paulistânia,2024,Res SS 140/2024,2024-06-20,3,variavel,8563.33,E_R-SS-140_200624.pdf
353657,Paulistânia,2025,Res SS 13/2025,2025-01-24,1,fixo,10704.17,E_R-SS-13_240125.pdf
353657,Paulistânia,2025,Res SS 97/2025,2025-05-30,2,fixo,10704.17,E_R-SS-97_300525.pdf
353657,Paulistânia,2025,Res SS 180/2025,2025-10-08,1+2,variavel,21408.33,E_RS-SS-180_081025.pdf
353657,Paulistânia,2025,Res SS 230/2025,2025-12-09,2,ajuste,0.0,E_RS-SS-230_091225.pdf
353657,Paulistânia,2025,Res SS 230/2025,2025-12-09,2025,bonus,0.0,E_RS-SS-230_091225.pdf
353657,Paulistânia,2025,Res SS 230/2025,2025-12-09,3,fixo,10704.17,E_RS-SS-230_091225.pdf
353657,Paulistânia,2025,Res SS 230/2025,2025-12-09,3,variavel,10383.04,E_RS-SS-230_091225.pdf
353657,Paulistânia,2026,Res SS 111/2026,2026-06-09,1,fixo,10704.17,E_RS-SS-111_090626.pdf
353657,Paulistânia,2026,Res SS 111/2026,2026-06-09,1,variavel,10704.17,E_RS-SS-111_090626.pdf
353657,Paulistânia,2026,Res SS 185/2026,2026-09-08,2,fixo,10704.17,E_RS-SS-185_080926.pdf
353657,Paulistânia,2026,Res SS 185/2026,2026-09-08,2,variavel,9125.3,E_RS-SS-185_080926.pdf
353660,Paulo De Faria,2024,Res SS 18/2024,2024-02-08,1,fixo,62811.0,E_R-SS-18_080224.pdf
353660,Paulo De Faria,2024,Res SS 140/2024,2024-06-20,2,fixo,62811.0,E_R-SS-140_200624.pdf
353660,Paulo De Faria,2024,Res SS 140/2024,2024-06-20,2,variavel,41874.0,E_R-SS-140_200624.pdf
353660,Paulo De Faria,2024,Res SS 140/2024,2024-06-20,3,fixo,62811.0,E_R-SS-140_200624.pdf
353660,Paulo De Faria,2024,Res SS 140/2024,2024-06-20,3,variavel,41874.0,E_R-SS-140_200624.pdf
353660,Paulo De Faria,2025,Res SS 13/2025,2025-01-24,1,fixo,52342.5,E_R-SS-13_240125.pdf
353660,Paulo De Faria,2025,Res SS 97/2025,2025-05-30,2,fixo,52342.5,E_R-SS-97_300525.pdf
353660,Paulo De Faria,2025,Res SS 180/2025,2025-10-08,1+2,variavel,97357.05,E_RS-SS-180_081025.pdf
353660,Paulo De Faria,2025,Res SS 230/2025,2025-12-09,2,ajuste,3663.98,E_RS-SS-230_091225.pdf
353660,Paulo De Faria,2025,Res SS 230/2025,2025-12-09,2025,bonus,0.0,E_RS-SS-230_091225.pdf
353660,Paulo De Faria,2025,Res SS 230/2025,2025-12-09,3,fixo,52342.5,E_RS-SS-230_091225.pdf
353660,Paulo De Faria,2025,Res SS 230/2025,2025-12-09,3,variavel,36116.33,E_RS-SS-230_091225.pdf
353660,Paulo De Faria,2026,Res SS 111/2026,2026-06-09,1,fixo,52342.5,E_RS-SS-111_090626.pdf
353660,Paulo De Faria,2026,Res SS 111/2026,2026-06-09,1,variavel,52342.5,E_RS-SS-111_090626.pdf
353660,Paulo De Faria,2026,Res SS 185/2026,2026-09-08,2,fixo,52342.5,E_RS-SS-185_080926.pdf
353660,Paulo De Faria,2026,Res SS 185/2026,2026-09-08,2,variavel,35069.48,E_RS-SS-185_080926.pdf
353670,Pederneiras,2024,Res SS 18/2024,2024-02-08,1,fixo,237615.0,E_R-SS-18_080224.pdf
353670,Pederneiras,2024,Res SS 140/2024,2024-06-20,2,fixo,237615.0,E_R-SS-140_200624.pdf
353670,Pederneiras,2024,Res SS 140/2024,2024-06-20,2,variavel,97422.15,E_R-SS-140_200624.pdf
353670,Pederneiras,2024,Res SS 140/2024,2024-06-20,3,fixo,237615.0,E_R-SS-140_200624.pdf
353670,Pederneiras,2024,Res SS 140/2024,2024-06-20,3,variavel,97422.15,E_R-SS-140_200624.pdf
353670,Pederneiras,2025,Res SS 13/2025,2025-01-24,1,fixo,198012.5,E_R-SS-13_240125.pdf
353670,Pederneiras,2025,Res SS 97/2025,2025-05-30,2,fixo,198012.5,E_R-SS-97_300525.pdf
353670,Pederneiras,2025,Res SS 180/2025,2025-10-08,1+2,variavel,150489.5,E_RS-SS-180_081025.pdf
353670,Pederneiras,2025,Res SS 230/2025,2025-12-09,2,ajuste,112075.08,E_RS-SS-230_091225.pdf
353670,Pederneiras,2025,Res SS 230/2025,2025-12-09,2025,bonus,0.0,E_RS-SS-230_091225.pdf
353670,Pederneiras,2025,Res SS 230/2025,2025-12-09,3,fixo,198012.5,E_RS-SS-230_091225.pdf
353670,Pederneiras,2025,Res SS 230/2025,2025-12-09,3,variavel,117817.44,E_RS-SS-230_091225.pdf
353670,Pederneiras,2026,Res SS 111/2026,2026-06-09,1,fixo,198012.5,E_RS-SS-111_090626.pdf
353670,Pederneiras,2026,Res SS 111/2026,2026-06-09,1,variavel,150489.5,E_RS-SS-111_090626.pdf
353670,Pederneiras,2026,Res SS 185/2026,2026-09-08,2,fixo,198012.5,E_RS-SS-185_080926.pdf
353670,Pederneiras,2026,Res SS 185/2026,2026-09-08,2,variavel,91085.75,E_RS-SS-185_080926.pdf
353680,Pedra Bela,2024,Res SS 18/2024,2024-02-08,1,fixo,49016.0,E_R-SS-18_080224.pdf
353680,Pedra Bela,2024,Res SS 140/2024,2024-06-20,2,fixo,49016.0,E_R-SS-140_200624.pdf
353680,Pedra Bela,2024,Res SS 140/2024,2024-06-20,2,variavel,18691.43,E_R-SS-140_200624.pdf
353680,Pedra Bela,2024,Res SS 140/2024,2024-06-20,3,fixo,49016.0,E_R-SS-140_200624.pdf
353680,Pedra Bela,2024,Res SS 140/2024,2024-06-20,3,variavel,18691.43,E_R-SS-140_200624.pdf
353680,Pedra Bela,2025,Res SS 13/2025,2025-01-24,1,fixo,40846.67,E_R-SS-13_240125.pdf
353680,Pedra Bela,2025,Res SS 97/2025,2025-05-30,2,fixo,40846.67,E_R-SS-97_300525.pdf
353680,Pedra Bela,2025,Res SS 180/2025,2025-10-08,1+2,variavel,40029.73,E_RS-SS-180_081025.pdf
353680,Pedra Bela,2025,Res SS 230/2025,2025-12-09,2,ajuste,13683.63,E_RS-SS-230_091225.pdf
353680,Pedra Bela,2025,Res SS 230/2025,2025-12-09,2025,bonus,0.0,E_RS-SS-230_091225.pdf
353680,Pedra Bela,2025,Res SS 230/2025,2025-12-09,3,fixo,40846.67,E_RS-SS-230_091225.pdf
353680,Pedra Bela,2025,Res SS 230/2025,2025-12-09,3,variavel,32064.63,E_RS-SS-230_091225.pdf
353680,Pedra Bela,2026,Res SS 111/2026,2026-06-09,1,fixo,40846.67,E_RS-SS-111_090626.pdf
353680,Pedra Bela,2026,Res SS 111/2026,2026-06-09,1,variavel,31247.7,E_RS-SS-111_090626.pdf
353680,Pedra Bela,2026,Res SS 185/2026,2026-09-08,2,fixo,40846.67,E_RS-SS-185_080926.pdf
353680,Pedra Bela,2026,Res SS 185/2026,2026-09-08,2,variavel,23282.6,E_RS-SS-185_080926.pdf
353690,Pedranópolis,2024,Res SS 18/2024,2024-02-08,1,fixo,14808.0,E_R-SS-18_080224.pdf
353690,Pedranópolis,2024,Res SS 140/2024,2024-06-20,2,fixo,14808.0,E_R-SS-140_200624.pdf
353690,Pedranópolis,2024,Res SS 140/2024,2024-06-20,2,variavel,8252.99,E_R-SS-140_200624.pdf
353690,Pedranópolis,2024,Res SS 140/2024,2024-06-20,3,fixo,14808.0,E_R-SS-140_200624.pdf
353690,Pedranópolis,2024,Res SS 140/2024,2024-06-20,3,variavel,8252.99,E_R-SS-140_200624.pdf
353690,Pedranópolis,2025,Res SS 13/2025,2025-01-24,1,fixo,12340.0,E_R-SS-13_240125.pdf
353690,Pedranópolis,2025,Res SS 97/2025,2025-05-30,2,fixo,12340.0,E_R-SS-97_300525.pdf
353690,Pedranópolis,2025,Res SS 180/2025,2025-10-08,1+2,variavel,23199.2,E_RS-SS-180_081025.pdf
353690,Pedranópolis,2025,Res SS 230/2025,2025-12-09,2,ajuste,0.0,E_RS-SS-230_091225.pdf
353690,Pedranópolis,2025,Res SS 230/2025,2025-12-09,2025,bonus,0.0,E_RS-SS-230_091225.pdf
353690,Pedranópolis,2025,Res SS 230/2025,2025-12-09,3,fixo,12340.0,E_RS-SS-230_091225.pdf
353690,Pedranópolis,2025,Res SS 230/2025,2025-12-09,3,variavel,7280.6,E_RS-SS-230_091225.pdf
353690,Pedranópolis,2026,Res SS 111/2026,2026-06-09,1,fixo,12340.0,E_RS-SS-111_090626.pdf
353690,Pedranópolis,2026,Res SS 111/2026,2026-06-09,1,variavel,9872.0,E_RS-SS-111_090626.pdf
353690,Pedranópolis,2026,Res SS 185/2026,2026-09-08,2,fixo,12340.0,E_RS-SS-185_080926.pdf
353690,Pedranópolis,2026,Res SS 185/2026,2026-09-08,2,variavel,11476.2,E_RS-SS-185_080926.pdf
353700,Pedregulho,2024,Res SS 18/2024,2024-02-08,1,fixo,101256.0,E_R-SS-18_080224.pdf
353700,Pedregulho,2024,Res SS 140/2024,2024-06-20,2,fixo,101256.0,E_R-SS-140_200624.pdf
353700,Pedregulho,2024,Res SS 140/2024,2024-06-20,2,variavel,56703.36,E_R-SS-140_200624.pdf
353700,Pedregulho,2024,Res SS 140/2024,2024-06-20,3,fixo,101256.0,E_R-SS-140_200624.pdf
353700,Pedregulho,2024,Res SS 140/2024,2024-06-20,3,variavel,56703.36,E_R-SS-140_200624.pdf
353700,Pedregulho,2025,Res SS 13/2025,2025-01-24,1,fixo,84380.0,E_R-SS-13_240125.pdf
353700,Pedregulho,2025,Res SS 97/2025,2025-05-30,2,fixo,84380.0,E_R-SS-97_300525.pdf
353700,Pedregulho,2025,Res SS 180/2025,2025-10-08,1+2,variavel,54003.2,E_RS-SS-180_081025.pdf
353700,Pedregulho,2025,Res SS 230/2025,2025-12-09,2,ajuste,57378.4,E_RS-SS-230_091225.pdf
353700,Pedregulho,2025,Res SS 230/2025,2025-12-09,2025,bonus,0.0,E_RS-SS-230_091225.pdf
353700,Pedregulho,2025,Res SS 230/2025,2025-12-09,3,fixo,84380.0,E_RS-SS-230_091225.pdf
353700,Pedregulho,2025,Res SS 230/2025,2025-12-09,3,variavel,55268.9,E_RS-SS-230_091225.pdf
353700,Pedregulho,2026,Res SS 111/2026,2026-06-09,1,fixo,84380.0,E_RS-SS-111_090626.pdf
353700,Pedregulho,2026,Res SS 111/2026,2026-06-09,1,variavel,84380.0,E_RS-SS-111_090626.pdf
353700,Pedregulho,2026,Res SS 185/2026,2026-09-08,2,fixo,84380.0,E_RS-SS-185_080926.pdf
353700,Pedregulho,2026,Res SS 185/2026,2026-09-08,2,variavel,53159.4,E_RS-SS-185_080926.pdf
353710,Pedreira,2024,Res SS 18/2024,2024-02-08,1,fixo,146976.0,E_R-SS-18_080224.pdf
353710,Pedreira,2024,Res SS 140/2024,2024-06-20,2,fixo,146976.0,E_R-SS-140_200624.pdf
353710,Pedreira,2024,Res SS 140/2024,2024-06-20,2,variavel,94848.51,E_R-SS-140_200624.pdf
353710,Pedreira,2024,Res SS 140/2024,2024-06-20,3,fixo,146976.0,E_R-SS-140_200624.pdf
353710,Pedreira,2024,Res SS 140/2024,2024-06-20,3,variavel,94848.51,E_R-SS-140_200624.pdf
353710,Pedreira,2025,Res SS 13/2025,2025-01-24,1,fixo,122480.0,E_R-SS-13_240125.pdf
353710,Pedreira,2025,Res SS 97/2025,2025-05-30,2,fixo,122480.0,E_R-SS-97_300525.pdf
353710,Pedreira,2025,Res SS 180/2025,2025-10-08,1+2,variavel,240060.8,E_RS-SS-180_081025.pdf
353710,Pedreira,2025,Res SS 230/2025,2025-12-09,2,ajuste,0.0,E_RS-SS-230_091225.pdf
353710,Pedreira,2025,Res SS 230/2025,2025-12-09,2025,bonus,0.0,E_RS-SS-230_091225.pdf
353710,Pedreira,2025,Res SS 230/2025,2025-12-09,3,fixo,122480.0,E_RS-SS-230_091225.pdf
353710,Pedreira,2025,Res SS 230/2025,2025-12-09,3,variavel,116049.8,E_RS-SS-230_091225.pdf
353710,Pedreira,2026,Res SS 111/2026,2026-06-09,1,fixo,122480.0,E_RS-SS-111_090626.pdf
353710,Pedreira,2026,Res SS 111/2026,2026-06-09,1,variavel,101046.0,E_RS-SS-111_090626.pdf
353710,Pedreira,2026,Res SS 185/2026,2026-09-08,2,fixo,122480.0,E_RS-SS-185_080926.pdf
353710,Pedreira,2026,Res SS 185/2026,2026-09-08,2,variavel,61240.0,E_RS-SS-185_080926.pdf
353715,Pedrinhas Paulista,2024,Res SS 18/2024,2024-02-08,1,fixo,18654.0,E_R-SS-18_080224.pdf
353715,Pedrinhas Paulista,2024,Res SS 140/2024,2024-06-20,2,fixo,18654.0,E_R-SS-140_200624.pdf
353715,Pedrinhas Paulista,2024,Res SS 140/2024,2024-06-20,2,variavel,12311.64,E_R-SS-140_200624.pdf
353715,Pedrinhas Paulista,2024,Res SS 140/2024,2024-06-20,3,fixo,18654.0,E_R-SS-140_200624.pdf
353715,Pedrinhas Paulista,2024,Res SS 140/2024,2024-06-20,3,variavel,12311.64,E_R-SS-140_200624.pdf
353715,Pedrinhas Paulista,2025,Res SS 13/2025,2025-01-24,1,fixo,15545.0,E_R-SS-13_240125.pdf
353715,Pedrinhas Paulista,2025,Res SS 97/2025,2025-05-30,2,fixo,15545.0,E_R-SS-97_300525.pdf
353715,Pedrinhas Paulista,2025,Res SS 180/2025,2025-10-08,1+2,variavel,27981.0,E_RS-SS-180_081025.pdf
353715,Pedrinhas Paulista,2025,Res SS 230/2025,2025-12-09,2,ajuste,0.0,E_RS-SS-230_091225.pdf
353715,Pedrinhas Paulista,2025,Res SS 230/2025,2025-12-09,2025,bonus,0.0,E_RS-SS-230_091225.pdf
353715,Pedrinhas Paulista,2025,Res SS 230/2025,2025-12-09,3,fixo,15545.0,E_RS-SS-230_091225.pdf
353715,Pedrinhas Paulista,2025,Res SS 230/2025,2025-12-09,3,variavel,15545.0,E_RS-SS-230_091225.pdf
353715,Pedrinhas Paulista,2026,Res SS 111/2026,2026-06-09,1,fixo,15545.0,E_RS-SS-111_090626.pdf
353715,Pedrinhas Paulista,2026,Res SS 111/2026,2026-06-09,1,variavel,10803.78,E_RS-SS-111_090626.pdf
353715,Pedrinhas Paulista,2026,Res SS 185/2026,2026-09-08,2,fixo,15545.0,E_RS-SS-185_080926.pdf
353715,Pedrinhas Paulista,2026,Res SS 185/2026,2026-09-08,2,variavel,8394.3,E_RS-SS-185_080926.pdf
353720,Pedro De Toledo,2024,Res SS 18/2024,2024-02-08,1,fixo,92056.0,E_R-SS-18_080224.pdf
353720,Pedro De Toledo,2024,Res SS 140/2024,2024-06-20,2,fixo,92056.0,E_R-SS-140_200624.pdf
353720,Pedro De Toledo,2024,Res SS 140/2024,2024-06-20,2,variavel,48268.03,E_R-SS-140_200624.pdf
353720,Pedro De Toledo,2024,Res SS 140/2024,2024-06-20,3,fixo,92056.0,E_R-SS-140_200624.pdf
353720,Pedro De Toledo,2024,Res SS 140/2024,2024-06-20,3,variavel,48268.03,E_R-SS-140_200624.pdf
353720,Pedro De Toledo,2025,Res SS 13/2025,2025-01-24,1,fixo,76713.33,E_R-SS-13_240125.pdf
353720,Pedro De Toledo,2025,Res SS 97/2025,2025-05-30,2,fixo,76713.33,E_R-SS-97_300525.pdf
353720,Pedro De Toledo,2025,Res SS 180/2025,2025-10-08,1+2,variavel,70576.27,E_RS-SS-180_081025.pdf
353720,Pedro De Toledo,2025,Res SS 230/2025,2025-12-09,2,ajuste,0.0,E_RS-SS-230_091225.pdf
353720,Pedro De Toledo,2025,Res SS 230/2025,2025-12-09,2025,bonus,0.0,E_RS-SS-230_091225.pdf
353720,Pedro De Toledo,2025,Res SS 230/2025,2025-12-09,3,fixo,76713.33,E_RS-SS-230_091225.pdf
353720,Pedro De Toledo,2025,Res SS 230/2025,2025-12-09,3,variavel,65781.68,E_RS-SS-230_091225.pdf
353720,Pedro De Toledo,2026,Res SS 111/2026,2026-06-09,1,fixo,76713.33,E_RS-SS-111_090626.pdf
353720,Pedro De Toledo,2026,Res SS 111/2026,2026-06-09,1,variavel,36822.4,E_RS-SS-111_090626.pdf
353720,Pedro De Toledo,2026,Res SS 185/2026,2026-09-08,2,fixo,76713.33,E_RS-SS-185_080926.pdf
353720,Pedro De Toledo,2026,Res SS 185/2026,2026-09-08,2,variavel,66740.6,E_RS-SS-185_080926.pdf
353730,Penápolis,2024,Res SS 18/2024,2024-02-08,1,fixo,320490.0,E_R-SS-18_080224.pdf
353730,Penápolis,2024,Res SS 140/2024,2024-06-20,2,fixo,320490.0,E_R-SS-140_200624.pdf
353730,Penápolis,2024,Res SS 140/2024,2024-06-20,2,variavel,124563.78,E_R-SS-140_200624.pdf
353730,Penápolis,2024,Res SS 140/2024,2024-06-20,3,fixo,320490.0,E_R-SS-140_200624.pdf
353730,Penápolis,2024,Res SS 140/2024,2024-06-20,3,variavel,124563.78,E_R-SS-140_200624.pdf
353730,Penápolis,2025,Res SS 13/2025,2025-01-24,1,fixo,267075.0,E_R-SS-13_240125.pdf
353730,Penápolis,2025,Res SS 97/2025,2025-05-30,2,fixo,267075.0,E_R-SS-97_300525.pdf
353730,Penápolis,2025,Res SS 180/2025,2025-10-08,1+2,variavel,229684.5,E_RS-SS-180_081025.pdf
353730,Penápolis,2025,Res SS 230/2025,2025-12-09,2,ajuste,0.0,E_RS-SS-230_091225.pdf
353730,Penápolis,2025,Res SS 230/2025,2025-12-09,2025,bonus,0.0,E_RS-SS-230_091225.pdf
353730,Penápolis,2025,Res SS 230/2025,2025-12-09,3,fixo,267075.0,E_RS-SS-230_091225.pdf
353730,Penápolis,2025,Res SS 230/2025,2025-12-09,3,variavel,183614.06,E_RS-SS-230_091225.pdf
353730,Penápolis,2026,Res SS 111/2026,2026-06-09,1,fixo,267075.0,E_RS-SS-111_090626.pdf
353730,Penápolis,2026,Res SS 111/2026,2026-06-09,1,variavel,165586.5,E_RS-SS-111_090626.pdf
353730,Penápolis,2026,Res SS 185/2026,2026-09-08,2,fixo,267075.0,E_RS-SS-185_080926.pdf
353730,Penápolis,2026,Res SS 185/2026,2026-09-08,2,variavel,96147.0,E_RS-SS-185_080926.pdf
353740,Pereira Barreto,2024,Res SS 18/2024,2024-02-08,1,fixo,154110.0,E_R-SS-18_080224.pdf
353740,Pereira Barreto,2024,Res SS 140/2024,2024-06-20,2,fixo,154110.0,E_R-SS-140_200624.pdf
353740,Pereira Barreto,2024,Res SS 140/2024,2024-06-20,2,variavel,76284.45,E_R-SS-140_200624.pdf
353740,Pereira Barreto,2024,Res SS 140/2024,2024-06-20,3,fixo,154110.0,E_R-SS-140_200624.pdf
353740,Pereira Barreto,2024,Res SS 140/2024,2024-06-20,3,variavel,76284.45,E_R-SS-140_200624.pdf
353740,Pereira Barreto,2025,Res SS 13/2025,2025-01-24,1,fixo,128425.0,E_R-SS-13_240125.pdf
353740,Pereira Barreto,2025,Res SS 97/2025,2025-05-30,2,fixo,128425.0,E_R-SS-97_300525.pdf
353740,Pereira Barreto,2025,Res SS 180/2025,2025-10-08,1+2,variavel,228596.5,E_RS-SS-180_081025.pdf
353740,Pereira Barreto,2025,Res SS 230/2025,2025-12-09,2,ajuste,1541.1,E_RS-SS-230_091225.pdf
353740,Pereira Barreto,2025,Res SS 230/2025,2025-12-09,2025,bonus,0.0,E_RS-SS-230_091225.pdf
353740,Pereira Barreto,2025,Res SS 230/2025,2025-12-09,3,fixo,128425.0,E_RS-SS-230_091225.pdf
353740,Pereira Barreto,2025,Res SS 230/2025,2025-12-09,3,variavel,128425.0,E_RS-SS-230_091225.pdf
353740,Pereira Barreto,2026,Res SS 111/2026,2026-06-09,1,fixo,128425.0,E_RS-SS-111_090626.pdf
353740,Pereira Barreto,2026,Res SS 111/2026,2026-06-09,1,variavel,80907.75,E_RS-SS-111_090626.pdf
353740,Pereira Barreto,2026,Res SS 185/2026,2026-09-08,2,fixo,128425.0,E_RS-SS-185_080926.pdf
353740,Pereira Barreto,2026,Res SS 185/2026,2026-09-08,2,variavel,97603.0,E_RS-SS-185_080926.pdf
353750,Pereiras,2024,Res SS 18/2024,2024-02-08,1,fixo,62125.0,E_R-SS-18_080224.pdf
353750,Pereiras,2024,Res SS 140/2024,2024-06-20,2,fixo,62125.0,E_R-SS-140_200624.pdf
353750,Pereiras,2024,Res SS 140/2024,2024-06-20,2,variavel,36446.67,E_R-SS-140_200624.pdf
353750,Pereiras,2024,Res SS 140/2024,2024-06-20,3,fixo,62125.0,E_R-SS-140_200624.pdf
353750,Pereiras,2024,Res SS 140/2024,2024-06-20,3,variavel,36446.67,E_R-SS-140_200624.pdf
353750,Pereiras,2025,Res SS 13/2025,2025-01-24,1,fixo,51770.83,E_R-SS-13_240125.pdf
353750,Pereiras,2025,Res SS 97/2025,2025-05-30,2,fixo,51770.83,E_R-SS-97_300525.pdf
353750,Pereiras,2025,Res SS 180/2025,2025-10-08,1+2,variavel,88010.42,E_RS-SS-180_081025.pdf
353750,Pereiras,2025,Res SS 230/2025,2025-12-09,2,ajuste,6963.18,E_RS-SS-230_091225.pdf
353750,Pereiras,2025,Res SS 230/2025,2025-12-09,2025,bonus,0.0,E_RS-SS-230_091225.pdf
353750,Pereiras,2025,Res SS 230/2025,2025-12-09,3,fixo,51770.83,E_RS-SS-230_091225.pdf
353750,Pereiras,2025,Res SS 230/2025,2025-12-09,3,variavel,51770.83,E_RS-SS-230_091225.pdf
353750,Pereiras,2026,Res SS 111/2026,2026-06-09,1,fixo,51770.83,E_RS-SS-111_090626.pdf
353750,Pereiras,2026,Res SS 111/2026,2026-06-09,1,variavel,51770.83,E_RS-SS-111_090626.pdf
353750,Pereiras,2026,Res SS 185/2026,2026-09-08,2,fixo,51770.83,E_RS-SS-185_080926.pdf
353750,Pereiras,2026,Res SS 185/2026,2026-09-08,2,variavel,35074.74,E_RS-SS-185_080926.pdf
353760,Peruíbe,2024,Res SS 18/2024,2024-02-08,1,fixo,418182.0,E_R-SS-18_080224.pdf
353760,Peruíbe,2024,Res SS 140/2024,2024-06-20,2,fixo,418182.0,E_R-SS-140_200624.pdf
353760,Peruíbe,2024,Res SS 140/2024,2024-06-20,2,variavel,132424.3,E_R-SS-140_200624.pdf
353760,Peruíbe,2024,Res SS 140/2024,2024-06-20,3,fixo,418182.0,E_R-SS-140_200624.pdf
353760,Peruíbe,2024,Res SS 140/2024,2024-06-20,3,variavel,132424.3,E_R-SS-140_200624.pdf
353760,Peruíbe,2025,Res SS 13/2025,2025-01-24,1,fixo,348485.0,E_R-SS-13_240125.pdf
353760,Peruíbe,2025,Res SS 97/2025,2025-05-30,2,fixo,348485.0,E_R-SS-97_300525.pdf
353760,Peruíbe,2025,Res SS 180/2025,2025-10-08,1+2,variavel,195151.6,E_RS-SS-180_081025.pdf
353760,Peruíbe,2025,Res SS 230/2025,2025-12-09,2,ajuste,61507.6,E_RS-SS-230_091225.pdf
353760,Peruíbe,2025,Res SS 230/2025,2025-12-09,2025,bonus,0.0,E_RS-SS-230_091225.pdf
353760,Peruíbe,2025,Res SS 230/2025,2025-12-09,3,fixo,348485.0,E_RS-SS-230_091225.pdf
353760,Peruíbe,2025,Res SS 230/2025,2025-12-09,3,variavel,169015.23,E_RS-SS-230_091225.pdf
353760,Peruíbe,2026,Res SS 111/2026,2026-06-09,1,fixo,348485.0,E_RS-SS-111_090626.pdf
353760,Peruíbe,2026,Res SS 111/2026,2026-06-09,1,variavel,207348.58,E_RS-SS-111_090626.pdf
353760,Peruíbe,2026,Res SS 185/2026,2026-09-08,2,fixo,348485.0,E_RS-SS-185_080926.pdf
353760,Peruíbe,2026,Res SS 185/2026,2026-09-08,2,variavel,139394.0,E_RS-SS-185_080926.pdf
353770,Piacatu,2024,Res SS 18/2024,2024-02-08,1,fixo,36558.0,E_R-SS-18_080224.pdf
353770,Piacatu,2024,Res SS 140/2024,2024-06-20,2,fixo,36558.0,E_R-SS-140_200624.pdf
353770,Piacatu,2024,Res SS 140/2024,2024-06-20,2,variavel,23055.91,E_R-SS-140_200624.pdf
353770,Piacatu,2024,Res SS 140/2024,2024-06-20,3,fixo,36558.0,E_R-SS-140_200624.pdf
353770,Piacatu,2024,Res SS 140/2024,2024-06-20,3,variavel,23055.91,E_R-SS-140_200624.pdf
353770,Piacatu,2025,Res SS 13/2025,2025-01-24,1,fixo,30465.0,E_R-SS-13_240125.pdf
353770,Piacatu,2025,Res SS 97/2025,2025-05-30,2,fixo,30465.0,E_R-SS-97_300525.pdf
353770,Piacatu,2025,Res SS 180/2025,2025-10-08,1+2,variavel,37776.6,E_RS-SS-180_081025.pdf
353770,Piacatu,2025,Res SS 230/2025,2025-12-09,2,ajuste,0.0,E_RS-SS-230_091225.pdf
353770,Piacatu,2025,Res SS 230/2025,2025-12-09,2025,bonus,0.0,E_RS-SS-230_091225.pdf
353770,Piacatu,2025,Res SS 230/2025,2025-12-09,3,fixo,30465.0,E_RS-SS-230_091225.pdf
353770,Piacatu,2025,Res SS 230/2025,2025-12-09,3,variavel,30465.0,E_RS-SS-230_091225.pdf
353770,Piacatu,2026,Res SS 111/2026,2026-06-09,1,fixo,30465.0,E_RS-SS-111_090626.pdf
353770,Piacatu,2026,Res SS 111/2026,2026-06-09,1,variavel,17212.73,E_RS-SS-111_090626.pdf
353770,Piacatu,2026,Res SS 185/2026,2026-09-08,2,fixo,30465.0,E_RS-SS-185_080926.pdf
353770,Piacatu,2026,Res SS 185/2026,2026-09-08,2,variavel,23153.4,E_RS-SS-185_080926.pdf
353780,Piedade,2024,Res SS 18/2024,2024-02-08,1,fixo,334386.0,E_R-SS-18_080224.pdf
353780,Piedade,2024,Res SS 140/2024,2024-06-20,2,fixo,334386.0,E_R-SS-140_200624.pdf
353780,Piedade,2024,Res SS 140/2024,2024-06-20,2,variavel,190042.71,E_R-SS-140_200624.pdf
353780,Piedade,2024,Res SS 140/2024,2024-06-20,3,fixo,334386.0,E_R-SS-140_200624.pdf
353780,Piedade,2024,Res SS 140/2024,2024-06-20,3,variavel,190042.71,E_R-SS-140_200624.pdf
353780,Piedade,2025,Res SS 13/2025,2025-01-24,1,fixo,278655.0,E_R-SS-13_240125.pdf
353780,Piedade,2025,Res SS 97/2025,2025-05-30,2,fixo,278655.0,E_R-SS-97_300525.pdf
353780,Piedade,2025,Res SS 180/2025,2025-10-08,1+2,variavel,401263.2,E_RS-SS-180_081025.pdf
353780,Piedade,2025,Res SS 230/2025,2025-12-09,2,ajuste,39011.7,E_RS-SS-230_091225.pdf
353780,Piedade,2025,Res SS 230/2025,2025-12-09,2025,bonus,0.0,E_RS-SS-230_091225.pdf
353780,Piedade,2025,Res SS 230/2025,2025-12-09,3,fixo,278655.0,E_RS-SS-230_091225.pdf
353780,Piedade,2025,Res SS 230/2025,2025-12-09,3,variavel,262632.34,E_RS-SS-230_091225.pdf
353780,Piedade,2026,Res SS 111/2026,2026-06-09,1,fixo,278655.0,E_RS-SS-111_090626.pdf
353780,Piedade,2026,Res SS 111/2026,2026-06-09,1,variavel,156046.8,E_RS-SS-111_090626.pdf
353780,Piedade,2026,Res SS 185/2026,2026-09-08,2,fixo,278655.0,E_RS-SS-185_080926.pdf
353780,Piedade,2026,Res SS 185/2026,2026-09-08,2,variavel,192271.95,E_RS-SS-185_080926.pdf
353790,Pilar Do Sul,2024,Res SS 18/2024,2024-02-08,1,fixo,177672.0,E_R-SS-18_080224.pdf
353790,Pilar Do Sul,2024,Res SS 140/2024,2024-06-20,2,fixo,177672.0,E_R-SS-140_200624.pdf
353790,Pilar Do Sul,2024,Res SS 140/2024,2024-06-20,2,variavel,99022.53,E_R-SS-140_200624.pdf
353790,Pilar Do Sul,2024,Res SS 140/2024,2024-06-20,3,fixo,177672.0,E_R-SS-140_200624.pdf
353790,Pilar Do Sul,2024,Res SS 140/2024,2024-06-20,3,variavel,99022.53,E_R-SS-140_200624.pdf
353790,Pilar Do Sul,2025,Res SS 13/2025,2025-01-24,1,fixo,148060.0,E_R-SS-13_240125.pdf
353790,Pilar Do Sul,2025,Res SS 97/2025,2025-05-30,2,fixo,148060.0,E_R-SS-97_300525.pdf
353790,Pilar Do Sul,2025,Res SS 180/2025,2025-10-08,1+2,variavel,225051.2,E_RS-SS-180_081025.pdf
353790,Pilar Do Sul,2025,Res SS 230/2025,2025-12-09,2,ajuste,17767.2,E_RS-SS-230_091225.pdf
353790,Pilar Do Sul,2025,Res SS 230/2025,2025-12-09,2025,bonus,0.0,E_RS-SS-230_091225.pdf
353790,Pilar Do Sul,2025,Res SS 230/2025,2025-12-09,3,fixo,148060.0,E_RS-SS-230_091225.pdf
353790,Pilar Do Sul,2025,Res SS 230/2025,2025-12-09,3,variavel,130292.8,E_RS-SS-230_091225.pdf
353790,Pilar Do Sul,2026,Res SS 111/2026,2026-06-09,1,fixo,148060.0,E_RS-SS-111_090626.pdf
353790,Pilar Do Sul,2026,Res SS 111/2026,2026-06-09,1,variavel,133994.3,E_RS-SS-111_090626.pdf
353790,Pilar Do Sul,2026,Res SS 185/2026,2026-09-08,2,fixo,148060.0,E_RS-SS-185_080926.pdf
353790,Pilar Do Sul,2026,Res SS 185/2026,2026-09-08,2,variavel,148060.0,E_RS-SS-185_080926.pdf
353800,Pindamonhangaba,2024,Res SS 18/2024,2024-02-08,1,fixo,515655.0,E_R-SS-18_080224.pdf
353800,Pindamonhangaba,2024,Res SS 140/2024,2024-06-20,2,fixo,515655.0,E_R-SS-140_200624.pdf
353800,Pindamonhangaba,2024,Res SS 140/2024,2024-06-20,2,variavel,253358.49,E_R-SS-140_200624.pdf
353800,Pindamonhangaba,2024,Res SS 140/2024,2024-06-20,3,fixo,515655.0,E_R-SS-140_200624.pdf
353800,Pindamonhangaba,2024,Res SS 140/2024,2024-06-20,3,variavel,253358.49,E_R-SS-140_200624.pdf
353800,Pindamonhangaba,2025,Res SS 13/2025,2025-01-24,1,fixo,429712.5,E_R-SS-13_240125.pdf
353800,Pindamonhangaba,2025,Res SS 97/2025,2025-05-30,2,fixo,429712.5,E_R-SS-97_300525.pdf
353800,Pindamonhangaba,2025,Res SS 180/2025,2025-10-08,1+2,variavel,507060.75,E_RS-SS-180_081025.pdf
353800,Pindamonhangaba,2025,Res SS 230/2025,2025-12-09,2,ajuste,0.0,E_RS-SS-230_091225.pdf
353800,Pindamonhangaba,2025,Res SS 230/2025,2025-12-09,2025,bonus,0.0,E_RS-SS-230_091225.pdf
353800,Pindamonhangaba,2025,Res SS 230/2025,2025-12-09,3,fixo,429712.5,E_RS-SS-230_091225.pdf
353800,Pindamonhangaba,2025,Res SS 230/2025,2025-12-09,3,variavel,232044.75,E_RS-SS-230_091225.pdf
353800,Pindamonhangaba,2026,Res SS 111/2026,2026-06-09,1,fixo,429712.5,E_RS-SS-111_090626.pdf
353800,Pindamonhangaba,2026,Res SS 111/2026,2026-06-09,1,variavel,317987.25,E_RS-SS-111_090626.pdf
353800,Pindamonhangaba,2026,Res SS 185/2026,2026-09-08,2,fixo,429712.5,E_RS-SS-185_080926.pdf
353800,Pindamonhangaba,2026,Res SS 185/2026,2026-09-08,2,variavel,262124.63,E_RS-SS-185_080926.pdf
353810,Pindorama,2024,Res SS 18/2024,2024-02-08,1,fixo,86890.0,E_R-SS-18_080224.pdf
353810,Pindorama,2024,Res SS 140/2024,2024-06-20,2,fixo,86890.0,E_R-SS-140_200624.pdf
353810,Pindorama,2024,Res SS 140/2024,2024-06-20,2,variavel,49382.48,E_R-SS-140_200624.pdf
353810,Pindorama,2024,Res SS 140/2024,2024-06-20,3,fixo,86890.0,E_R-SS-140_200624.pdf
353810,Pindorama,2024,Res SS 140/2024,2024-06-20,3,variavel,49382.48,E_R-SS-140_200624.pdf
353810,Pindorama,2025,Res SS 13/2025,2025-01-24,1,fixo,72408.33,E_R-SS-13_240125.pdf
353810,Pindorama,2025,Res SS 97/2025,2025-05-30,2,fixo,72408.33,E_R-SS-97_300525.pdf
353810,Pindorama,2025,Res SS 180/2025,2025-10-08,1+2,variavel,75304.67,E_RS-SS-180_081025.pdf
353810,Pindorama,2025,Res SS 230/2025,2025-12-09,2,ajuste,29252.97,E_RS-SS-230_091225.pdf
353810,Pindorama,2025,Res SS 230/2025,2025-12-09,2025,bonus,0.0,E_RS-SS-230_091225.pdf
353810,Pindorama,2025,Res SS 230/2025,2025-12-09,3,fixo,72408.33,E_RS-SS-230_091225.pdf
353810,Pindorama,2025,Res SS 230/2025,2025-12-09,3,variavel,72408.33,E_RS-SS-230_091225.pdf
353810,Pindorama,2026,Res SS 111/2026,2026-06-09,1,fixo,72408.33,E_RS-SS-111_090626.pdf
353810,Pindorama,2026,Res SS 111/2026,2026-06-09,1,variavel,72408.33,E_RS-SS-111_090626.pdf
353810,Pindorama,2026,Res SS 185/2026,2026-09-08,2,fixo,72408.33,E_RS-SS-185_080926.pdf
353810,Pindorama,2026,Res SS 185/2026,2026-09-08,2,variavel,72408.33,E_RS-SS-185_080926.pdf
353820,Pinhalzinho,2024,Res SS 18/2024,2024-02-08,1,fixo,93384.0,E_R-SS-18_080224.pdf
353820,Pinhalzinho,2024,Res SS 140/2024,2024-06-20,2,fixo,93384.0,E_R-SS-140_200624.pdf
353820,Pinhalzinho,2024,Res SS 140/2024,2024-06-20,2,variavel,46909.9,E_R-SS-140_200624.pdf
353820,Pinhalzinho,2024,Res SS 140/2024,2024-06-20,3,fixo,93384.0,E_R-SS-140_200624.pdf
353820,Pinhalzinho,2024,Res SS 140/2024,2024-06-20,3,variavel,46909.9,E_R-SS-140_200624.pdf
353820,Pinhalzinho,2025,Res SS 13/2025,2025-01-24,1,fixo,77820.0,E_R-SS-13_240125.pdf
353820,Pinhalzinho,2025,Res SS 97/2025,2025-05-30,2,fixo,77820.0,E_R-SS-97_300525.pdf
353820,Pinhalzinho,2025,Res SS 180/2025,2025-10-08,1+2,variavel,140076.0,E_RS-SS-180_081025.pdf
353820,Pinhalzinho,2025,Res SS 230/2025,2025-12-09,2,ajuste,0.0,E_RS-SS-230_091225.pdf
353820,Pinhalzinho,2025,Res SS 230/2025,2025-12-09,2025,bonus,0.0,E_RS-SS-230_091225.pdf
353820,Pinhalzinho,2025,Res SS 230/2025,2025-12-09,3,fixo,77820.0,E_RS-SS-230_091225.pdf
353820,Pinhalzinho,2025,Res SS 230/2025,2025-12-09,3,variavel,42801.0,E_RS-SS-230_091225.pdf
353820,Pinhalzinho,2026,Res SS 111/2026,2026-06-09,1,fixo,77820.0,E_RS-SS-111_090626.pdf
353820,Pinhalzinho,2026,Res SS 111/2026,2026-06-09,1,variavel,64201.5,E_RS-SS-111_090626.pdf
353820,Pinhalzinho,2026,Res SS 185/2026,2026-09-08,2,fixo,77820.0,E_RS-SS-185_080926.pdf
353820,Pinhalzinho,2026,Res SS 185/2026,2026-09-08,2,variavel,38910.0,E_RS-SS-185_080926.pdf
353830,Piquerobi,2024,Res SS 18/2024,2024-02-08,1,fixo,25942.0,E_R-SS-18_080224.pdf
353830,Piquerobi,2024,Res SS 140/2024,2024-06-20,2,fixo,25942.0,E_R-SS-140_200624.pdf
353830,Piquerobi,2024,Res SS 140/2024,2024-06-20,2,variavel,9797.43,E_R-SS-140_200624.pdf
353830,Piquerobi,2024,Res SS 140/2024,2024-06-20,3,fixo,25942.0,E_R-SS-140_200624.pdf
353830,Piquerobi,2024,Res SS 140/2024,2024-06-20,3,variavel,9797.43,E_R-SS-140_200624.pdf
353830,Piquerobi,2025,Res SS 13/2025,2025-01-24,1,fixo,21618.33,E_R-SS-13_240125.pdf
353830,Piquerobi,2025,Res SS 97/2025,2025-05-30,2,fixo,21618.33,E_R-SS-97_300525.pdf
353830,Piquerobi,2025,Res SS 180/2025,2025-10-08,1+2,variavel,40642.47,E_RS-SS-180_081025.pdf
353830,Piquerobi,2025,Res SS 230/2025,2025-12-09,2,ajuste,0.0,E_RS-SS-230_091225.pdf
353830,Piquerobi,2025,Res SS 230/2025,2025-12-09,2025,bonus,0.0,E_RS-SS-230_091225.pdf
353830,Piquerobi,2025,Res SS 230/2025,2025-12-09,3,fixo,21618.33,E_RS-SS-230_091225.pdf
353830,Piquerobi,2025,Res SS 230/2025,2025-12-09,3,variavel,20105.05,E_RS-SS-230_091225.pdf
353830,Piquerobi,2026,Res SS 111/2026,2026-06-09,1,fixo,21618.33,E_RS-SS-111_090626.pdf
353830,Piquerobi,2026,Res SS 111/2026,2026-06-09,1,variavel,21618.33,E_RS-SS-111_090626.pdf
353830,Piquerobi,2026,Res SS 185/2026,2026-09-08,2,fixo,21618.33,E_RS-SS-185_080926.pdf
353830,Piquerobi,2026,Res SS 185/2026,2026-09-08,2,variavel,13619.55,E_RS-SS-185_080926.pdf
353850,Piquete,2024,Res SS 18/2024,2024-02-08,1,fixo,107960.0,E_R-SS-18_080224.pdf
353850,Piquete,2024,Res SS 140/2024,2024-06-20,2,fixo,107960.0,E_R-SS-140_200624.pdf
353850,Piquete,2024,Res SS 140/2024,2024-06-20,2,variavel,51856.79,E_R-SS-140_200624.pdf
353850,Piquete,2024,Res SS 140/2024,2024-06-20,3,fixo,107960.0,E_R-SS-140_200624.pdf
353850,Piquete,2024,Res SS 140/2024,2024-06-20,3,variavel,51856.79,E_R-SS-140_200624.pdf
353850,Piquete,2025,Res SS 13/2025,2025-01-24,1,fixo,89966.67,E_R-SS-13_240125.pdf
353850,Piquete,2025,Res SS 97/2025,2025-05-30,2,fixo,89966.67,E_R-SS-97_300525.pdf
353850,Piquete,2025,Res SS 180/2025,2025-10-08,1+2,variavel,43184.0,E_RS-SS-180_081025.pdf
353850,Piquete,2025,Res SS 230/2025,2025-12-09,2,ajuste,27889.67,E_RS-SS-230_091225.pdf
353850,Piquete,2025,Res SS 230/2025,2025-12-09,2025,bonus,0.0,E_RS-SS-230_091225.pdf
353850,Piquete,2025,Res SS 230/2025,2025-12-09,3,fixo,89966.67,E_RS-SS-230_091225.pdf
353850,Piquete,2025,Res SS 230/2025,2025-12-09,3,variavel,62976.67,E_RS-SS-230_091225.pdf
353850,Piquete,2026,Res SS 111/2026,2026-06-09,1,fixo,89966.67,E_RS-SS-111_090626.pdf
353850,Piquete,2026,Res SS 111/2026,2026-06-09,1,variavel,71973.33,E_RS-SS-111_090626.pdf
353850,Piquete,2026,Res SS 185/2026,2026-09-08,2,fixo,89966.67,E_RS-SS-185_080926.pdf
353850,Piquete,2026,Res SS 185/2026,2026-09-08,2,variavel,48582.0,E_RS-SS-185_080926.pdf
353860,Piracaia,2024,Res SS 18/2024,2024-02-08,1,fixo,165702.0,E_R-SS-18_080224.pdf
353860,Piracaia,2024,Res SS 140/2024,2024-06-20,2,fixo,165702.0,E_R-SS-140_200624.pdf
353860,Piracaia,2024,Res SS 140/2024,2024-06-20,2,variavel,94781.54,E_R-SS-140_200624.pdf
353860,Piracaia,2024,Res SS 140/2024,2024-06-20,3,fixo,165702.0,E_R-SS-140_200624.pdf
353860,Piracaia,2024,Res SS 140/2024,2024-06-20,3,variavel,94781.54,E_R-SS-140_200624.pdf
353860,Piracaia,2025,Res SS 13/2025,2025-01-24,1,fixo,138085.0,E_R-SS-13_240125.pdf
353860,Piracaia,2025,Res SS 97/2025,2025-05-30,2,fixo,138085.0,E_R-SS-97_300525.pdf
353860,Piracaia,2025,Res SS 180/2025,2025-10-08,1+2,variavel,143608.4,E_RS-SS-180_081025.pdf
353860,Piracaia,2025,Res SS 230/2025,2025-12-09,2,ajuste,40596.99,E_RS-SS-230_091225.pdf
353860,Piracaia,2025,Res SS 230/2025,2025-12-09,2025,bonus,0.0,E_RS-SS-230_091225.pdf
353860,Piracaia,2025,Res SS 230/2025,2025-12-09,3,fixo,138085.0,E_RS-SS-230_091225.pdf
353860,Piracaia,2025,Res SS 230/2025,2025-12-09,3,variavel,138085.0,E_RS-SS-230_091225.pdf
353860,Piracaia,2026,Res SS 111/2026,2026-06-09,1,fixo,138085.0,E_RS-SS-111_090626.pdf
353860,Piracaia,2026,Res SS 111/2026,2026-06-09,1,variavel,138085.0,E_RS-SS-111_090626.pdf
353860,Piracaia,2026,Res SS 185/2026,2026-09-08,2,fixo,138085.0,E_RS-SS-185_080926.pdf
353860,Piracaia,2026,Res SS 185/2026,2026-09-08,2,variavel,138085.0,E_RS-SS-185_080926.pdf
353870,Piracicaba,2024,Res SS 18/2024,2024-02-08,1,fixo,1230825.0,E_R-SS-18_080224.pdf
353870,Piracicaba,2024,Res SS 140/2024,2024-06-20,2,fixo,1230825.0,E_R-SS-140_200624.pdf
353870,Piracicaba,2024,Res SS 140/2024,2024-06-20,2,variavel,631823.5,E_R-SS-140_200624.pdf
353870,Piracicaba,2024,Res SS 140/2024,2024-06-20,3,fixo,1230825.0,E_R-SS-140_200624.pdf
353870,Piracicaba,2024,Res SS 140/2024,2024-06-20,3,variavel,631823.5,E_R-SS-140_200624.pdf
353870,Piracicaba,2025,Res SS 13/2025,2025-01-24,1,fixo,1025687.5,E_R-SS-13_240125.pdf
353870,Piracicaba,2025,Res SS 97/2025,2025-05-30,2,fixo,1025687.5,E_R-SS-97_300525.pdf
353870,Piracicaba,2025,Res SS 180/2025,2025-10-08,1+2,variavel,697467.5,E_RS-SS-180_081025.pdf
353870,Piracicaba,2025,Res SS 230/2025,2025-12-09,2,ajuste,378991.53,E_RS-SS-230_091225.pdf
353870,Piracicaba,2025,Res SS 230/2025,2025-12-09,2025,bonus,0.0,E_RS-SS-230_091225.pdf
353870,Piracicaba,2025,Res SS 230/2025,2025-12-09,3,fixo,1025687.5,E_RS-SS-230_091225.pdf
353870,Piracicaba,2025,Res SS 230/2025,2025-12-09,3,variavel,564128.13,E_RS-SS-230_091225.pdf
353870,Piracicaba,2026,Res SS 111/2026,2026-06-09,1,fixo,1025687.5,E_RS-SS-111_090626.pdf
353870,Piracicaba,2026,Res SS 111/2026,2026-06-09,1,variavel,876962.81,E_RS-SS-111_090626.pdf
353870,Piracicaba,2026,Res SS 185/2026,2026-09-08,2,fixo,1025687.5,E_RS-SS-185_080926.pdf
353870,Piracicaba,2026,Res SS 185/2026,2026-09-08,2,variavel,776958.28,E_RS-SS-185_080926.pdf
353880,Piraju,2024,Res SS 18/2024,2024-02-08,1,fixo,209510.0,E_R-SS-18_080224.pdf
353880,Piraju,2024,Res SS 140/2024,2024-06-20,2,fixo,209510.0,E_R-SS-140_200624.pdf
353880,Piraju,2024,Res SS 140/2024,2024-06-20,2,variavel,125985.35,E_R-SS-140_200624.pdf
353880,Piraju,2024,Res SS 140/2024,2024-06-20,3,fixo,209510.0,E_R-SS-140_200624.pdf
353880,Piraju,2024,Res SS 140/2024,2024-06-20,3,variavel,125985.35,E_R-SS-140_200624.pdf
353880,Piraju,2025,Res SS 13/2025,2025-01-24,1,fixo,174591.67,E_R-SS-13_240125.pdf
353880,Piraju,2025,Res SS 97/2025,2025-05-30,2,fixo,174591.67,E_R-SS-97_300525.pdf
353880,Piraju,2025,Res SS 180/2025,2025-10-08,1+2,variavel,174591.67,E_RS-SS-180_081025.pdf
353880,Piraju,2025,Res SS 230/2025,2025-12-09,2,ajuste,81708.9,E_RS-SS-230_091225.pdf
353880,Piraju,2025,Res SS 230/2025,2025-12-09,2025,bonus,0.0,E_RS-SS-230_091225.pdf
353880,Piraju,2025,Res SS 230/2025,2025-12-09,3,fixo,174591.67,E_RS-SS-230_091225.pdf
353880,Piraju,2025,Res SS 230/2025,2025-12-09,3,variavel,152331.23,E_RS-SS-230_091225.pdf
353880,Piraju,2026,Res SS 111/2026,2026-06-09,1,fixo,174591.67,E_RS-SS-111_090626.pdf
353880,Piraju,2026,Res SS 111/2026,2026-06-09,1,variavel,173718.71,E_RS-SS-111_090626.pdf
353880,Piraju,2026,Res SS 185/2026,2026-09-08,2,fixo,174591.67,E_RS-SS-185_080926.pdf
353880,Piraju,2026,Res SS 185/2026,2026-09-08,2,variavel,133999.1,E_RS-SS-185_080926.pdf
353890,Pirajuí,2024,Res SS 18/2024,2024-02-08,1,fixo,155634.0,E_R-SS-18_080224.pdf
353890,Pirajuí,2024,Res SS 140/2024,2024-06-20,2,fixo,155634.0,E_R-SS-140_200624.pdf
353890,Pirajuí,2024,Res SS 140/2024,2024-06-20,2,variavel,86740.02,E_R-SS-140_200624.pdf
353890,Pirajuí,2024,Res SS 140/2024,2024-06-20,3,fixo,155634.0,E_R-SS-140_200624.pdf
353890,Pirajuí,2024,Res SS 140/2024,2024-06-20,3,variavel,86740.02,E_R-SS-140_200624.pdf
353890,Pirajuí,2025,Res SS 13/2025,2025-01-24,1,fixo,129695.0,E_R-SS-13_240125.pdf
353890,Pirajuí,2025,Res SS 97/2025,2025-05-30,2,fixo,129695.0,E_R-SS-97_300525.pdf
353890,Pirajuí,2025,Res SS 180/2025,2025-10-08,1+2,variavel,124507.2,E_RS-SS-180_081025.pdf
353890,Pirajuí,2025,Res SS 230/2025,2025-12-09,2,ajuste,44744.78,E_RS-SS-230_091225.pdf
353890,Pirajuí,2025,Res SS 230/2025,2025-12-09,2025,bonus,0.0,E_RS-SS-230_091225.pdf
353890,Pirajuí,2025,Res SS 230/2025,2025-12-09,3,fixo,129695.0,E_RS-SS-230_091225.pdf
353890,Pirajuí,2025,Res SS 230/2025,2025-12-09,3,variavel,78465.48,E_RS-SS-230_091225.pdf
353890,Pirajuí,2026,Res SS 111/2026,2026-06-09,1,fixo,129695.0,E_RS-SS-111_090626.pdf
353890,Pirajuí,2026,Res SS 111/2026,2026-06-09,1,variavel,129046.53,E_RS-SS-111_090626.pdf
353890,Pirajuí,2026,Res SS 185/2026,2026-09-08,2,fixo,129695.0,E_RS-SS-185_080926.pdf
353890,Pirajuí,2026,Res SS 185/2026,2026-09-08,2,variavel,129046.53,E_RS-SS-185_080926.pdf
353900,Pirangi,2024,Res SS 18/2024,2024-02-08,1,fixo,57620.0,E_R-SS-18_080224.pdf
353900,Pirangi,2024,Res SS 140/2024,2024-06-20,2,fixo,57620.0,E_R-SS-140_200624.pdf
353900,Pirangi,2024,Res SS 140/2024,2024-06-20,2,variavel,38413.33,E_R-SS-140_200624.pdf
353900,Pirangi,2024,Res SS 140/2024,2024-06-20,3,fixo,57620.0,E_R-SS-140_200624.pdf
353900,Pirangi,2024,Res SS 140/2024,2024-06-20,3,variavel,38413.33,E_R-SS-140_200624.pdf
353900,Pirangi,2025,Res SS 13/2025,2025-01-24,1,fixo,48016.67,E_R-SS-13_240125.pdf
353900,Pirangi,2025,Res SS 97/2025,2025-05-30,2,fixo,48016.67,E_R-SS-97_300525.pdf
353900,Pirangi,2025,Res SS 180/2025,2025-10-08,1+2,variavel,94112.67,E_RS-SS-180_081025.pdf
353900,Pirangi,2025,Res SS 230/2025,2025-12-09,2,ajuste,480.17,E_RS-SS-230_091225.pdf
353900,Pirangi,2025,Res SS 230/2025,2025-12-09,2025,bonus,0.0,E_RS-SS-230_091225.pdf
353900,Pirangi,2025,Res SS 230/2025,2025-12-09,3,fixo,48016.67,E_RS-SS-230_091225.pdf
353900,Pirangi,2025,Res SS 230/2025,2025-12-09,3,variavel,27849.67,E_RS-SS-230_091225.pdf
353900,Pirangi,2026,Res SS 111/2026,2026-06-09,1,fixo,48016.67,E_RS-SS-111_090626.pdf
353900,Pirangi,2026,Res SS 111/2026,2026-06-09,1,variavel,44655.5,E_RS-SS-111_090626.pdf
353900,Pirangi,2026,Res SS 185/2026,2026-09-08,2,fixo,48016.67,E_RS-SS-185_080926.pdf
353900,Pirangi,2026,Res SS 185/2026,2026-09-08,2,variavel,48016.67,E_RS-SS-185_080926.pdf
353910,Pirapora Do Bom Jesus,2024,Res SS 18/2024,2024-02-08,1,fixo,136171.0,E_R-SS-18_080224.pdf
353910,Pirapora Do Bom Jesus,2024,Res SS 140/2024,2024-06-20,2,fixo,136171.0,E_R-SS-140_200624.pdf
353910,Pirapora Do Bom Jesus,2024,Res SS 140/2024,2024-06-20,2,variavel,47932.19,E_R-SS-140_200624.pdf
353910,Pirapora Do Bom Jesus,2024,Res SS 140/2024,2024-06-20,3,fixo,136171.0,E_R-SS-140_200624.pdf
353910,Pirapora Do Bom Jesus,2024,Res SS 140/2024,2024-06-20,3,variavel,47932.19,E_R-SS-140_200624.pdf
353910,Pirapora Do Bom Jesus,2025,Res SS 13/2025,2025-01-24,1,fixo,113475.83,E_R-SS-13_240125.pdf
353910,Pirapora Do Bom Jesus,2025,Res SS 97/2025,2025-05-30,2,fixo,113475.83,E_R-SS-97_300525.pdf
353910,Pirapora Do Bom Jesus,2025,Res SS 180/2025,2025-10-08,1+2,variavel,68085.5,E_RS-SS-180_081025.pdf
353910,Pirapora Do Bom Jesus,2025,Res SS 230/2025,2025-12-09,2,ajuste,13390.15,E_RS-SS-230_091225.pdf
353910,Pirapora Do Bom Jesus,2025,Res SS 230/2025,2025-12-09,2025,bonus,0.0,E_RS-SS-230_091225.pdf
353910,Pirapora Do Bom Jesus,2025,Res SS 230/2025,2025-12-09,3,fixo,113475.83,E_RS-SS-230_091225.pdf
353910,Pirapora Do Bom Jesus,2025,Res SS 230/2025,2025-12-09,3,variavel,74326.67,E_RS-SS-230_091225.pdf
353910,Pirapora Do Bom Jesus,2026,Res SS 111/2026,2026-06-09,1,fixo,113475.83,E_RS-SS-111_090626.pdf
353910,Pirapora Do Bom Jesus,2026,Res SS 111/2026,2026-06-09,1,variavel,81702.6,E_RS-SS-111_090626.pdf
353910,Pirapora Do Bom Jesus,2026,Res SS 185/2026,2026-09-08,2,fixo,113475.83,E_RS-SS-185_080926.pdf
353910,Pirapora Do Bom Jesus,2026,Res SS 185/2026,2026-09-08,2,variavel,52198.88,E_RS-SS-185_080926.pdf
353920,Pirapozinho,2024,Res SS 18/2024,2024-02-08,1,fixo,195818.0,E_R-SS-18_080224.pdf
353920,Pirapozinho,2024,Res SS 140/2024,2024-06-20,2,fixo,195818.0,E_R-SS-140_200624.pdf
353920,Pirapozinho,2024,Res SS 140/2024,2024-06-20,2,variavel,129239.88,E_R-SS-140_200624.pdf
353920,Pirapozinho,2024,Res SS 140/2024,2024-06-20,3,fixo,195818.0,E_R-SS-140_200624.pdf
353920,Pirapozinho,2024,Res SS 140/2024,2024-06-20,3,variavel,129239.88,E_R-SS-140_200624.pdf
353920,Pirapozinho,2025,Res SS 13/2025,2025-01-24,1,fixo,163181.67,E_R-SS-13_240125.pdf
353920,Pirapozinho,2025,Res SS 97/2025,2025-05-30,2,fixo,163181.67,E_R-SS-97_300525.pdf
353920,Pirapozinho,2025,Res SS 180/2025,2025-10-08,1+2,variavel,241508.87,E_RS-SS-180_081025.pdf
353920,Pirapozinho,2025,Res SS 230/2025,2025-12-09,2,ajuste,28230.43,E_RS-SS-230_091225.pdf
353920,Pirapozinho,2025,Res SS 230/2025,2025-12-09,2025,bonus,0.0,E_RS-SS-230_091225.pdf
353920,Pirapozinho,2025,Res SS 230/2025,2025-12-09,3,fixo,163181.67,E_RS-SS-230_091225.pdf
353920,Pirapozinho,2025,Res SS 230/2025,2025-12-09,3,variavel,163181.67,E_RS-SS-230_091225.pdf
353920,Pirapozinho,2026,Res SS 111/2026,2026-06-09,1,fixo,163181.67,E_RS-SS-111_090626.pdf
353920,Pirapozinho,2026,Res SS 111/2026,2026-06-09,1,variavel,141152.14,E_RS-SS-111_090626.pdf
353920,Pirapozinho,2026,Res SS 185/2026,2026-09-08,2,fixo,163181.67,E_RS-SS-185_080926.pdf
353920,Pirapozinho,2026,Res SS 185/2026,2026-09-08,2,variavel,130545.33,E_RS-SS-185_080926.pdf
353930,Pirassununga,2024,Res SS 18/2024,2024-02-08,1,fixo,231990.0,E_R-SS-18_080224.pdf
353930,Pirassununga,2024,Res SS 140/2024,2024-06-20,2,fixo,231990.0,E_R-SS-140_200624.pdf
353930,Pirassununga,2024,Res SS 140/2024,2024-06-20,2,variavel,75010.1,E_R-SS-140_200624.pdf
353930,Pirassununga,2024,Res SS 140/2024,2024-06-20,3,fixo,231990.0,E_R-SS-140_200624.pdf
353930,Pirassununga,2024,Res SS 140/2024,2024-06-20,3,variavel,75010.1,E_R-SS-140_200624.pdf
353930,Pirassununga,2025,Res SS 13/2025,2025-01-24,1,fixo,193325.0,E_R-SS-13_240125.pdf
353930,Pirassununga,2025,Res SS 97/2025,2025-05-30,2,fixo,193325.0,E_R-SS-97_300525.pdf
353930,Pirassununga,2025,Res SS 180/2025,2025-10-08,1+2,variavel,278388.0,E_RS-SS-180_081025.pdf
353930,Pirassununga,2025,Res SS 230/2025,2025-12-09,2,ajuste,0.0,E_RS-SS-230_091225.pdf
353930,Pirassununga,2025,Res SS 230/2025,2025-12-09,2025,bonus,0.0,E_RS-SS-230_091225.pdf
353930,Pirassununga,2025,Res SS 230/2025,2025-12-09,3,fixo,193325.0,E_RS-SS-230_091225.pdf
353930,Pirassununga,2025,Res SS 230/2025,2025-12-09,3,variavel,121311.44,E_RS-SS-230_091225.pdf
353930,Pirassununga,2026,Res SS 111/2026,2026-06-09,1,fixo,193325.0,E_RS-SS-111_090626.pdf
353930,Pirassununga,2026,Res SS 111/2026,2026-06-09,1,variavel,181725.5,E_RS-SS-111_090626.pdf
353930,Pirassununga,2026,Res SS 185/2026,2026-09-08,2,fixo,193325.0,E_RS-SS-185_080926.pdf
353930,Pirassununga,2026,Res SS 185/2026,2026-09-08,2,variavel,88929.5,E_RS-SS-185_080926.pdf
353940,Piratininga,2024,Res SS 18/2024,2024-02-08,1,fixo,83340.0,E_R-SS-18_080224.pdf
353940,Piratininga,2024,Res SS 140/2024,2024-06-20,2,fixo,83340.0,E_R-SS-140_200624.pdf
353940,Piratininga,2024,Res SS 140/2024,2024-06-20,2,variavel,47670.48,E_R-SS-140_200624.pdf
353940,Piratininga,2024,Res SS 140/2024,2024-06-20,3,fixo,83340.0,E_R-SS-140_200624.pdf
353940,Piratininga,2024,Res SS 140/2024,2024-06-20,3,variavel,47670.48,E_R-SS-140_200624.pdf
353940,Piratininga,2025,Res SS 13/2025,2025-01-24,1,fixo,69450.0,E_R-SS-13_240125.pdf
353940,Piratininga,2025,Res SS 97/2025,2025-05-30,2,fixo,69450.0,E_R-SS-97_300525.pdf
353940,Piratininga,2025,Res SS 180/2025,2025-10-08,1+2,variavel,75006.0,E_RS-SS-180_081025.pdf
353940,Piratininga,2025,Res SS 230/2025,2025-12-09,2,ajuste,15209.55,E_RS-SS-230_091225.pdf
353940,Piratininga,2025,Res SS 230/2025,2025-12-09,2025,bonus,0.0,E_RS-SS-230_091225.pdf
353940,Piratininga,2025,Res SS 230/2025,2025-12-09,3,fixo,69450.0,E_RS-SS-230_091225.pdf
353940,Piratininga,2025,Res SS 230/2025,2025-12-09,3,variavel,69450.0,E_RS-SS-230_091225.pdf
353940,Piratininga,2026,Res SS 111/2026,2026-06-09,1,fixo,69450.0,E_RS-SS-111_090626.pdf
353940,Piratininga,2026,Res SS 111/2026,2026-06-09,1,variavel,69450.0,E_RS-SS-111_090626.pdf
353940,Piratininga,2026,Res SS 185/2026,2026-09-08,2,fixo,69450.0,E_RS-SS-185_080926.pdf
353940,Piratininga,2026,Res SS 185/2026,2026-09-08,2,variavel,61810.5,E_RS-SS-185_080926.pdf
353950,Pitangueiras,2024,Res SS 18/2024,2024-02-08,1,fixo,121290.0,E_R-SS-18_080224.pdf
353950,Pitangueiras,2024,Res SS 140/2024,2024-06-20,2,fixo,121290.0,E_R-SS-140_200624.pdf
353950,Pitangueiras,2024,Res SS 140/2024,2024-06-20,2,variavel,69135.3,E_R-SS-140_200624.pdf
353950,Pitangueiras,2024,Res SS 140/2024,2024-06-20,3,fixo,121290.0,E_R-SS-140_200624.pdf
353950,Pitangueiras,2024,Res SS 140/2024,2024-06-20,3,variavel,69135.3,E_R-SS-140_200624.pdf
353950,Pitangueiras,2025,Res SS 13/2025,2025-01-24,1,fixo,101075.0,E_R-SS-13_240125.pdf
353950,Pitangueiras,2025,Res SS 97/2025,2025-05-30,2,fixo,101075.0,E_R-SS-97_300525.pdf
353950,Pitangueiras,2025,Res SS 180/2025,2025-10-08,1+2,variavel,103096.5,E_RS-SS-180_081025.pdf
353950,Pitangueiras,2025,Res SS 230/2025,2025-12-09,2,ajuste,40733.23,E_RS-SS-230_091225.pdf
353950,Pitangueiras,2025,Res SS 230/2025,2025-12-09,2025,bonus,0.0,E_RS-SS-230_091225.pdf
353950,Pitangueiras,2025,Res SS 230/2025,2025-12-09,3,fixo,101075.0,E_RS-SS-230_091225.pdf
353950,Pitangueiras,2025,Res SS 230/2025,2025-12-09,3,variavel,85913.75,E_RS-SS-230_091225.pdf
353950,Pitangueiras,2026,Res SS 111/2026,2026-06-09,1,fixo,101075.0,E_RS-SS-111_090626.pdf
353950,Pitangueiras,2026,Res SS 111/2026,2026-06-09,1,variavel,100569.63,E_RS-SS-111_090626.pdf
353950,Pitangueiras,2026,Res SS 185/2026,2026-09-08,2,fixo,101075.0,E_RS-SS-185_080926.pdf
353950,Pitangueiras,2026,Res SS 185/2026,2026-09-08,2,variavel,50537.5,E_RS-SS-185_080926.pdf
353960,Planalto,2024,Res SS 18/2024,2024-02-08,1,fixo,32220.0,E_R-SS-18_080224.pdf
353960,Planalto,2024,Res SS 140/2024,2024-06-20,2,fixo,32220.0,E_R-SS-140_200624.pdf
353960,Planalto,2024,Res SS 140/2024,2024-06-20,2,variavel,18784.26,E_R-SS-140_200624.pdf
353960,Planalto,2024,Res SS 140/2024,2024-06-20,3,fixo,32220.0,E_R-SS-140_200624.pdf
353960,Planalto,2024,Res SS 140/2024,2024-06-20,3,variavel,18784.26,E_R-SS-140_200624.pdf
353960,Planalto,2025,Res SS 13/2025,2025-01-24,1,fixo,26850.0,E_R-SS-13_240125.pdf
353960,Planalto,2025,Res SS 97/2025,2025-05-30,2,fixo,26850.0,E_R-SS-97_300525.pdf
353960,Planalto,2025,Res SS 180/2025,2025-10-08,1+2,variavel,30609.0,E_RS-SS-180_081025.pdf
353960,Planalto,2025,Res SS 230/2025,2025-12-09,2,ajuste,9504.9,E_RS-SS-230_091225.pdf
353960,Planalto,2025,Res SS 230/2025,2025-12-09,2025,bonus,0.0,E_RS-SS-230_091225.pdf
353960,Planalto,2025,Res SS 230/2025,2025-12-09,3,fixo,26850.0,E_RS-SS-230_091225.pdf
353960,Planalto,2025,Res SS 230/2025,2025-12-09,3,variavel,17989.5,E_RS-SS-230_091225.pdf
353960,Planalto,2026,Res SS 111/2026,2026-06-09,1,fixo,26850.0,E_RS-SS-111_090626.pdf
353960,Planalto,2026,Res SS 111/2026,2026-06-09,1,variavel,26850.0,E_RS-SS-111_090626.pdf
353960,Planalto,2026,Res SS 185/2026,2026-09-08,2,fixo,26850.0,E_RS-SS-185_080926.pdf
353960,Planalto,2026,Res SS 185/2026,2026-09-08,2,variavel,26850.0,E_RS-SS-185_080926.pdf
353970,Platina,2024,Res SS 18/2024,2024-02-08,1,fixo,21636.0,E_R-SS-18_080224.pdf
353970,Platina,2024,Res SS 140/2024,2024-06-20,2,fixo,21636.0,E_R-SS-140_200624.pdf
353970,Platina,2024,Res SS 140/2024,2024-06-20,2,variavel,10392.49,E_R-SS-140_200624.pdf
353970,Platina,2024,Res SS 140/2024,2024-06-20,3,fixo,21636.0,E_R-SS-140_200624.pdf
353970,Platina,2024,Res SS 140/2024,2024-06-20,3,variavel,10392.49,E_R-SS-140_200624.pdf
353970,Platina,2025,Res SS 13/2025,2025-01-24,1,fixo,18030.0,E_R-SS-13_240125.pdf
353970,Platina,2025,Res SS 97/2025,2025-05-30,2,fixo,18030.0,E_R-SS-97_300525.pdf
353970,Platina,2025,Res SS 180/2025,2025-10-08,1+2,variavel,30651.0,E_RS-SS-180_081025.pdf
353970,Platina,2025,Res SS 230/2025,2025-12-09,2,ajuste,441.74,E_RS-SS-230_091225.pdf
353970,Platina,2025,Res SS 230/2025,2025-12-09,2025,bonus,0.0,E_RS-SS-230_091225.pdf
353970,Platina,2025,Res SS 230/2025,2025-12-09,3,fixo,18030.0,E_RS-SS-230_091225.pdf
353970,Platina,2025,Res SS 230/2025,2025-12-09,3,variavel,18030.0,E_RS-SS-230_091225.pdf
353970,Platina,2026,Res SS 111/2026,2026-06-09,1,fixo,18030.0,E_RS-SS-111_090626.pdf
353970,Platina,2026,Res SS 111/2026,2026-06-09,1,variavel,14874.75,E_RS-SS-111_090626.pdf
353970,Platina,2026,Res SS 185/2026,2026-09-08,2,fixo,18030.0,E_RS-SS-185_080926.pdf
353970,Platina,2026,Res SS 185/2026,2026-09-08,2,variavel,9736.2,E_RS-SS-185_080926.pdf
353980,Poá,2024,Res SS 18/2024,2024-02-08,1,fixo,596105.0,E_R-SS-18_080224.pdf
353980,Poá,2024,Res SS 140/2024,2024-06-20,2,fixo,596105.0,E_R-SS-140_200624.pdf
353980,Poá,2024,Res SS 140/2024,2024-06-20,2,variavel,323486.31,E_R-SS-140_200624.pdf
353980,Poá,2024,Res SS 140/2024,2024-06-20,3,fixo,596105.0,E_R-SS-140_200624.pdf
353980,Poá,2024,Res SS 140/2024,2024-06-20,3,variavel,323486.31,E_R-SS-140_200624.pdf
353980,Poá,2025,Res SS 13/2025,2025-01-24,1,fixo,496754.17,E_R-SS-13_240125.pdf
353980,Poá,2025,Res SS 97/2025,2025-05-30,2,fixo,496754.17,E_R-SS-97_300525.pdf
353980,Poá,2025,Res SS 180/2025,2025-10-08,1+2,variavel,506689.25,E_RS-SS-180_081025.pdf
353980,Poá,2025,Res SS 230/2025,2025-12-09,2,ajuste,129156.08,E_RS-SS-230_091225.pdf
353980,Poá,2025,Res SS 230/2025,2025-12-09,2025,bonus,0.0,E_RS-SS-230_091225.pdf
353980,Poá,2025,Res SS 230/2025,2025-12-09,3,fixo,496754.17,E_RS-SS-230_091225.pdf
353980,Poá,2025,Res SS 230/2025,2025-12-09,3,variavel,449562.52,E_RS-SS-230_091225.pdf
353980,Poá,2026,Res SS 111/2026,2026-06-09,1,fixo,496754.17,E_RS-SS-111_090626.pdf
353980,Poá,2026,Res SS 111/2026,2026-06-09,1,variavel,466948.92,E_RS-SS-111_090626.pdf
353980,Poá,2026,Res SS 185/2026,2026-09-08,2,fixo,496754.17,E_RS-SS-185_080926.pdf
353980,Poá,2026,Res SS 185/2026,2026-09-08,2,variavel,466948.92,E_RS-SS-185_080926.pdf
353990,Poloni,2024,Res SS 18/2024,2024-02-08,1,fixo,36996.0,E_R-SS-18_080224.pdf
353990,Poloni,2024,Res SS 140/2024,2024-06-20,2,fixo,36996.0,E_R-SS-140_200624.pdf
353990,Poloni,2024,Res SS 140/2024,2024-06-20,2,variavel,24664.0,E_R-SS-140_200624.pdf
353990,Poloni,2024,Res SS 140/2024,2024-06-20,3,fixo,36996.0,E_R-SS-140_200624.pdf
353990,Poloni,2024,Res SS 140/2024,2024-06-20,3,variavel,24664.0,E_R-SS-140_200624.pdf
353990,Poloni,2025,Res SS 13/2025,2025-01-24,1,fixo,30830.0,E_R-SS-13_240125.pdf
353990,Poloni,2025,Res SS 97/2025,2025-05-30,2,fixo,30830.0,E_R-SS-97_300525.pdf
353990,Poloni,2025,Res SS 180/2025,2025-10-08,1+2,variavel,57343.8,E_RS-SS-180_081025.pdf
353990,Poloni,2025,Res SS 230/2025,2025-12-09,2,ajuste,0.0,E_RS-SS-230_091225.pdf
353990,Poloni,2025,Res SS 230/2025,2025-12-09,2025,bonus,0.0,E_RS-SS-230_091225.pdf
353990,Poloni,2025,Res SS 230/2025,2025-12-09,3,fixo,30830.0,E_RS-SS-230_091225.pdf
353990,Poloni,2025,Res SS 230/2025,2025-12-09,3,variavel,30830.0,E_RS-SS-230_091225.pdf
353990,Poloni,2026,Res SS 111/2026,2026-06-09,1,fixo,30830.0,E_RS-SS-111_090626.pdf
353990,Poloni,2026,Res SS 111/2026,2026-06-09,1,variavel,28671.9,E_RS-SS-111_090626.pdf
353990,Poloni,2026,Res SS 185/2026,2026-09-08,2,fixo,30830.0,E_RS-SS-185_080926.pdf
353990,Poloni,2026,Res SS 185/2026,2026-09-08,2,variavel,19654.13,E_RS-SS-185_080926.pdf
354000,Pompéia,2024,Res SS 18/2024,2024-02-08,1,fixo,66978.0,E_R-SS-18_080224.pdf
354000,Pompéia,2024,Res SS 140/2024,2024-06-20,2,fixo,66978.0,E_R-SS-140_200624.pdf
354000,Pompéia,2024,Res SS 140/2024,2024-06-20,2,variavel,28487.98,E_R-SS-140_200624.pdf
354000,Pompéia,2024,Res SS 140/2024,2024-06-20,3,fixo,66978.0,E_R-SS-140_200624.pdf
354000,Pompéia,2024,Res SS 140/2024,2024-06-20,3,variavel,28487.98,E_R-SS-140_200624.pdf
354000,Pompéia,2025,Res SS 13/2025,2025-01-24,1,fixo,55815.0,E_R-SS-13_240125.pdf
354000,Pompéia,2025,Res SS 97/2025,2025-05-30,2,fixo,55815.0,E_R-SS-97_300525.pdf
354000,Pompéia,2025,Res SS 180/2025,2025-10-08,1+2,variavel,66978.0,E_RS-SS-180_081025.pdf
354000,Pompéia,2025,Res SS 230/2025,2025-12-09,2,ajuste,3655.88,E_RS-SS-230_091225.pdf
354000,Pompéia,2025,Res SS 230/2025,2025-12-09,2025,bonus,0.0,E_RS-SS-230_091225.pdf
354000,Pompéia,2025,Res SS 230/2025,2025-12-09,3,fixo,55815.0,E_RS-SS-230_091225.pdf
354000,Pompéia,2025,Res SS 230/2025,2025-12-09,3,variavel,27907.5,E_RS-SS-230_091225.pdf
354000,Pompéia,2026,Res SS 111/2026,2026-06-09,1,fixo,55815.0,E_RS-SS-111_090626.pdf
354000,Pompéia,2026,Res SS 111/2026,2026-06-09,1,variavel,51070.73,E_RS-SS-111_090626.pdf
354000,Pompéia,2026,Res SS 185/2026,2026-09-08,2,fixo,55815.0,E_RS-SS-185_080926.pdf
354000,Pompéia,2026,Res SS 185/2026,2026-09-08,2,variavel,55815.0,E_RS-SS-185_080926.pdf
354010,Pongaí,2024,Res SS 18/2024,2024-02-08,1,fixo,20310.0,E_R-SS-18_080224.pdf
354010,Pongaí,2024,Res SS 140/2024,2024-06-20,2,fixo,20310.0,E_R-SS-140_200624.pdf
354010,Pongaí,2024,Res SS 140/2024,2024-06-20,2,variavel,9159.81,E_R-SS-140_200624.pdf
354010,Pongaí,2024,Res SS 140/2024,2024-06-20,3,fixo,20310.0,E_R-SS-140_200624.pdf
354010,Pongaí,2024,Res SS 140/2024,2024-06-20,3,variavel,9159.81,E_R-SS-140_200624.pdf
354010,Pongaí,2025,Res SS 13/2025,2025-01-24,1,fixo,16925.0,E_R-SS-13_240125.pdf
354010,Pongaí,2025,Res SS 97/2025,2025-05-30,2,fixo,16925.0,E_R-SS-97_300525.pdf
354010,Pongaí,2025,Res SS 180/2025,2025-10-08,1+2,variavel,17602.0,E_RS-SS-180_081025.pdf
354010,Pongaí,2025,Res SS 230/2025,2025-12-09,2,ajuste,7210.05,E_RS-SS-230_091225.pdf
354010,Pongaí,2025,Res SS 230/2025,2025-12-09,2025,bonus,0.0,E_RS-SS-230_091225.pdf
354010,Pongaí,2025,Res SS 230/2025,2025-12-09,3,fixo,16925.0,E_RS-SS-230_091225.pdf
354010,Pongaí,2025,Res SS 230/2025,2025-12-09,3,variavel,11762.88,E_RS-SS-230_091225.pdf
354010,Pongaí,2026,Res SS 111/2026,2026-06-09,1,fixo,16925.0,E_RS-SS-111_090626.pdf
354010,Pongaí,2026,Res SS 111/2026,2026-06-09,1,variavel,16925.0,E_RS-SS-111_090626.pdf
354010,Pongaí,2026,Res SS 185/2026,2026-09-08,2,fixo,16925.0,E_RS-SS-185_080926.pdf
354010,Pongaí,2026,Res SS 185/2026,2026-09-08,2,variavel,16925.0,E_RS-SS-185_080926.pdf
354020,Pontal,2024,Res SS 18/2024,2024-02-08,1,fixo,155151.0,E_R-SS-18_080224.pdf
354020,Pontal,2024,Res SS 140/2024,2024-06-20,2,fixo,155151.0,E_R-SS-140_200624.pdf
354020,Pontal,2024,Res SS 140/2024,2024-06-20,2,variavel,88746.37,E_R-SS-140_200624.pdf
354020,Pontal,2024,Res SS 140/2024,2024-06-20,3,fixo,155151.0,E_R-SS-140_200624.pdf
354020,Pontal,2024,Res SS 140/2024,2024-06-20,3,variavel,88746.37,E_R-SS-140_200624.pdf
354020,Pontal,2025,Res SS 13/2025,2025-01-24,1,fixo,129292.5,E_R-SS-13_240125.pdf
354020,Pontal,2025,Res SS 97/2025,2025-05-30,2,fixo,129292.5,E_R-SS-97_300525.pdf
354020,Pontal,2025,Res SS 180/2025,2025-10-08,1+2,variavel,193938.75,E_RS-SS-180_081025.pdf
354020,Pontal,2025,Res SS 230/2025,2025-12-09,2,ajuste,0.0,E_RS-SS-230_091225.pdf
354020,Pontal,2025,Res SS 230/2025,2025-12-09,2025,bonus,0.0,E_RS-SS-230_091225.pdf
354020,Pontal,2025,Res SS 230/2025,2025-12-09,3,fixo,129292.5,E_RS-SS-230_091225.pdf
354020,Pontal,2025,Res SS 230/2025,2025-12-09,3,variavel,129292.5,E_RS-SS-230_091225.pdf
354020,Pontal,2026,Res SS 111/2026,2026-06-09,1,fixo,129292.5,E_RS-SS-111_090626.pdf
354020,Pontal,2026,Res SS 111/2026,2026-06-09,1,variavel,78221.96,E_RS-SS-111_090626.pdf
354020,Pontal,2026,Res SS 185/2026,2026-09-08,2,fixo,129292.5,E_RS-SS-185_080926.pdf
354020,Pontal,2026,Res SS 185/2026,2026-09-08,2,variavel,69817.95,E_RS-SS-185_080926.pdf
354025,Pontalinda,2024,Res SS 18/2024,2024-02-08,1,fixo,28314.0,E_R-SS-18_080224.pdf
354025,Pontalinda,2024,Res SS 140/2024,2024-06-20,2,fixo,28314.0,E_R-SS-140_200624.pdf
354025,Pontalinda,2024,Res SS 140/2024,2024-06-20,2,variavel,16143.7,E_R-SS-140_200624.pdf
354025,Pontalinda,2024,Res SS 140/2024,2024-06-20,3,fixo,28314.0,E_R-SS-140_200624.pdf
354025,Pontalinda,2024,Res SS 140/2024,2024-06-20,3,variavel,16143.7,E_R-SS-140_200624.pdf
354025,Pontalinda,2025,Res SS 13/2025,2025-01-24,1,fixo,23595.0,E_R-SS-13_240125.pdf
354025,Pontalinda,2025,Res SS 97/2025,2025-05-30,2,fixo,23595.0,E_R-SS-97_300525.pdf
354025,Pontalinda,2025,Res SS 180/2025,2025-10-08,1+2,variavel,22651.2,E_RS-SS-180_081025.pdf
354025,Pontalinda,2025,Res SS 230/2025,2025-12-09,2,ajuste,10865.5,E_RS-SS-230_091225.pdf
354025,Pontalinda,2025,Res SS 230/2025,2025-12-09,2025,bonus,0.0,E_RS-SS-230_091225.pdf
354025,Pontalinda,2025,Res SS 230/2025,2025-12-09,3,fixo,23595.0,E_RS-SS-230_091225.pdf
354025,Pontalinda,2025,Res SS 230/2025,2025-12-09,3,variavel,23595.0,E_RS-SS-230_091225.pdf
354025,Pontalinda,2026,Res SS 111/2026,2026-06-09,1,fixo,23595.0,E_RS-SS-111_090626.pdf
354025,Pontalinda,2026,Res SS 111/2026,2026-06-09,1,variavel,23595.0,E_RS-SS-111_090626.pdf
354025,Pontalinda,2026,Res SS 185/2026,2026-09-08,2,fixo,23595.0,E_RS-SS-185_080926.pdf
354025,Pontalinda,2026,Res SS 185/2026,2026-09-08,2,variavel,23595.0,E_RS-SS-185_080926.pdf
354030,Pontes Gestal,2024,Res SS 18/2024,2024-02-08,1,fixo,15456.0,E_R-SS-18_080224.pdf
354030,Pontes Gestal,2024,Res SS 140/2024,2024-06-20,2,fixo,15456.0,E_R-SS-140_200624.pdf
354030,Pontes Gestal,2024,Res SS 140/2024,2024-06-20,2,variavel,9747.58,E_R-SS-140_200624.pdf
354030,Pontes Gestal,2024,Res SS 140/2024,2024-06-20,3,fixo,15456.0,E_R-SS-140_200624.pdf
354030,Pontes Gestal,2024,Res SS 140/2024,2024-06-20,3,variavel,9747.58,E_R-SS-140_200624.pdf
354030,Pontes Gestal,2025,Res SS 13/2025,2025-01-24,1,fixo,12880.0,E_R-SS-13_240125.pdf
354030,Pontes Gestal,2025,Res SS 97/2025,2025-05-30,2,fixo,12880.0,E_R-SS-97_300525.pdf
354030,Pontes Gestal,2025,Res SS 180/2025,2025-10-08,1+2,variavel,23956.8,E_RS-SS-180_081025.pdf
354030,Pontes Gestal,2025,Res SS 230/2025,2025-12-09,2,ajuste,0.0,E_RS-SS-230_091225.pdf
354030,Pontes Gestal,2025,Res SS 230/2025,2025-12-09,2025,bonus,0.0,E_RS-SS-230_091225.pdf
354030,Pontes Gestal,2025,Res SS 230/2025,2025-12-09,3,fixo,12880.0,E_RS-SS-230_091225.pdf
354030,Pontes Gestal,2025,Res SS 230/2025,2025-12-09,3,variavel,10819.2,E_RS-SS-230_091225.pdf
354030,Pontes Gestal,2026,Res SS 111/2026,2026-06-09,1,fixo,12880.0,E_RS-SS-111_090626.pdf
354030,Pontes Gestal,2026,Res SS 111/2026,2026-06-09,1,variavel,12880.0,E_RS-SS-111_090626.pdf
354030,Pontes Gestal,2026,Res SS 185/2026,2026-09-08,2,fixo,12880.0,E_RS-SS-185_080926.pdf
354030,Pontes Gestal,2026,Res SS 185/2026,2026-09-08,2,variavel,12493.6,E_RS-SS-185_080926.pdf
354040,Populina,2024,Res SS 18/2024,2024-02-08,1,fixo,28952.0,E_R-SS-18_080224.pdf
354040,Populina,2024,Res SS 140/2024,2024-06-20,2,fixo,28952.0,E_R-SS-140_200624.pdf
354040,Populina,2024,Res SS 140/2024,2024-06-20,2,variavel,19301.33,E_R-SS-140_200624.pdf
354040,Populina,2024,Res SS 140/2024,2024-06-20,3,fixo,28952.0,E_R-SS-140_200624.pdf
354040,Populina,2024,Res SS 140/2024,2024-06-20,3,variavel,19301.33,E_R-SS-140_200624.pdf
354040,Populina,2025,Res SS 13/2025,2025-01-24,1,fixo,24126.67,E_R-SS-13_240125.pdf
354040,Populina,2025,Res SS 97/2025,2025-05-30,2,fixo,24126.67,E_R-SS-97_300525.pdf
354040,Populina,2025,Res SS 180/2025,2025-10-08,1+2,variavel,24126.67,E_RS-SS-180_081025.pdf
354040,Populina,2025,Res SS 230/2025,2025-12-09,2,ajuste,12063.33,E_RS-SS-230_091225.pdf
354040,Populina,2025,Res SS 230/2025,2025-12-09,2025,bonus,0.0,E_RS-SS-230_091225.pdf
354040,Populina,2025,Res SS 230/2025,2025-12-09,3,fixo,24126.67,E_RS-SS-230_091225.pdf
354040,Populina,2025,Res SS 230/2025,2025-12-09,3,variavel,23402.87,E_RS-SS-230_091225.pdf
354040,Populina,2026,Res SS 111/2026,2026-06-09,1,fixo,24126.67,E_RS-SS-111_090626.pdf
354040,Populina,2026,Res SS 111/2026,2026-06-09,1,variavel,24126.67,E_RS-SS-111_090626.pdf
354040,Populina,2026,Res SS 185/2026,2026-09-08,2,fixo,24126.67,E_RS-SS-185_080926.pdf
354040,Populina,2026,Res SS 185/2026,2026-09-08,2,variavel,24126.67,E_RS-SS-185_080926.pdf
354050,Porangaba,2024,Res SS 18/2024,2024-02-08,1,fixo,71435.0,E_R-SS-18_080224.pdf
354050,Porangaba,2024,Res SS 140/2024,2024-06-20,2,fixo,71435.0,E_R-SS-140_200624.pdf
354050,Porangaba,2024,Res SS 140/2024,2024-06-20,2,variavel,46099.39,E_R-SS-140_200624.pdf
354050,Porangaba,2024,Res SS 140/2024,2024-06-20,3,fixo,71435.0,E_R-SS-140_200624.pdf
354050,Porangaba,2024,Res SS 140/2024,2024-06-20,3,variavel,46099.39,E_R-SS-140_200624.pdf
354050,Porangaba,2025,Res SS 13/2025,2025-01-24,1,fixo,59529.17,E_R-SS-13_240125.pdf
354050,Porangaba,2025,Res SS 97/2025,2025-05-30,2,fixo,59529.17,E_R-SS-97_300525.pdf
354050,Porangaba,2025,Res SS 180/2025,2025-10-08,1+2,variavel,50004.5,E_RS-SS-180_081025.pdf
354050,Porangaba,2025,Res SS 230/2025,2025-12-09,2,ajuste,34526.92,E_RS-SS-230_091225.pdf
354050,Porangaba,2025,Res SS 230/2025,2025-12-09,2025,bonus,0.0,E_RS-SS-230_091225.pdf
354050,Porangaba,2025,Res SS 230/2025,2025-12-09,3,fixo,59529.17,E_RS-SS-230_091225.pdf
354050,Porangaba,2025,Res SS 230/2025,2025-12-09,3,variavel,59529.17,E_RS-SS-230_091225.pdf
354050,Porangaba,2026,Res SS 111/2026,2026-06-09,1,fixo,59529.17,E_RS-SS-111_090626.pdf
354050,Porangaba,2026,Res SS 111/2026,2026-06-09,1,variavel,59529.17,E_RS-SS-111_090626.pdf
354050,Porangaba,2026,Res SS 185/2026,2026-09-08,2,fixo,59529.17,E_RS-SS-185_080926.pdf
354050,Porangaba,2026,Res SS 185/2026,2026-09-08,2,variavel,59529.17,E_RS-SS-185_080926.pdf
354060,Porto Feliz,2024,Res SS 18/2024,2024-02-08,1,fixo,161094.0,E_R-SS-18_080224.pdf
354060,Porto Feliz,2024,Res SS 140/2024,2024-06-20,2,fixo,161094.0,E_R-SS-140_200624.pdf
354060,Porto Feliz,2024,Res SS 140/2024,2024-06-20,2,variavel,81513.56,E_R-SS-140_200624.pdf
354060,Porto Feliz,2024,Res SS 140/2024,2024-06-20,3,fixo,161094.0,E_R-SS-140_200624.pdf
354060,Porto Feliz,2024,Res SS 140/2024,2024-06-20,3,variavel,81513.56,E_R-SS-140_200624.pdf
354060,Porto Feliz,2025,Res SS 13/2025,2025-01-24,1,fixo,134245.0,E_R-SS-13_240125.pdf
354060,Porto Feliz,2025,Res SS 97/2025,2025-05-30,2,fixo,134245.0,E_R-SS-97_300525.pdf
354060,Porto Feliz,2025,Res SS 180/2025,2025-10-08,1+2,variavel,123505.4,E_RS-SS-180_081025.pdf
354060,Porto Feliz,2025,Res SS 230/2025,2025-12-09,2,ajuste,20942.22,E_RS-SS-230_091225.pdf
354060,Porto Feliz,2025,Res SS 230/2025,2025-12-09,2025,bonus,0.0,E_RS-SS-230_091225.pdf
354060,Porto Feliz,2025,Res SS 230/2025,2025-12-09,3,fixo,134245.0,E_RS-SS-230_091225.pdf
354060,Porto Feliz,2025,Res SS 230/2025,2025-12-09,3,variavel,95985.18,E_RS-SS-230_091225.pdf
354060,Porto Feliz,2026,Res SS 111/2026,2026-06-09,1,fixo,134245.0,E_RS-SS-111_090626.pdf
354060,Porto Feliz,2026,Res SS 111/2026,2026-06-09,1,variavel,110752.13,E_RS-SS-111_090626.pdf
354060,Porto Feliz,2026,Res SS 185/2026,2026-09-08,2,fixo,134245.0,E_RS-SS-185_080926.pdf
354060,Porto Feliz,2026,Res SS 185/2026,2026-09-08,2,variavel,67122.5,E_RS-SS-185_080926.pdf
354070,Porto Ferreira,2024,Res SS 18/2024,2024-02-08,1,fixo,170544.0,E_R-SS-18_080224.pdf
354070,Porto Ferreira,2024,Res SS 140/2024,2024-06-20,2,fixo,170544.0,E_R-SS-140_200624.pdf
354070,Porto Ferreira,2024,Res SS 140/2024,2024-06-20,2,variavel,105055.1,E_R-SS-140_200624.pdf
354070,Porto Ferreira,2024,Res SS 140/2024,2024-06-20,3,fixo,170544.0,E_R-SS-140_200624.pdf
354070,Porto Ferreira,2024,Res SS 140/2024,2024-06-20,3,variavel,105055.1,E_R-SS-140_200624.pdf
354070,Porto Ferreira,2025,Res SS 13/2025,2025-01-24,1,fixo,142120.0,E_R-SS-13_240125.pdf
354070,Porto Ferreira,2025,Res SS 97/2025,2025-05-30,2,fixo,142120.0,E_R-SS-97_300525.pdf
354070,Porto Ferreira,2025,Res SS 180/2025,2025-10-08,1+2,variavel,153489.6,E_RS-SS-180_081025.pdf
354070,Porto Ferreira,2025,Res SS 230/2025,2025-12-09,2,ajuste,57700.72,E_RS-SS-230_091225.pdf
354070,Porto Ferreira,2025,Res SS 230/2025,2025-12-09,2025,bonus,0.0,E_RS-SS-230_091225.pdf
354070,Porto Ferreira,2025,Res SS 230/2025,2025-12-09,3,fixo,142120.0,E_RS-SS-230_091225.pdf
354070,Porto Ferreira,2025,Res SS 230/2025,2025-12-09,3,variavel,119380.8,E_RS-SS-230_091225.pdf
354070,Porto Ferreira,2026,Res SS 111/2026,2026-06-09,1,fixo,142120.0,E_RS-SS-111_090626.pdf
354070,Porto Ferreira,2026,Res SS 111/2026,2026-06-09,1,variavel,142120.0,E_RS-SS-111_090626.pdf
354070,Porto Ferreira,2026,Res SS 185/2026,2026-09-08,2,fixo,142120.0,E_RS-SS-185_080926.pdf
354070,Porto Ferreira,2026,Res SS 185/2026,2026-09-08,2,variavel,120091.4,E_RS-SS-185_080926.pdf
354075,Potim,2024,Res SS 18/2024,2024-02-08,1,fixo,179221.0,E_R-SS-18_080224.pdf
354075,Potim,2024,Res SS 140/2024,2024-06-20,2,fixo,179221.0,E_R-SS-140_200624.pdf
354075,Potim,2024,Res SS 140/2024,2024-06-20,2,variavel,107114.42,E_R-SS-140_200624.pdf
354075,Potim,2024,Res SS 140/2024,2024-06-20,3,fixo,179221.0,E_R-SS-140_200624.pdf
354075,Potim,2024,Res SS 140/2024,2024-06-20,3,variavel,107114.42,E_R-SS-140_200624.pdf
354075,Potim,2025,Res SS 13/2025,2025-01-24,1,fixo,149350.83,E_R-SS-13_240125.pdf
354075,Potim,2025,Res SS 97/2025,2025-05-30,2,fixo,149350.83,E_R-SS-97_300525.pdf
354075,Potim,2025,Res SS 180/2025,2025-10-08,1+2,variavel,152337.85,E_RS-SS-180_081025.pdf
354075,Potim,2025,Res SS 230/2025,2025-12-09,2,ajuste,73181.91,E_RS-SS-230_091225.pdf
354075,Potim,2025,Res SS 230/2025,2025-12-09,2025,bonus,0.0,E_RS-SS-230_091225.pdf
354075,Potim,2025,Res SS 230/2025,2025-12-09,3,fixo,149350.83,E_RS-SS-230_091225.pdf
354075,Potim,2025,Res SS 230/2025,2025-12-09,3,variavel,132922.24,E_RS-SS-230_091225.pdf
354075,Potim,2026,Res SS 111/2026,2026-06-09,1,fixo,149350.83,E_RS-SS-111_090626.pdf
354075,Potim,2026,Res SS 111/2026,2026-06-09,1,variavel,149350.83,E_RS-SS-111_090626.pdf
354075,Potim,2026,Res SS 185/2026,2026-09-08,2,fixo,149350.83,E_RS-SS-185_080926.pdf
354075,Potim,2026,Res SS 185/2026,2026-09-08,2,variavel,71688.4,E_RS-SS-185_080926.pdf
354080,Potirendaba,2024,Res SS 18/2024,2024-02-08,1,fixo,106008.0,E_R-SS-18_080224.pdf
354080,Potirendaba,2024,Res SS 140/2024,2024-06-20,2,fixo,106008.0,E_R-SS-140_200624.pdf
354080,Potirendaba,2024,Res SS 140/2024,2024-06-20,2,variavel,57138.31,E_R-SS-140_200624.pdf
354080,Potirendaba,2024,Res SS 140/2024,2024-06-20,3,fixo,106008.0,E_R-SS-140_200624.pdf
354080,Potirendaba,2024,Res SS 140/2024,2024-06-20,3,variavel,57138.31,E_R-SS-140_200624.pdf
354080,Potirendaba,2025,Res SS 13/2025,2025-01-24,1,fixo,88340.0,E_R-SS-13_240125.pdf
354080,Potirendaba,2025,Res SS 97/2025,2025-05-30,2,fixo,88340.0,E_R-SS-97_300525.pdf
354080,Potirendaba,2025,Res SS 180/2025,2025-10-08,1+2,variavel,121909.2,E_RS-SS-180_081025.pdf
354080,Potirendaba,2025,Res SS 230/2025,2025-12-09,2,ajuste,18728.08,E_RS-SS-230_091225.pdf
354080,Potirendaba,2025,Res SS 230/2025,2025-12-09,2025,bonus,0.0,E_RS-SS-230_091225.pdf
354080,Potirendaba,2025,Res SS 230/2025,2025-12-09,3,fixo,88340.0,E_RS-SS-230_091225.pdf
354080,Potirendaba,2025,Res SS 230/2025,2025-12-09,3,variavel,85689.8,E_RS-SS-230_091225.pdf
354080,Potirendaba,2026,Res SS 111/2026,2026-06-09,1,fixo,88340.0,E_RS-SS-111_090626.pdf
354080,Potirendaba,2026,Res SS 111/2026,2026-06-09,1,variavel,88340.0,E_RS-SS-111_090626.pdf
354080,Potirendaba,2026,Res SS 185/2026,2026-09-08,2,fixo,88340.0,E_RS-SS-185_080926.pdf
354080,Potirendaba,2026,Res SS 185/2026,2026-09-08,2,variavel,88340.0,E_RS-SS-185_080926.pdf
354085,Pracinha,2024,Res SS 18/2024,2024-02-08,1,fixo,25962.0,E_R-SS-18_080224.pdf
354085,Pracinha,2024,Res SS 140/2024,2024-06-20,2,fixo,25962.0,E_R-SS-140_200624.pdf
354085,Pracinha,2024,Res SS 140/2024,2024-06-20,2,variavel,15992.59,E_R-SS-140_200624.pdf
354085,Pracinha,2024,Res SS 140/2024,2024-06-20,3,fixo,25962.0,E_R-SS-140_200624.pdf
354085,Pracinha,2024,Res SS 140/2024,2024-06-20,3,variavel,15992.59,E_R-SS-140_200624.pdf
354085,Pracinha,2025,Res SS 13/2025,2025-01-24,1,fixo,21635.0,E_R-SS-13_240125.pdf
354085,Pracinha,2025,Res SS 97/2025,2025-05-30,2,fixo,21635.0,E_R-SS-97_300525.pdf
354085,Pracinha,2025,Res SS 180/2025,2025-10-08,1+2,variavel,39808.4,E_RS-SS-180_081025.pdf
354085,Pracinha,2025,Res SS 230/2025,2025-12-09,2,ajuste,0.0,E_RS-SS-230_091225.pdf
354085,Pracinha,2025,Res SS 230/2025,2025-12-09,2025,bonus,0.0,E_RS-SS-230_091225.pdf
354085,Pracinha,2025,Res SS 230/2025,2025-12-09,3,fixo,21635.0,E_RS-SS-230_091225.pdf
354085,Pracinha,2025,Res SS 230/2025,2025-12-09,3,variavel,21635.0,E_RS-SS-230_091225.pdf
354085,Pracinha,2026,Res SS 111/2026,2026-06-09,1,fixo,21635.0,E_RS-SS-111_090626.pdf
354085,Pracinha,2026,Res SS 111/2026,2026-06-09,1,variavel,18497.93,E_RS-SS-111_090626.pdf
354085,Pracinha,2026,Res SS 185/2026,2026-09-08,2,fixo,21635.0,E_RS-SS-185_080926.pdf
354085,Pracinha,2026,Res SS 185/2026,2026-09-08,2,variavel,11466.55,E_RS-SS-185_080926.pdf
354090,Pradópolis,2024,Res SS 18/2024,2024-02-08,1,fixo,66717.0,E_R-SS-18_080224.pdf
354090,Pradópolis,2024,Res SS 140/2024,2024-06-20,2,fixo,66717.0,E_R-SS-140_200624.pdf
354090,Pradópolis,2024,Res SS 140/2024,2024-06-20,2,variavel,38896.01,E_R-SS-140_200624.pdf
354090,Pradópolis,2024,Res SS 140/2024,2024-06-20,3,fixo,66717.0,E_R-SS-140_200624.pdf
354090,Pradópolis,2024,Res SS 140/2024,2024-06-20,3,variavel,38896.01,E_R-SS-140_200624.pdf
354090,Pradópolis,2025,Res SS 13/2025,2025-01-24,1,fixo,55597.5,E_R-SS-13_240125.pdf
354090,Pradópolis,2025,Res SS 97/2025,2025-05-30,2,fixo,55597.5,E_R-SS-97_300525.pdf
354090,Pradópolis,2025,Res SS 180/2025,2025-10-08,1+2,variavel,111195.0,E_RS-SS-180_081025.pdf
354090,Pradópolis,2025,Res SS 230/2025,2025-12-09,2,ajuste,0.0,E_RS-SS-230_091225.pdf
354090,Pradópolis,2025,Res SS 230/2025,2025-12-09,2025,bonus,0.0,E_RS-SS-230_091225.pdf
354090,Pradópolis,2025,Res SS 230/2025,2025-12-09,3,fixo,55597.5,E_RS-SS-230_091225.pdf
354090,Pradópolis,2025,Res SS 230/2025,2025-12-09,3,variavel,55597.5,E_RS-SS-230_091225.pdf
354090,Pradópolis,2026,Res SS 111/2026,2026-06-09,1,fixo,55597.5,E_RS-SS-111_090626.pdf
354090,Pradópolis,2026,Res SS 111/2026,2026-06-09,1,variavel,36138.38,E_RS-SS-111_090626.pdf
354090,Pradópolis,2026,Res SS 185/2026,2026-09-08,2,fixo,55597.5,E_RS-SS-185_080926.pdf
354090,Pradópolis,2026,Res SS 185/2026,2026-09-08,2,variavel,28910.7,E_RS-SS-185_080926.pdf
354100,Praia Grande,2024,Res SS 18/2024,2024-02-08,1,fixo,1009362.0,E_R-SS-18_080224.pdf
354100,Praia Grande,2024,Res SS 140/2024,2024-06-20,2,fixo,1009362.0,E_R-SS-140_200624.pdf
354100,Praia Grande,2024,Res SS 140/2024,2024-06-20,2,variavel,272527.74,E_R-SS-140_200624.pdf
354100,Praia Grande,2024,Res SS 140/2024,2024-06-20,3,fixo,1009362.0,E_R-SS-140_200624.pdf
354100,Praia Grande,2024,Res SS 140/2024,2024-06-20,3,variavel,272527.74,E_R-SS-140_200624.pdf
354100,Praia Grande,2025,Res SS 13/2025,2025-01-24,1,fixo,841135.0,E_R-SS-13_240125.pdf
354100,Praia Grande,2025,Res SS 97/2025,2025-05-30,2,fixo,841135.0,E_R-SS-97_300525.pdf
354100,Praia Grande,2025,Res SS 180/2025,2025-10-08,1+2,variavel,790666.9,E_RS-SS-180_081025.pdf
354100,Praia Grande,2025,Res SS 230/2025,2025-12-09,2,ajuste,0.0,E_RS-SS-230_091225.pdf
354100,Praia Grande,2025,Res SS 230/2025,2025-12-09,2025,bonus,0.0,E_RS-SS-230_091225.pdf
354100,Praia Grande,2025,Res SS 230/2025,2025-12-09,3,fixo,841135.0,E_RS-SS-230_091225.pdf
354100,Praia Grande,2025,Res SS 230/2025,2025-12-09,3,variavel,622439.9,E_RS-SS-230_091225.pdf
354100,Praia Grande,2026,Res SS 111/2026,2026-06-09,1,fixo,841135.0,E_RS-SS-111_090626.pdf
354100,Praia Grande,2026,Res SS 111/2026,2026-06-09,1,variavel,664496.65,E_RS-SS-111_090626.pdf
354100,Praia Grande,2026,Res SS 185/2026,2026-09-08,2,fixo,841135.0,E_RS-SS-185_080926.pdf
354100,Praia Grande,2026,Res SS 185/2026,2026-09-08,2,variavel,418464.66,E_RS-SS-185_080926.pdf
354105,Pratânia,2024,Res SS 18/2024,2024-02-08,1,fixo,32226.0,E_R-SS-18_080224.pdf
354105,Pratânia,2024,Res SS 140/2024,2024-06-20,2,fixo,32226.0,E_R-SS-140_200624.pdf
354105,Pratânia,2024,Res SS 140/2024,2024-06-20,2,variavel,19378.57,E_R-SS-140_200624.pdf
354105,Pratânia,2024,Res SS 140/2024,2024-06-20,3,fixo,32226.0,E_R-SS-140_200624.pdf
354105,Pratânia,2024,Res SS 140/2024,2024-06-20,3,variavel,19378.57,E_R-SS-140_200624.pdf
354105,Pratânia,2025,Res SS 13/2025,2025-01-24,1,fixo,26855.0,E_R-SS-13_240125.pdf
354105,Pratânia,2025,Res SS 97/2025,2025-05-30,2,fixo,26855.0,E_R-SS-97_300525.pdf
354105,Pratânia,2025,Res SS 180/2025,2025-10-08,1+2,variavel,25780.8,E_RS-SS-180_081025.pdf
354105,Pratânia,2025,Res SS 230/2025,2025-12-09,2,ajuste,13105.24,E_RS-SS-230_091225.pdf
354105,Pratânia,2025,Res SS 230/2025,2025-12-09,2025,bonus,0.0,E_RS-SS-230_091225.pdf
354105,Pratânia,2025,Res SS 230/2025,2025-12-09,3,fixo,26855.0,E_RS-SS-230_091225.pdf
354105,Pratânia,2025,Res SS 230/2025,2025-12-09,3,variavel,24975.15,E_RS-SS-230_091225.pdf
354105,Pratânia,2026,Res SS 111/2026,2026-06-09,1,fixo,26855.0,E_RS-SS-111_090626.pdf
354105,Pratânia,2026,Res SS 111/2026,2026-06-09,1,variavel,26317.9,E_RS-SS-111_090626.pdf
354105,Pratânia,2026,Res SS 185/2026,2026-09-08,2,fixo,26855.0,E_RS-SS-185_080926.pdf
354105,Pratânia,2026,Res SS 185/2026,2026-09-08,2,variavel,18462.81,E_RS-SS-185_080926.pdf
354110,Presidente Alves,2024,Res SS 18/2024,2024-02-08,1,fixo,28469.0,E_R-SS-18_080224.pdf
354110,Presidente Alves,2024,Res SS 140/2024,2024-06-20,2,fixo,28469.0,E_R-SS-140_200624.pdf
354110,Presidente Alves,2024,Res SS 140/2024,2024-06-20,2,variavel,14509.7,E_R-SS-140_200624.pdf
354110,Presidente Alves,2024,Res SS 140/2024,2024-06-20,3,fixo,28469.0,E_R-SS-140_200624.pdf
354110,Presidente Alves,2024,Res SS 140/2024,2024-06-20,3,variavel,14509.7,E_R-SS-140_200624.pdf
354110,Presidente Alves,2025,Res SS 13/2025,2025-01-24,1,fixo,23724.17,E_R-SS-13_240125.pdf
354110,Presidente Alves,2025,Res SS 97/2025,2025-05-30,2,fixo,23724.17,E_R-SS-97_300525.pdf
354110,Presidente Alves,2025,Res SS 180/2025,2025-10-08,1+2,variavel,21826.23,E_RS-SS-180_081025.pdf
354110,Presidente Alves,2025,Res SS 230/2025,2025-12-09,2,ajuste,6832.56,E_RS-SS-230_091225.pdf
354110,Presidente Alves,2025,Res SS 230/2025,2025-12-09,2025,bonus,0.0,E_RS-SS-230_091225.pdf
354110,Presidente Alves,2025,Res SS 230/2025,2025-12-09,3,fixo,23724.17,E_RS-SS-230_091225.pdf
354110,Presidente Alves,2025,Res SS 230/2025,2025-12-09,3,variavel,15539.33,E_RS-SS-230_091225.pdf
354110,Presidente Alves,2026,Res SS 111/2026,2026-06-09,1,fixo,23724.17,E_RS-SS-111_090626.pdf
354110,Presidente Alves,2026,Res SS 111/2026,2026-06-09,1,variavel,23724.17,E_RS-SS-111_090626.pdf
354110,Presidente Alves,2026,Res SS 185/2026,2026-09-08,2,fixo,23724.17,E_RS-SS-185_080926.pdf
354110,Presidente Alves,2026,Res SS 185/2026,2026-09-08,2,variavel,23724.17,E_RS-SS-185_080926.pdf
354120,Presidente Bernardes,2024,Res SS 18/2024,2024-02-08,1,fixo,77658.0,E_R-SS-18_080224.pdf
354120,Presidente Bernardes,2024,Res SS 140/2024,2024-06-20,2,fixo,77658.0,E_R-SS-140_200624.pdf
354120,Presidente Bernardes,2024,Res SS 140/2024,2024-06-20,2,variavel,45559.36,E_R-SS-140_200624.pdf
354120,Presidente Bernardes,2024,Res SS 140/2024,2024-06-20,3,fixo,77658.0,E_R-SS-140_200624.pdf
354120,Presidente Bernardes,2024,Res SS 140/2024,2024-06-20,3,variavel,45559.36,E_R-SS-140_200624.pdf
354120,Presidente Bernardes,2025,Res SS 13/2025,2025-01-24,1,fixo,64715.0,E_R-SS-13_240125.pdf
354120,Presidente Bernardes,2025,Res SS 97/2025,2025-05-30,2,fixo,64715.0,E_R-SS-97_300525.pdf
354120,Presidente Bernardes,2025,Res SS 180/2025,2025-10-08,1+2,variavel,119075.6,E_RS-SS-180_081025.pdf
354120,Presidente Bernardes,2025,Res SS 230/2025,2025-12-09,2,ajuste,0.0,E_RS-SS-230_091225.pdf
354120,Presidente Bernardes,2025,Res SS 230/2025,2025-12-09,2025,bonus,0.0,E_RS-SS-230_091225.pdf
354120,Presidente Bernardes,2025,Res SS 230/2025,2025-12-09,3,fixo,64715.0,E_RS-SS-230_091225.pdf
354120,Presidente Bernardes,2025,Res SS 230/2025,2025-12-09,3,variavel,64715.0,E_RS-SS-230_091225.pdf
354120,Presidente Bernardes,2026,Res SS 111/2026,2026-06-09,1,fixo,64715.0,E_RS-SS-111_090626.pdf
354120,Presidente Bernardes,2026,Res SS 111/2026,2026-06-09,1,variavel,36887.55,E_RS-SS-111_090626.pdf
354120,Presidente Bernardes,2026,Res SS 185/2026,2026-09-08,2,fixo,64715.0,E_RS-SS-185_080926.pdf
354120,Presidente Bernardes,2026,Res SS 185/2026,2026-09-08,2,variavel,53713.45,E_RS-SS-185_080926.pdf
354130,Presidente Epitácio,2024,Res SS 18/2024,2024-02-08,1,fixo,267432.0,E_R-SS-18_080224.pdf
354130,Presidente Epitácio,2024,Res SS 140/2024,2024-06-20,2,fixo,267432.0,E_R-SS-140_200624.pdf
354130,Presidente Epitácio,2024,Res SS 140/2024,2024-06-20,2,variavel,122573.0,E_R-SS-140_200624.pdf
354130,Presidente Epitácio,2024,Res SS 140/2024,2024-06-20,3,fixo,267432.0,E_R-SS-140_200624.pdf
354130,Presidente Epitácio,2024,Res SS 140/2024,2024-06-20,3,variavel,122573.0,E_R-SS-140_200624.pdf
354130,Presidente Epitácio,2025,Res SS 13/2025,2025-01-24,1,fixo,222860.0,E_R-SS-13_240125.pdf
354130,Presidente Epitácio,2025,Res SS 97/2025,2025-05-30,2,fixo,222860.0,E_R-SS-97_300525.pdf
354130,Presidente Epitácio,2025,Res SS 180/2025,2025-10-08,1+2,variavel,205031.2,E_RS-SS-180_081025.pdf
354130,Presidente Epitácio,2025,Res SS 230/2025,2025-12-09,2,ajuste,45797.73,E_RS-SS-230_091225.pdf
354130,Presidente Epitácio,2025,Res SS 230/2025,2025-12-09,2025,bonus,0.0,E_RS-SS-230_091225.pdf
354130,Presidente Epitácio,2025,Res SS 230/2025,2025-12-09,3,fixo,222860.0,E_RS-SS-230_091225.pdf
354130,Presidente Epitácio,2025,Res SS 230/2025,2025-12-09,3,variavel,182745.2,E_RS-SS-230_091225.pdf
354130,Presidente Epitácio,2026,Res SS 111/2026,2026-06-09,1,fixo,222860.0,E_RS-SS-111_090626.pdf
354130,Presidente Epitácio,2026,Res SS 111/2026,2026-06-09,1,variavel,186088.1,E_RS-SS-111_090626.pdf
354130,Presidente Epitácio,2026,Res SS 185/2026,2026-09-08,2,fixo,222860.0,E_RS-SS-185_080926.pdf
354130,Presidente Epitácio,2026,Res SS 185/2026,2026-09-08,2,variavel,113658.6,E_RS-SS-185_080926.pdf
354140,Presidente Prudente,2024,Res SS 18/2024,2024-02-08,1,fixo,695859.0,E_R-SS-18_080224.pdf
354140,Presidente Prudente,2024,Res SS 140/2024,2024-06-20,2,fixo,695859.0,E_R-SS-140_200624.pdf
354140,Presidente Prudente,2024,Res SS 140/2024,2024-06-20,2,variavel,389681.04,E_R-SS-140_200624.pdf
354140,Presidente Prudente,2024,Res SS 140/2024,2024-06-20,3,fixo,695859.0,E_R-SS-140_200624.pdf
354140,Presidente Prudente,2024,Res SS 140/2024,2024-06-20,3,variavel,389681.04,E_R-SS-140_200624.pdf
354140,Presidente Prudente,2025,Res SS 13/2025,2025-01-24,1,fixo,579882.5,E_R-SS-13_240125.pdf
354140,Presidente Prudente,2025,Res SS 97/2025,2025-05-30,2,fixo,579882.5,E_R-SS-97_300525.pdf
354140,Presidente Prudente,2025,Res SS 180/2025,2025-10-08,1+2,variavel,440710.7,E_RS-SS-180_081025.pdf
354140,Presidente Prudente,2025,Res SS 230/2025,2025-12-09,2,ajuste,144970.63,E_RS-SS-230_091225.pdf
354140,Presidente Prudente,2025,Res SS 230/2025,2025-12-09,2025,bonus,0.0,E_RS-SS-230_091225.pdf
354140,Presidente Prudente,2025,Res SS 230/2025,2025-12-09,3,fixo,579882.5,E_RS-SS-230_091225.pdf
354140,Presidente Prudente,2025,Res SS 230/2025,2025-12-09,3,variavel,432012.46,E_RS-SS-230_091225.pdf
354140,Presidente Prudente,2026,Res SS 111/2026,2026-06-09,1,fixo,579882.5,E_RS-SS-111_090626.pdf
354140,Presidente Prudente,2026,Res SS 111/2026,2026-06-09,1,variavel,469704.83,E_RS-SS-111_090626.pdf
354140,Presidente Prudente,2026,Res SS 185/2026,2026-09-08,2,fixo,579882.5,E_RS-SS-185_080926.pdf
354140,Presidente Prudente,2026,Res SS 185/2026,2026-09-08,2,variavel,488551.01,E_RS-SS-185_080926.pdf
354150,Presidente Venceslau,2024,Res SS 18/2024,2024-02-08,1,fixo,237888.0,E_R-SS-18_080224.pdf
354150,Presidente Venceslau,2024,Res SS 140/2024,2024-06-20,2,fixo,237888.0,E_R-SS-140_200624.pdf
354150,Presidente Venceslau,2024,Res SS 140/2024,2024-06-20,2,variavel,122551.97,E_R-SS-140_200624.pdf
354150,Presidente Venceslau,2024,Res SS 140/2024,2024-06-20,3,fixo,237888.0,E_R-SS-140_200624.pdf
354150,Presidente Venceslau,2024,Res SS 140/2024,2024-06-20,3,variavel,122551.97,E_R-SS-140_200624.pdf
354150,Presidente Venceslau,2025,Res SS 13/2025,2025-01-24,1,fixo,198240.0,E_R-SS-13_240125.pdf
354150,Presidente Venceslau,2025,Res SS 97/2025,2025-05-30,2,fixo,198240.0,E_R-SS-97_300525.pdf
354150,Presidente Venceslau,2025,Res SS 180/2025,2025-10-08,1+2,variavel,372691.2,E_RS-SS-180_081025.pdf
354150,Presidente Venceslau,2025,Res SS 230/2025,2025-12-09,2,ajuste,0.0,E_RS-SS-230_091225.pdf
354150,Presidente Venceslau,2025,Res SS 230/2025,2025-12-09,2025,bonus,0.0,E_RS-SS-230_091225.pdf
354150,Presidente Venceslau,2025,Res SS 230/2025,2025-12-09,3,fixo,198240.0,E_RS-SS-230_091225.pdf
354150,Presidente Venceslau,2025,Res SS 230/2025,2025-12-09,3,variavel,116961.6,E_RS-SS-230_091225.pdf
354150,Presidente Venceslau,2026,Res SS 111/2026,2026-06-09,1,fixo,198240.0,E_RS-SS-111_090626.pdf
354150,Presidente Venceslau,2026,Res SS 111/2026,2026-06-09,1,variavel,154627.2,E_RS-SS-111_090626.pdf
354150,Presidente Venceslau,2026,Res SS 185/2026,2026-09-08,2,fixo,198240.0,E_RS-SS-185_080926.pdf
354150,Presidente Venceslau,2026,Res SS 185/2026,2026-09-08,2,variavel,103084.8,E_RS-SS-185_080926.pdf
354160,Promissão,2024,Res SS 18/2024,2024-02-08,1,fixo,123633.0,E_R-SS-18_080224.pdf
354160,Promissão,2024,Res SS 140/2024,2024-06-20,2,fixo,123633.0,E_R-SS-140_200624.pdf
354160,Promissão,2024,Res SS 140/2024,2024-06-20,2,variavel,76157.93,E_R-SS-140_200624.pdf
354160,Promissão,2024,Res SS 140/2024,2024-06-20,3,fixo,123633.0,E_R-SS-140_200624.pdf
354160,Promissão,2024,Res SS 140/2024,2024-06-20,3,variavel,76157.93,E_R-SS-140_200624.pdf
354160,Promissão,2025,Res SS 13/2025,2025-01-24,1,fixo,103027.5,E_R-SS-13_240125.pdf
354160,Promissão,2025,Res SS 97/2025,2025-05-30,2,fixo,103027.5,E_R-SS-97_300525.pdf
354160,Promissão,2025,Res SS 180/2025,2025-10-08,1+2,variavel,113330.25,E_RS-SS-180_081025.pdf
354160,Promissão,2025,Res SS 230/2025,2025-12-09,2,ajuste,25756.88,E_RS-SS-230_091225.pdf
354160,Promissão,2025,Res SS 230/2025,2025-12-09,2025,bonus,0.0,E_RS-SS-230_091225.pdf
354160,Promissão,2025,Res SS 230/2025,2025-12-09,3,fixo,103027.5,E_RS-SS-230_091225.pdf
354160,Promissão,2025,Res SS 230/2025,2025-12-09,3,variavel,90406.63,E_RS-SS-230_091225.pdf
354160,Promissão,2026,Res SS 111/2026,2026-06-09,1,fixo,103027.5,E_RS-SS-111_090626.pdf
354160,Promissão,2026,Res SS 111/2026,2026-06-09,1,variavel,90664.2,E_RS-SS-111_090626.pdf
354160,Promissão,2026,Res SS 185/2026,2026-09-08,2,fixo,103027.5,E_RS-SS-185_080926.pdf
354160,Promissão,2026,Res SS 185/2026,2026-09-08,2,variavel,67998.15,E_RS-SS-185_080926.pdf
354165,Quadra,2024,Res SS 18/2024,2024-02-08,1,fixo,23412.0,E_R-SS-18_080224.pdf
354165,Quadra,2024,Res SS 140/2024,2024-06-20,2,fixo,23412.0,E_R-SS-140_200624.pdf
354165,Quadra,2024,Res SS 140/2024,2024-06-20,2,variavel,15151.47,E_R-SS-140_200624.pdf
354165,Quadra,2024,Res SS 140/2024,2024-06-20,3,fixo,23412.0,E_R-SS-140_200624.pdf
354165,Quadra,2024,Res SS 140/2024,2024-06-20,3,variavel,15151.47,E_R-SS-140_200624.pdf
354165,Quadra,2025,Res SS 13/2025,2025-01-24,1,fixo,19510.0,E_R-SS-13_240125.pdf
354165,Quadra,2025,Res SS 97/2025,2025-05-30,2,fixo,19510.0,E_R-SS-97_300525.pdf
354165,Quadra,2025,Res SS 180/2025,2025-10-08,1+2,variavel,19510.0,E_RS-SS-180_081025.pdf
354165,Quadra,2025,Res SS 230/2025,2025-12-09,2,ajuste,546.28,E_RS-SS-230_091225.pdf
354165,Quadra,2025,Res SS 230/2025,2025-12-09,2025,bonus,0.0,E_RS-SS-230_091225.pdf
354165,Quadra,2025,Res SS 230/2025,2025-12-09,3,fixo,19510.0,E_RS-SS-230_091225.pdf
354165,Quadra,2025,Res SS 230/2025,2025-12-09,3,variavel,18144.3,E_RS-SS-230_091225.pdf
354165,Quadra,2026,Res SS 111/2026,2026-06-09,1,fixo,19510.0,E_RS-SS-111_090626.pdf
354165,Quadra,2026,Res SS 111/2026,2026-06-09,1,variavel,18924.7,E_RS-SS-111_090626.pdf
354165,Quadra,2026,Res SS 185/2026,2026-09-08,2,fixo,19510.0,E_RS-SS-185_080926.pdf
354165,Quadra,2026,Res SS 185/2026,2026-09-08,2,variavel,19510.0,E_RS-SS-185_080926.pdf
354170,Quatá,2024,Res SS 18/2024,2024-02-08,1,fixo,85854.0,E_R-SS-18_080224.pdf
354170,Quatá,2024,Res SS 140/2024,2024-06-20,2,fixo,85854.0,E_R-SS-140_200624.pdf
354170,Quatá,2024,Res SS 140/2024,2024-06-20,2,variavel,42354.64,E_R-SS-140_200624.pdf
354170,Quatá,2024,Res SS 140/2024,2024-06-20,3,fixo,85854.0,E_R-SS-140_200624.pdf
354170,Quatá,2024,Res SS 140/2024,2024-06-20,3,variavel,42354.64,E_R-SS-140_200624.pdf
354170,Quatá,2025,Res SS 13/2025,2025-01-24,1,fixo,71545.0,E_R-SS-13_240125.pdf
354170,Quatá,2025,Res SS 97/2025,2025-05-30,2,fixo,71545.0,E_R-SS-97_300525.pdf
354170,Quatá,2025,Res SS 180/2025,2025-10-08,1+2,variavel,54374.2,E_RS-SS-180_081025.pdf
354170,Quatá,2025,Res SS 230/2025,2025-12-09,2,ajuste,18959.43,E_RS-SS-230_091225.pdf
354170,Quatá,2025,Res SS 230/2025,2025-12-09,2025,bonus,0.0,E_RS-SS-230_091225.pdf
354170,Quatá,2025,Res SS 230/2025,2025-12-09,3,fixo,71545.0,E_RS-SS-230_091225.pdf
354170,Quatá,2025,Res SS 230/2025,2025-12-09,3,variavel,65821.4,E_RS-SS-230_091225.pdf
354170,Quatá,2026,Res SS 111/2026,2026-06-09,1,fixo,71545.0,E_RS-SS-111_090626.pdf
354170,Quatá,2026,Res SS 111/2026,2026-06-09,1,variavel,71545.0,E_RS-SS-111_090626.pdf
354170,Quatá,2026,Res SS 185/2026,2026-09-08,2,fixo,71545.0,E_RS-SS-185_080926.pdf
354170,Quatá,2026,Res SS 185/2026,2026-09-08,2,variavel,50796.95,E_RS-SS-185_080926.pdf
354180,Queiroz,2024,Res SS 18/2024,2024-02-08,1,fixo,21078.0,E_R-SS-18_080224.pdf
354180,Queiroz,2024,Res SS 140/2024,2024-06-20,2,fixo,21078.0,E_R-SS-140_200624.pdf
354180,Queiroz,2024,Res SS 140/2024,2024-06-20,2,variavel,14052.0,E_R-SS-140_200624.pdf
354180,Queiroz,2024,Res SS 140/2024,2024-06-20,3,fixo,21078.0,E_R-SS-140_200624.pdf
354180,Queiroz,2024,Res SS 140/2024,2024-06-20,3,variavel,14052.0,E_R-SS-140_200624.pdf
354180,Queiroz,2025,Res SS 13/2025,2025-01-24,1,fixo,17565.0,E_R-SS-13_240125.pdf
354180,Queiroz,2025,Res SS 97/2025,2025-05-30,2,fixo,17565.0,E_R-SS-97_300525.pdf
354180,Queiroz,2025,Res SS 180/2025,2025-10-08,1+2,variavel,20726.7,E_RS-SS-180_081025.pdf
354180,Queiroz,2025,Res SS 230/2025,2025-12-09,2,ajuste,6156.53,E_RS-SS-230_091225.pdf
354180,Queiroz,2025,Res SS 230/2025,2025-12-09,2025,bonus,0.0,E_RS-SS-230_091225.pdf
354180,Queiroz,2025,Res SS 230/2025,2025-12-09,3,fixo,17565.0,E_RS-SS-230_091225.pdf
354180,Queiroz,2025,Res SS 230/2025,2025-12-09,3,variavel,9836.4,E_RS-SS-230_091225.pdf
354180,Queiroz,2026,Res SS 111/2026,2026-06-09,1,fixo,17565.0,E_RS-SS-111_090626.pdf
354180,Queiroz,2026,Res SS 111/2026,2026-06-09,1,variavel,17565.0,E_RS-SS-111_090626.pdf
354180,Queiroz,2026,Res SS 185/2026,2026-09-08,2,fixo,17565.0,E_RS-SS-185_080926.pdf
354180,Queiroz,2026,Res SS 185/2026,2026-09-08,2,variavel,9485.1,E_RS-SS-185_080926.pdf
354190,Queluz,2024,Res SS 18/2024,2024-02-08,1,fixo,82728.0,E_R-SS-18_080224.pdf
354190,Queluz,2024,Res SS 140/2024,2024-06-20,2,fixo,82728.0,E_R-SS-140_200624.pdf
354190,Queluz,2024,Res SS 140/2024,2024-06-20,2,variavel,48533.76,E_R-SS-140_200624.pdf
354190,Queluz,2024,Res SS 140/2024,2024-06-20,3,fixo,82728.0,E_R-SS-140_200624.pdf
354190,Queluz,2024,Res SS 140/2024,2024-06-20,3,variavel,48533.76,E_R-SS-140_200624.pdf
354190,Queluz,2025,Res SS 13/2025,2025-01-24,1,fixo,68940.0,E_R-SS-13_240125.pdf
354190,Queluz,2025,Res SS 97/2025,2025-05-30,2,fixo,68940.0,E_R-SS-97_300525.pdf
354190,Queluz,2025,Res SS 180/2025,2025-10-08,1+2,variavel,66182.4,E_RS-SS-180_081025.pdf
354190,Queluz,2025,Res SS 230/2025,2025-12-09,2,ajuste,8996.67,E_RS-SS-230_091225.pdf
354190,Queluz,2025,Res SS 230/2025,2025-12-09,2025,bonus,0.0,E_RS-SS-230_091225.pdf
354190,Queluz,2025,Res SS 230/2025,2025-12-09,3,fixo,68940.0,E_RS-SS-230_091225.pdf
354190,Queluz,2025,Res SS 230/2025,2025-12-09,3,variavel,52911.45,E_RS-SS-230_091225.pdf
354190,Queluz,2026,Res SS 111/2026,2026-06-09,1,fixo,68940.0,E_RS-SS-111_090626.pdf
354190,Queluz,2026,Res SS 111/2026,2026-06-09,1,variavel,52394.4,E_RS-SS-111_090626.pdf
354190,Queluz,2026,Res SS 185/2026,2026-09-08,2,fixo,68940.0,E_RS-SS-185_080926.pdf
354190,Queluz,2026,Res SS 185/2026,2026-09-08,2,variavel,38951.1,E_RS-SS-185_080926.pdf
354200,Quintana,2024,Res SS 18/2024,2024-02-08,1,fixo,47152.0,E_R-SS-18_080224.pdf
354200,Quintana,2024,Res SS 140/2024,2024-06-20,2,fixo,47152.0,E_R-SS-140_200624.pdf
354200,Quintana,2024,Res SS 140/2024,2024-06-20,2,variavel,27316.73,E_R-SS-140_200624.pdf
354200,Quintana,2024,Res SS 140/2024,2024-06-20,3,fixo,47152.0,E_R-SS-140_200624.pdf
354200,Quintana,2024,Res SS 140/2024,2024-06-20,3,variavel,27316.73,E_R-SS-140_200624.pdf
354200,Quintana,2025,Res SS 13/2025,2025-01-24,1,fixo,39293.33,E_R-SS-13_240125.pdf
354200,Quintana,2025,Res SS 97/2025,2025-05-30,2,fixo,39293.33,E_R-SS-97_300525.pdf
354200,Quintana,2025,Res SS 180/2025,2025-10-08,1+2,variavel,72299.73,E_RS-SS-180_081025.pdf
354200,Quintana,2025,Res SS 230/2025,2025-12-09,2,ajuste,3143.47,E_RS-SS-230_091225.pdf
354200,Quintana,2025,Res SS 230/2025,2025-12-09,2025,bonus,117880.0,E_RS-SS-230_091225.pdf
354200,Quintana,2025,Res SS 230/2025,2025-12-09,3,fixo,39293.33,E_RS-SS-230_091225.pdf
354200,Quintana,2025,Res SS 230/2025,2025-12-09,3,variavel,35756.93,E_RS-SS-230_091225.pdf
354200,Quintana,2026,Res SS 111/2026,2026-06-09,1,fixo,39293.33,E_RS-SS-111_090626.pdf
354200,Quintana,2026,Res SS 111/2026,2026-06-09,1,variavel,39293.33,E_RS-SS-111_090626.pdf
354200,Quintana,2026,Res SS 185/2026,2026-09-08,2,fixo,39293.33,E_RS-SS-185_080926.pdf
354200,Quintana,2026,Res SS 185/2026,2026-09-08,2,variavel,21218.4,E_RS-SS-185_080926.pdf
354210,Rafard,2024,Res SS 18/2024,2024-02-08,1,fixo,45630.0,E_R-SS-18_080224.pdf
354210,Rafard,2024,Res SS 140/2024,2024-06-20,2,fixo,45630.0,E_R-SS-140_200624.pdf
354210,Rafard,2024,Res SS 140/2024,2024-06-20,2,variavel,25431.12,E_R-SS-140_200624.pdf
354210,Rafard,2024,Res SS 140/2024,2024-06-20,3,fixo,45630.0,E_R-SS-140_200624.pdf
354210,Rafard,2024,Res SS 140/2024,2024-06-20,3,variavel,25431.12,E_R-SS-140_200624.pdf
354210,Rafard,2025,Res SS 13/2025,2025-01-24,1,fixo,38025.0,E_R-SS-13_240125.pdf
354210,Rafard,2025,Res SS 97/2025,2025-05-30,2,fixo,38025.0,E_R-SS-97_300525.pdf
354210,Rafard,2025,Res SS 180/2025,2025-10-08,1+2,variavel,66924.0,E_RS-SS-180_081025.pdf
354210,Rafard,2025,Res SS 230/2025,2025-12-09,2,ajuste,0.0,E_RS-SS-230_091225.pdf
354210,Rafard,2025,Res SS 230/2025,2025-12-09,2025,bonus,0.0,E_RS-SS-230_091225.pdf
354210,Rafard,2025,Res SS 230/2025,2025-12-09,3,fixo,38025.0,E_RS-SS-230_091225.pdf
354210,Rafard,2025,Res SS 230/2025,2025-12-09,3,variavel,36504.0,E_RS-SS-230_091225.pdf
354210,Rafard,2026,Res SS 111/2026,2026-06-09,1,fixo,38025.0,E_RS-SS-111_090626.pdf
354210,Rafard,2026,Res SS 111/2026,2026-06-09,1,variavel,31560.75,E_RS-SS-111_090626.pdf
354210,Rafard,2026,Res SS 185/2026,2026-09-08,2,fixo,38025.0,E_RS-SS-185_080926.pdf
354210,Rafard,2026,Res SS 185/2026,2026-09-08,2,variavel,21674.25,E_RS-SS-185_080926.pdf
354220,Rancharia,2024,Res SS 18/2024,2024-02-08,1,fixo,178458.0,E_R-SS-18_080224.pdf
354220,Rancharia,2024,Res SS 140/2024,2024-06-20,2,fixo,178458.0,E_R-SS-140_200624.pdf
354220,Rancharia,2024,Res SS 140/2024,2024-06-20,2,variavel,86046.5,E_R-SS-140_200624.pdf
354220,Rancharia,2024,Res SS 140/2024,2024-06-20,3,fixo,178458.0,E_R-SS-140_200624.pdf
354220,Rancharia,2024,Res SS 140/2024,2024-06-20,3,variavel,86046.5,E_R-SS-140_200624.pdf
354220,Rancharia,2025,Res SS 13/2025,2025-01-24,1,fixo,148715.0,E_R-SS-13_240125.pdf
354220,Rancharia,2025,Res SS 97/2025,2025-05-30,2,fixo,148715.0,E_R-SS-97_300525.pdf
354220,Rancharia,2025,Res SS 180/2025,2025-10-08,1+2,variavel,226046.8,E_RS-SS-180_081025.pdf
354220,Rancharia,2025,Res SS 230/2025,2025-12-09,2,ajuste,17845.8,E_RS-SS-230_091225.pdf
354220,Rancharia,2025,Res SS 230/2025,2025-12-09,2025,bonus,0.0,E_RS-SS-230_091225.pdf
354220,Rancharia,2025,Res SS 230/2025,2025-12-09,3,fixo,148715.0,E_RS-SS-230_091225.pdf
354220,Rancharia,2025,Res SS 230/2025,2025-12-09,3,variavel,148715.0,E_RS-SS-230_091225.pdf
354220,Rancharia,2026,Res SS 111/2026,2026-06-09,1,fixo,148715.0,E_RS-SS-111_090626.pdf
354220,Rancharia,2026,Res SS 111/2026,2026-06-09,1,variavel,147971.43,E_RS-SS-111_090626.pdf
354220,Rancharia,2026,Res SS 185/2026,2026-09-08,2,fixo,148715.0,E_RS-SS-185_080926.pdf
354220,Rancharia,2026,Res SS 185/2026,2026-09-08,2,variavel,148715.0,E_RS-SS-185_080926.pdf
354230,Redenção Da Serra,2024,Res SS 18/2024,2024-02-08,1,fixo,26789.0,E_R-SS-18_080224.pdf
354230,Redenção Da Serra,2024,Res SS 140/2024,2024-06-20,2,fixo,26789.0,E_R-SS-140_200624.pdf
354230,Redenção Da Serra,2024,Res SS 140/2024,2024-06-20,2,variavel,10166.43,E_R-SS-140_200624.pdf
354230,Redenção Da Serra,2024,Res SS 140/2024,2024-06-20,3,fixo,26789.0,E_R-SS-140_200624.pdf
354230,Redenção Da Serra,2024,Res SS 140/2024,2024-06-20,3,variavel,10166.43,E_R-SS-140_200624.pdf
354230,Redenção Da Serra,2025,Res SS 13/2025,2025-01-24,1,fixo,22324.17,E_R-SS-13_240125.pdf
354230,Redenção Da Serra,2025,Res SS 97/2025,2025-05-30,2,fixo,22324.17,E_R-SS-97_300525.pdf
354230,Redenção Da Serra,2025,Res SS 180/2025,2025-10-08,1+2,variavel,41076.47,E_RS-SS-180_081025.pdf
354230,Redenção Da Serra,2025,Res SS 230/2025,2025-12-09,2,ajuste,89.3,E_RS-SS-230_091225.pdf
354230,Redenção Da Serra,2025,Res SS 230/2025,2025-12-09,2025,bonus,66972.5,E_RS-SS-230_091225.pdf
354230,Redenção Da Serra,2025,Res SS 230/2025,2025-12-09,3,fixo,22324.17,E_RS-SS-230_091225.pdf
354230,Redenção Da Serra,2025,Res SS 230/2025,2025-12-09,3,variavel,22324.17,E_RS-SS-230_091225.pdf
354230,Redenção Da Serra,2026,Res SS 111/2026,2026-06-09,1,fixo,22324.17,E_RS-SS-111_090626.pdf
354230,Redenção Da Serra,2026,Res SS 111/2026,2026-06-09,1,variavel,17524.47,E_RS-SS-111_090626.pdf
354230,Redenção Da Serra,2026,Res SS 185/2026,2026-09-08,2,fixo,22324.17,E_RS-SS-185_080926.pdf
354230,Redenção Da Serra,2026,Res SS 185/2026,2026-09-08,2,variavel,10269.12,E_RS-SS-185_080926.pdf
354240,Regente Feijó,2024,Res SS 18/2024,2024-02-08,1,fixo,123138.0,E_R-SS-18_080224.pdf
354240,Regente Feijó,2024,Res SS 140/2024,2024-06-20,2,fixo,123138.0,E_R-SS-140_200624.pdf
354240,Regente Feijó,2024,Res SS 140/2024,2024-06-20,2,variavel,82092.0,E_R-SS-140_200624.pdf
354240,Regente Feijó,2024,Res SS 140/2024,2024-06-20,3,fixo,123138.0,E_R-SS-140_200624.pdf
354240,Regente Feijó,2024,Res SS 140/2024,2024-06-20,3,variavel,82092.0,E_R-SS-140_200624.pdf
354240,Regente Feijó,2025,Res SS 13/2025,2025-01-24,1,fixo,102615.0,E_R-SS-13_240125.pdf
354240,Regente Feijó,2025,Res SS 97/2025,2025-05-30,2,fixo,102615.0,E_R-SS-97_300525.pdf
354240,Regente Feijó,2025,Res SS 180/2025,2025-10-08,1+2,variavel,205230.0,E_RS-SS-180_081025.pdf
354240,Regente Feijó,2025,Res SS 230/2025,2025-12-09,2,ajuste,0.0,E_RS-SS-230_091225.pdf
354240,Regente Feijó,2025,Res SS 230/2025,2025-12-09,2025,bonus,0.0,E_RS-SS-230_091225.pdf
354240,Regente Feijó,2025,Res SS 230/2025,2025-12-09,3,fixo,102615.0,E_RS-SS-230_091225.pdf
354240,Regente Feijó,2025,Res SS 230/2025,2025-12-09,3,variavel,88761.98,E_RS-SS-230_091225.pdf
354240,Regente Feijó,2026,Res SS 111/2026,2026-06-09,1,fixo,102615.0,E_RS-SS-111_090626.pdf
354240,Regente Feijó,2026,Res SS 111/2026,2026-06-09,1,variavel,102615.0,E_RS-SS-111_090626.pdf
354240,Regente Feijó,2026,Res SS 185/2026,2026-09-08,2,fixo,102615.0,E_RS-SS-185_080926.pdf
354240,Regente Feijó,2026,Res SS 185/2026,2026-09-08,2,variavel,102615.0,E_RS-SS-185_080926.pdf
354250,Reginópolis,2024,Res SS 18/2024,2024-02-08,1,fixo,30141.0,E_R-SS-18_080224.pdf
354250,Reginópolis,2024,Res SS 140/2024,2024-06-20,2,fixo,30141.0,E_R-SS-140_200624.pdf
354250,Reginópolis,2024,Res SS 140/2024,2024-06-20,2,variavel,17461.69,E_R-SS-140_200624.pdf
354250,Reginópolis,2024,Res SS 140/2024,2024-06-20,3,fixo,30141.0,E_R-SS-140_200624.pdf
354250,Reginópolis,2024,Res SS 140/2024,2024-06-20,3,variavel,17461.69,E_R-SS-140_200624.pdf
354250,Reginópolis,2025,Res SS 13/2025,2025-01-24,1,fixo,25117.5,E_R-SS-13_240125.pdf
354250,Reginópolis,2025,Res SS 97/2025,2025-05-30,2,fixo,25117.5,E_R-SS-97_300525.pdf
354250,Reginópolis,2025,Res SS 180/2025,2025-10-08,1+2,variavel,49230.3,E_RS-SS-180_081025.pdf
354250,Reginópolis,2025,Res SS 230/2025,2025-12-09,2,ajuste,502.35,E_RS-SS-230_091225.pdf
354250,Reginópolis,2025,Res SS 230/2025,2025-12-09,2025,bonus,75352.5,E_RS-SS-230_091225.pdf
354250,Reginópolis,2025,Res SS 230/2025,2025-12-09,3,fixo,25117.5,E_RS-SS-230_091225.pdf
354250,Reginópolis,2025,Res SS 230/2025,2025-12-09,3,variavel,25117.5,E_RS-SS-230_091225.pdf
354250,Reginópolis,2026,Res SS 111/2026,2026-06-09,1,fixo,25117.5,E_RS-SS-111_090626.pdf
354250,Reginópolis,2026,Res SS 111/2026,2026-06-09,1,variavel,20721.94,E_RS-SS-111_090626.pdf
354250,Reginópolis,2026,Res SS 185/2026,2026-09-08,2,fixo,25117.5,E_RS-SS-185_080926.pdf
354250,Reginópolis,2026,Res SS 185/2026,2026-09-08,2,variavel,12558.75,E_RS-SS-185_080926.pdf
354260,Registro,2024,Res SS 18/2024,2024-02-08,1,fixo,338778.0,E_R-SS-18_080224.pdf
354260,Registro,2024,Res SS 140/2024,2024-06-20,2,fixo,338778.0,E_R-SS-140_200624.pdf
354260,Registro,2024,Res SS 140/2024,2024-06-20,2,variavel,198749.76,E_R-SS-140_200624.pdf
354260,Registro,2024,Res SS 140/2024,2024-06-20,3,fixo,338778.0,E_R-SS-140_200624.pdf
354260,Registro,2024,Res SS 140/2024,2024-06-20,3,variavel,198749.76,E_R-SS-140_200624.pdf
354260,Registro,2025,Res SS 13/2025,2025-01-24,1,fixo,282315.0,E_R-SS-13_240125.pdf
354260,Registro,2025,Res SS 97/2025,2025-05-30,2,fixo,282315.0,E_R-SS-97_300525.pdf
354260,Registro,2025,Res SS 180/2025,2025-10-08,1+2,variavel,542044.8,E_RS-SS-180_081025.pdf
354260,Registro,2025,Res SS 230/2025,2025-12-09,2,ajuste,0.0,E_RS-SS-230_091225.pdf
354260,Registro,2025,Res SS 230/2025,2025-12-09,2025,bonus,0.0,E_RS-SS-230_091225.pdf
354260,Registro,2025,Res SS 230/2025,2025-12-09,3,fixo,282315.0,E_RS-SS-230_091225.pdf
354260,Registro,2025,Res SS 230/2025,2025-12-09,3,variavel,249142.99,E_RS-SS-230_091225.pdf
354260,Registro,2026,Res SS 111/2026,2026-06-09,1,fixo,282315.0,E_RS-SS-111_090626.pdf
354260,Registro,2026,Res SS 111/2026,2026-06-09,1,variavel,232909.88,E_RS-SS-111_090626.pdf
354260,Registro,2026,Res SS 185/2026,2026-09-08,2,fixo,282315.0,E_RS-SS-185_080926.pdf
354260,Registro,2026,Res SS 185/2026,2026-09-08,2,variavel,214559.4,E_RS-SS-185_080926.pdf
354270,Restinga,2024,Res SS 18/2024,2024-02-08,1,fixo,46572.0,E_R-SS-18_080224.pdf
354270,Restinga,2024,Res SS 140/2024,2024-06-20,2,fixo,46572.0,E_R-SS-140_200624.pdf
354270,Restinga,2024,Res SS 140/2024,2024-06-20,2,variavel,26639.18,E_R-SS-140_200624.pdf
354270,Restinga,2024,Res SS 140/2024,2024-06-20,3,fixo,46572.0,E_R-SS-140_200624.pdf
354270,Restinga,2024,Res SS 140/2024,2024-06-20,3,variavel,26639.18,E_R-SS-140_200624.pdf
354270,Restinga,2025,Res SS 13/2025,2025-01-24,1,fixo,38810.0,E_R-SS-13_240125.pdf
354270,Restinga,2025,Res SS 97/2025,2025-05-30,2,fixo,38810.0,E_R-SS-97_300525.pdf
354270,Restinga,2025,Res SS 180/2025,2025-10-08,1+2,variavel,64424.6,E_RS-SS-180_081025.pdf
354270,Restinga,2025,Res SS 230/2025,2025-12-09,2,ajuste,4501.96,E_RS-SS-230_091225.pdf
354270,Restinga,2025,Res SS 230/2025,2025-12-09,2025,bonus,0.0,E_RS-SS-230_091225.pdf
354270,Restinga,2025,Res SS 230/2025,2025-12-09,3,fixo,38810.0,E_RS-SS-230_091225.pdf
354270,Restinga,2025,Res SS 230/2025,2025-12-09,3,variavel,28525.35,E_RS-SS-230_091225.pdf
354270,Restinga,2026,Res SS 111/2026,2026-06-09,1,fixo,38810.0,E_RS-SS-111_090626.pdf
354270,Restinga,2026,Res SS 111/2026,2026-06-09,1,variavel,31630.15,E_RS-SS-111_090626.pdf
354270,Restinga,2026,Res SS 185/2026,2026-09-08,2,fixo,38810.0,E_RS-SS-185_080926.pdf
354270,Restinga,2026,Res SS 185/2026,2026-09-08,2,variavel,29107.5,E_RS-SS-185_080926.pdf
354280,Ribeira,2024,Res SS 18/2024,2024-02-08,1,fixo,26560.0,E_R-SS-18_080224.pdf
354280,Ribeira,2024,Res SS 140/2024,2024-06-20,2,fixo,26560.0,E_R-SS-140_200624.pdf
354280,Ribeira,2024,Res SS 140/2024,2024-06-20,2,variavel,11881.17,E_R-SS-140_200624.pdf
354280,Ribeira,2024,Res SS 140/2024,2024-06-20,3,fixo,26560.0,E_R-SS-140_200624.pdf
354280,Ribeira,2024,Res SS 140/2024,2024-06-20,3,variavel,11881.17,E_R-SS-140_200624.pdf
354280,Ribeira,2025,Res SS 13/2025,2025-01-24,1,fixo,22133.33,E_R-SS-13_240125.pdf
354280,Ribeira,2025,Res SS 97/2025,2025-05-30,2,fixo,22133.33,E_R-SS-97_300525.pdf
354280,Ribeira,2025,Res SS 180/2025,2025-10-08,1+2,variavel,21248.0,E_RS-SS-180_081025.pdf
354280,Ribeira,2025,Res SS 230/2025,2025-12-09,2,ajuste,8366.4,E_RS-SS-230_091225.pdf
354280,Ribeira,2025,Res SS 230/2025,2025-12-09,2025,bonus,0.0,E_RS-SS-230_091225.pdf
354280,Ribeira,2025,Res SS 230/2025,2025-12-09,3,fixo,22133.33,E_RS-SS-230_091225.pdf
354280,Ribeira,2025,Res SS 230/2025,2025-12-09,3,variavel,11620.0,E_RS-SS-230_091225.pdf
354280,Ribeira,2026,Res SS 111/2026,2026-06-09,1,fixo,22133.33,E_RS-SS-111_090626.pdf
354280,Ribeira,2026,Res SS 111/2026,2026-06-09,1,variavel,15493.33,E_RS-SS-111_090626.pdf
354280,Ribeira,2026,Res SS 185/2026,2026-09-08,2,fixo,22133.33,E_RS-SS-185_080926.pdf
354280,Ribeira,2026,Res SS 185/2026,2026-09-08,2,variavel,9738.67,E_RS-SS-185_080926.pdf
354290,Ribeirão Bonito,2024,Res SS 18/2024,2024-02-08,1,fixo,80256.0,E_R-SS-18_080224.pdf
354290,Ribeirão Bonito,2024,Res SS 140/2024,2024-06-20,2,fixo,80256.0,E_R-SS-140_200624.pdf
354290,Ribeirão Bonito,2024,Res SS 140/2024,2024-06-20,2,variavel,22364.67,E_R-SS-140_200624.pdf
354290,Ribeirão Bonito,2024,Res SS 140/2024,2024-06-20,3,fixo,80256.0,E_R-SS-140_200624.pdf
354290,Ribeirão Bonito,2024,Res SS 140/2024,2024-06-20,3,variavel,22364.67,E_R-SS-140_200624.pdf
354290,Ribeirão Bonito,2025,Res SS 13/2025,2025-01-24,1,fixo,66880.0,E_R-SS-13_240125.pdf
354290,Ribeirão Bonito,2025,Res SS 97/2025,2025-05-30,2,fixo,66880.0,E_R-SS-97_300525.pdf
354290,Ribeirão Bonito,2025,Res SS 180/2025,2025-10-08,1+2,variavel,50828.8,E_RS-SS-180_081025.pdf
354290,Ribeirão Bonito,2025,Res SS 230/2025,2025-12-09,2,ajuste,4748.48,E_RS-SS-230_091225.pdf
354290,Ribeirão Bonito,2025,Res SS 230/2025,2025-12-09,2025,bonus,0.0,E_RS-SS-230_091225.pdf
354290,Ribeirão Bonito,2025,Res SS 230/2025,2025-12-09,3,fixo,66880.0,E_RS-SS-230_091225.pdf
354290,Ribeirão Bonito,2025,Res SS 230/2025,2025-12-09,3,variavel,40462.4,E_RS-SS-230_091225.pdf
354290,Ribeirão Bonito,2026,Res SS 111/2026,2026-06-09,1,fixo,66880.0,E_RS-SS-111_090626.pdf
354290,Ribeirão Bonito,2026,Res SS 111/2026,2026-06-09,1,variavel,30764.8,E_RS-SS-111_090626.pdf
354290,Ribeirão Bonito,2026,Res SS 185/2026,2026-09-08,2,fixo,66880.0,E_RS-SS-185_080926.pdf
354290,Ribeirão Bonito,2026,Res SS 185/2026,2026-09-08,2,variavel,65542.4,E_RS-SS-185_080926.pdf
354300,Ribeirão Branco,2024,Res SS 18/2024,2024-02-08,1,fixo,127872.0,E_R-SS-18_080224.pdf
354300,Ribeirão Branco,2024,Res SS 140/2024,2024-06-20,2,fixo,127872.0,E_R-SS-140_200624.pdf
354300,Ribeirão Branco,2024,Res SS 140/2024,2024-06-20,2,variavel,76893.7,E_R-SS-140_200624.pdf
354300,Ribeirão Branco,2024,Res SS 140/2024,2024-06-20,3,fixo,127872.0,E_R-SS-140_200624.pdf
354300,Ribeirão Branco,2024,Res SS 140/2024,2024-06-20,3,variavel,76893.7,E_R-SS-140_200624.pdf
354300,Ribeirão Branco,2025,Res SS 13/2025,2025-01-24,1,fixo,106560.0,E_R-SS-13_240125.pdf
354300,Ribeirão Branco,2025,Res SS 97/2025,2025-05-30,2,fixo,106560.0,E_R-SS-97_300525.pdf
354300,Ribeirão Branco,2025,Res SS 180/2025,2025-10-08,1+2,variavel,93772.8,E_RS-SS-180_081025.pdf
354300,Ribeirão Branco,2025,Res SS 230/2025,2025-12-09,2,ajuste,49230.72,E_RS-SS-230_091225.pdf
354300,Ribeirão Branco,2025,Res SS 230/2025,2025-12-09,2025,bonus,0.0,E_RS-SS-230_091225.pdf
354300,Ribeirão Branco,2025,Res SS 230/2025,2025-12-09,3,fixo,106560.0,E_RS-SS-230_091225.pdf
354300,Ribeirão Branco,2025,Res SS 230/2025,2025-12-09,3,variavel,78588.0,E_RS-SS-230_091225.pdf
354300,Ribeirão Branco,2026,Res SS 111/2026,2026-06-09,1,fixo,106560.0,E_RS-SS-111_090626.pdf
354300,Ribeirão Branco,2026,Res SS 111/2026,2026-06-09,1,variavel,106560.0,E_RS-SS-111_090626.pdf
354300,Ribeirão Branco,2026,Res SS 185/2026,2026-09-08,2,fixo,106560.0,E_RS-SS-185_080926.pdf
354300,Ribeirão Branco,2026,Res SS 185/2026,2026-09-08,2,variavel,106560.0,E_RS-SS-185_080926.pdf
354310,Ribeirão Corrente,2024,Res SS 18/2024,2024-02-08,1,fixo,28716.0,E_R-SS-18_080224.pdf
354310,Ribeirão Corrente,2024,Res SS 140/2024,2024-06-20,2,fixo,28716.0,E_R-SS-140_200624.pdf
354310,Ribeirão Corrente,2024,Res SS 140/2024,2024-06-20,2,variavel,16741.43,E_R-SS-140_200624.pdf
354310,Ribeirão Corrente,2024,Res SS 140/2024,2024-06-20,3,fixo,28716.0,E_R-SS-140_200624.pdf
354310,Ribeirão Corrente,2024,Res SS 140/2024,2024-06-20,3,variavel,16741.43,E_R-SS-140_200624.pdf
354310,Ribeirão Corrente,2025,Res SS 13/2025,2025-01-24,1,fixo,23930.0,E_R-SS-13_240125.pdf
354310,Ribeirão Corrente,2025,Res SS 97/2025,2025-05-30,2,fixo,23930.0,E_R-SS-97_300525.pdf
354310,Ribeirão Corrente,2025,Res SS 180/2025,2025-10-08,1+2,variavel,23930.0,E_RS-SS-180_081025.pdf
354310,Ribeirão Corrente,2025,Res SS 230/2025,2025-12-09,2,ajuste,8566.94,E_RS-SS-230_091225.pdf
354310,Ribeirão Corrente,2025,Res SS 230/2025,2025-12-09,2025,bonus,0.0,E_RS-SS-230_091225.pdf
354310,Ribeirão Corrente,2025,Res SS 230/2025,2025-12-09,3,fixo,23930.0,E_RS-SS-230_091225.pdf
354310,Ribeirão Corrente,2025,Res SS 230/2025,2025-12-09,3,variavel,14956.25,E_RS-SS-230_091225.pdf
354310,Ribeirão Corrente,2026,Res SS 111/2026,2026-06-09,1,fixo,23930.0,E_RS-SS-111_090626.pdf
354310,Ribeirão Corrente,2026,Res SS 111/2026,2026-06-09,1,variavel,23331.75,E_RS-SS-111_090626.pdf
354310,Ribeirão Corrente,2026,Res SS 185/2026,2026-09-08,2,fixo,23930.0,E_RS-SS-185_080926.pdf
354310,Ribeirão Corrente,2026,Res SS 185/2026,2026-09-08,2,variavel,14597.3,E_RS-SS-185_080926.pdf
354320,Ribeirão Do Sul,2024,Res SS 18/2024,2024-02-08,1,fixo,27222.0,E_R-SS-18_080224.pdf
354320,Ribeirão Do Sul,2024,Res SS 140/2024,2024-06-20,2,fixo,27222.0,E_R-SS-140_200624.pdf
354320,Ribeirão Do Sul,2024,Res SS 140/2024,2024-06-20,2,variavel,18148.0,E_R-SS-140_200624.pdf
354320,Ribeirão Do Sul,2024,Res SS 140/2024,2024-06-20,3,fixo,27222.0,E_R-SS-140_200624.pdf
354320,Ribeirão Do Sul,2024,Res SS 140/2024,2024-06-20,3,variavel,18148.0,E_R-SS-140_200624.pdf
354320,Ribeirão Do Sul,2025,Res SS 13/2025,2025-01-24,1,fixo,22685.0,E_R-SS-13_240125.pdf
354320,Ribeirão Do Sul,2025,Res SS 97/2025,2025-05-30,2,fixo,22685.0,E_R-SS-97_300525.pdf
354320,Ribeirão Do Sul,2025,Res SS 180/2025,2025-10-08,1+2,variavel,40379.3,E_RS-SS-180_081025.pdf
354320,Ribeirão Do Sul,2025,Res SS 230/2025,2025-12-09,2,ajuste,1644.66,E_RS-SS-230_091225.pdf
354320,Ribeirão Do Sul,2025,Res SS 230/2025,2025-12-09,2025,bonus,0.0,E_RS-SS-230_091225.pdf
354320,Ribeirão Do Sul,2025,Res SS 230/2025,2025-12-09,3,fixo,22685.0,E_RS-SS-230_091225.pdf
354320,Ribeirão Do Sul,2025,Res SS 230/2025,2025-12-09,3,variavel,22571.58,E_RS-SS-230_091225.pdf
354320,Ribeirão Do Sul,2026,Res SS 111/2026,2026-06-09,1,fixo,22685.0,E_RS-SS-111_090626.pdf
354320,Ribeirão Do Sul,2026,Res SS 111/2026,2026-06-09,1,variavel,19622.53,E_RS-SS-111_090626.pdf
354320,Ribeirão Do Sul,2026,Res SS 185/2026,2026-09-08,2,fixo,22685.0,E_RS-SS-185_080926.pdf
354320,Ribeirão Do Sul,2026,Res SS 185/2026,2026-09-08,2,variavel,11342.5,E_RS-SS-185_080926.pdf
354323,Ribeirão Dos Índios,2024,Res SS 18/2024,2024-02-08,1,fixo,15554.0,E_R-SS-18_080224.pdf
354323,Ribeirão Dos Índios,2024,Res SS 140/2024,2024-06-20,2,fixo,15554.0,E_R-SS-140_200624.pdf
354323,Ribeirão Dos Índios,2024,Res SS 140/2024,2024-06-20,2,variavel,9467.2,E_R-SS-140_200624.pdf
354323,Ribeirão Dos Índios,2024,Res SS 140/2024,2024-06-20,3,fixo,15554.0,E_R-SS-140_200624.pdf
354323,Ribeirão Dos Índios,2024,Res SS 140/2024,2024-06-20,3,variavel,9467.2,E_R-SS-140_200624.pdf
354323,Ribeirão Dos Índios,2025,Res SS 13/2025,2025-01-24,1,fixo,12961.67,E_R-SS-13_240125.pdf
354323,Ribeirão Dos Índios,2025,Res SS 97/2025,2025-05-30,2,fixo,12961.67,E_R-SS-97_300525.pdf
354323,Ribeirão Dos Índios,2025,Res SS 180/2025,2025-10-08,1+2,variavel,16331.7,E_RS-SS-180_081025.pdf
354323,Ribeirão Dos Índios,2025,Res SS 230/2025,2025-12-09,2,ajuste,0.0,E_RS-SS-230_091225.pdf
354323,Ribeirão Dos Índios,2025,Res SS 230/2025,2025-12-09,2025,bonus,0.0,E_RS-SS-230_091225.pdf
354323,Ribeirão Dos Índios,2025,Res SS 230/2025,2025-12-09,3,fixo,12961.67,E_RS-SS-230_091225.pdf
354323,Ribeirão Dos Índios,2025,Res SS 230/2025,2025-12-09,3,variavel,12961.67,E_RS-SS-230_091225.pdf
354323,Ribeirão Dos Índios,2026,Res SS 111/2026,2026-06-09,1,fixo,12961.67,E_RS-SS-111_090626.pdf
354323,Ribeirão Dos Índios,2026,Res SS 111/2026,2026-06-09,1,variavel,8165.85,E_RS-SS-111_090626.pdf
354323,Ribeirão Dos Índios,2026,Res SS 185/2026,2026-09-08,2,fixo,12961.67,E_RS-SS-185_080926.pdf
354323,Ribeirão Dos Índios,2026,Res SS 185/2026,2026-09-08,2,variavel,9526.83,E_RS-SS-185_080926.pdf
354325,Ribeirão Grande,2024,Res SS 18/2024,2024-02-08,1,fixo,61488.0,E_R-SS-18_080224.pdf
354325,Ribeirão Grande,2024,Res SS 140/2024,2024-06-20,2,fixo,61488.0,E_R-SS-140_200624.pdf
354325,Ribeirão Grande,2024,Res SS 140/2024,2024-06-20,2,variavel,28182.0,E_R-SS-140_200624.pdf
354325,Ribeirão Grande,2024,Res SS 140/2024,2024-06-20,3,fixo,61488.0,E_R-SS-140_200624.pdf
354325,Ribeirão Grande,2024,Res SS 140/2024,2024-06-20,3,variavel,28182.0,E_R-SS-140_200624.pdf
354325,Ribeirão Grande,2025,Res SS 13/2025,2025-01-24,1,fixo,51240.0,E_R-SS-13_240125.pdf
354325,Ribeirão Grande,2025,Res SS 97/2025,2025-05-30,2,fixo,51240.0,E_R-SS-97_300525.pdf
354325,Ribeirão Grande,2025,Res SS 180/2025,2025-10-08,1+2,variavel,60463.2,E_RS-SS-180_081025.pdf
354325,Ribeirão Grande,2025,Res SS 230/2025,2025-12-09,2,ajuste,21008.4,E_RS-SS-230_091225.pdf
354325,Ribeirão Grande,2025,Res SS 230/2025,2025-12-09,2025,bonus,0.0,E_RS-SS-230_091225.pdf
354325,Ribeirão Grande,2025,Res SS 230/2025,2025-12-09,3,fixo,51240.0,E_RS-SS-230_091225.pdf
354325,Ribeirão Grande,2025,Res SS 230/2025,2025-12-09,3,variavel,51240.0,E_RS-SS-230_091225.pdf
354325,Ribeirão Grande,2026,Res SS 111/2026,2026-06-09,1,fixo,51240.0,E_RS-SS-111_090626.pdf
354325,Ribeirão Grande,2026,Res SS 111/2026,2026-06-09,1,variavel,51240.0,E_RS-SS-111_090626.pdf
354325,Ribeirão Grande,2026,Res SS 185/2026,2026-09-08,2,fixo,51240.0,E_RS-SS-185_080926.pdf
354325,Ribeirão Grande,2026,Res SS 185/2026,2026-09-08,2,variavel,51240.0,E_RS-SS-185_080926.pdf
354330,Ribeirão Pires,2024,Res SS 18/2024,2024-02-08,1,fixo,375714.0,E_R-SS-18_080224.pdf
354330,Ribeirão Pires,2024,Res SS 140/2024,2024-06-20,2,fixo,375714.0,E_R-SS-140_200624.pdf
354330,Ribeirão Pires,2024,Res SS 140/2024,2024-06-20,2,variavel,220418.88,E_R-SS-140_200624.pdf
354330,Ribeirão Pires,2024,Res SS 140/2024,2024-06-20,3,fixo,375714.0,E_R-SS-140_200624.pdf
354330,Ribeirão Pires,2024,Res SS 140/2024,2024-06-20,3,variavel,220418.88,E_R-SS-140_200624.pdf
354330,Ribeirão Pires,2025,Res SS 13/2025,2025-01-24,1,fixo,313095.0,E_R-SS-13_240125.pdf
354330,Ribeirão Pires,2025,Res SS 97/2025,2025-05-30,2,fixo,313095.0,E_R-SS-97_300525.pdf
354330,Ribeirão Pires,2025,Res SS 180/2025,2025-10-08,1+2,variavel,294309.3,E_RS-SS-180_081025.pdf
354330,Ribeirão Pires,2025,Res SS 230/2025,2025-12-09,2,ajuste,78430.3,E_RS-SS-230_091225.pdf
354330,Ribeirão Pires,2025,Res SS 230/2025,2025-12-09,2025,bonus,0.0,E_RS-SS-230_091225.pdf
354330,Ribeirão Pires,2025,Res SS 230/2025,2025-12-09,3,fixo,313095.0,E_RS-SS-230_091225.pdf
354330,Ribeirão Pires,2025,Res SS 230/2025,2025-12-09,3,variavel,266130.75,E_RS-SS-230_091225.pdf
354330,Ribeirão Pires,2026,Res SS 111/2026,2026-06-09,1,fixo,313095.0,E_RS-SS-111_090626.pdf
354330,Ribeirão Pires,2026,Res SS 111/2026,2026-06-09,1,variavel,211339.13,E_RS-SS-111_090626.pdf
354330,Ribeirão Pires,2026,Res SS 185/2026,2026-09-08,2,fixo,313095.0,E_RS-SS-185_080926.pdf
354330,Ribeirão Pires,2026,Res SS 185/2026,2026-09-08,2,variavel,137761.8,E_RS-SS-185_080926.pdf
354340,Ribeirão Preto,2024,Res SS 18/2024,2024-02-08,1,fixo,2160348.0,E_R-SS-18_080224.pdf
354340,Ribeirão Preto,2024,Res SS 140/2024,2024-06-20,2,fixo,2160348.0,E_R-SS-140_200624.pdf
354340,Ribeirão Preto,2024,Res SS 140/2024,2024-06-20,2,variavel,1065771.68,E_R-SS-140_200624.pdf
354340,Ribeirão Preto,2024,Res SS 140/2024,2024-06-20,3,fixo,2160348.0,E_R-SS-140_200624.pdf
354340,Ribeirão Preto,2024,Res SS 140/2024,2024-06-20,3,variavel,1065771.68,E_R-SS-140_200624.pdf
354340,Ribeirão Preto,2025,Res SS 13/2025,2025-01-24,1,fixo,1800290.0,E_R-SS-13_240125.pdf
354340,Ribeirão Preto,2025,Res SS 97/2025,2025-05-30,2,fixo,1800290.0,E_R-SS-97_300525.pdf
354340,Ribeirão Preto,2025,Res SS 180/2025,2025-10-08,1+2,variavel,720116.0,E_RS-SS-180_081025.pdf
354340,Ribeirão Preto,2025,Res SS 230/2025,2025-12-09,2,ajuste,801129.05,E_RS-SS-230_091225.pdf
354340,Ribeirão Preto,2025,Res SS 230/2025,2025-12-09,2025,bonus,0.0,E_RS-SS-230_091225.pdf
354340,Ribeirão Preto,2025,Res SS 230/2025,2025-12-09,3,fixo,1800290.0,E_RS-SS-230_091225.pdf
354340,Ribeirão Preto,2025,Res SS 230/2025,2025-12-09,3,variavel,873140.65,E_RS-SS-230_091225.pdf
354340,Ribeirão Preto,2026,Res SS 111/2026,2026-06-09,1,fixo,1800290.0,E_RS-SS-111_090626.pdf
354340,Ribeirão Preto,2026,Res SS 111/2026,2026-06-09,1,variavel,891143.55,E_RS-SS-111_090626.pdf
354340,Ribeirão Preto,2026,Res SS 185/2026,2026-09-08,2,fixo,1800290.0,E_RS-SS-185_080926.pdf
354340,Ribeirão Preto,2026,Res SS 185/2026,2026-09-08,2,variavel,540087.0,E_RS-SS-185_080926.pdf
354350,Riversul,2024,Res SS 18/2024,2024-02-08,1,fixo,42912.0,E_R-SS-18_080224.pdf
354350,Riversul,2024,Res SS 140/2024,2024-06-20,2,fixo,42912.0,E_R-SS-140_200624.pdf
354350,Riversul,2024,Res SS 140/2024,2024-06-20,2,variavel,19431.98,E_R-SS-140_200624.pdf
354350,Riversul,2024,Res SS 140/2024,2024-06-20,3,fixo,42912.0,E_R-SS-140_200624.pdf
354350,Riversul,2024,Res SS 140/2024,2024-06-20,3,variavel,19431.98,E_R-SS-140_200624.pdf
354350,Riversul,2025,Res SS 13/2025,2025-01-24,1,fixo,35760.0,E_R-SS-13_240125.pdf
354350,Riversul,2025,Res SS 97/2025,2025-05-30,2,fixo,35760.0,E_R-SS-97_300525.pdf
354350,Riversul,2025,Res SS 180/2025,2025-10-08,1+2,variavel,42196.8,E_RS-SS-180_081025.pdf
354350,Riversul,2025,Res SS 230/2025,2025-12-09,2,ajuste,5185.2,E_RS-SS-230_091225.pdf
354350,Riversul,2025,Res SS 230/2025,2025-12-09,2025,bonus,0.0,E_RS-SS-230_091225.pdf
354350,Riversul,2025,Res SS 230/2025,2025-12-09,3,fixo,35760.0,E_RS-SS-230_091225.pdf
354350,Riversul,2025,Res SS 230/2025,2025-12-09,3,variavel,30396.0,E_RS-SS-230_091225.pdf
354350,Riversul,2026,Res SS 111/2026,2026-06-09,1,fixo,35760.0,E_RS-SS-111_090626.pdf
354350,Riversul,2026,Res SS 111/2026,2026-06-09,1,variavel,29680.8,E_RS-SS-111_090626.pdf
354350,Riversul,2026,Res SS 185/2026,2026-09-08,2,fixo,35760.0,E_RS-SS-185_080926.pdf
354350,Riversul,2026,Res SS 185/2026,2026-09-08,2,variavel,15734.4,E_RS-SS-185_080926.pdf
354360,Rifaina,2024,Res SS 18/2024,2024-02-08,1,fixo,18255.0,E_R-SS-18_080224.pdf
354360,Rifaina,2024,Res SS 140/2024,2024-06-20,2,fixo,18255.0,E_R-SS-140_200624.pdf
354360,Rifaina,2024,Res SS 140/2024,2024-06-20,2,variavel,3748.36,E_R-SS-140_200624.pdf
354360,Rifaina,2024,Res SS 140/2024,2024-06-20,3,fixo,18255.0,E_R-SS-140_200624.pdf
354360,Rifaina,2024,Res SS 140/2024,2024-06-20,3,variavel,3748.36,E_R-SS-140_200624.pdf
354360,Rifaina,2025,Res SS 13/2025,2025-01-24,1,fixo,15212.5,E_R-SS-13_240125.pdf
354360,Rifaina,2025,Res SS 97/2025,2025-05-30,2,fixo,15212.5,E_R-SS-97_300525.pdf
354360,Rifaina,2025,Res SS 180/2025,2025-10-08,1+2,variavel,26774.0,E_RS-SS-180_081025.pdf
354360,Rifaina,2025,Res SS 230/2025,2025-12-09,2,ajuste,0.0,E_RS-SS-230_091225.pdf
354360,Rifaina,2025,Res SS 230/2025,2025-12-09,2025,bonus,0.0,E_RS-SS-230_091225.pdf
354360,Rifaina,2025,Res SS 230/2025,2025-12-09,3,fixo,15212.5,E_RS-SS-230_091225.pdf
354360,Rifaina,2025,Res SS 230/2025,2025-12-09,3,variavel,15212.5,E_RS-SS-230_091225.pdf
354360,Rifaina,2026,Res SS 111/2026,2026-06-09,1,fixo,15212.5,E_RS-SS-111_090626.pdf
354360,Rifaina,2026,Res SS 111/2026,2026-06-09,1,variavel,10572.69,E_RS-SS-111_090626.pdf
354360,Rifaina,2026,Res SS 185/2026,2026-09-08,2,fixo,15212.5,E_RS-SS-185_080926.pdf
354360,Rifaina,2026,Res SS 185/2026,2026-09-08,2,variavel,10953.0,E_RS-SS-185_080926.pdf
354370,Rincão,2024,Res SS 18/2024,2024-02-08,1,fixo,64944.0,E_R-SS-18_080224.pdf
354370,Rincão,2024,Res SS 140/2024,2024-06-20,2,fixo,64944.0,E_R-SS-140_200624.pdf
354370,Rincão,2024,Res SS 140/2024,2024-06-20,2,variavel,36314.52,E_R-SS-140_200624.pdf
354370,Rincão,2024,Res SS 140/2024,2024-06-20,3,fixo,64944.0,E_R-SS-140_200624.pdf
354370,Rincão,2024,Res SS 140/2024,2024-06-20,3,variavel,36314.52,E_R-SS-140_200624.pdf
354370,Rincão,2025,Res SS 13/2025,2025-01-24,1,fixo,54120.0,E_R-SS-13_240125.pdf
354370,Rincão,2025,Res SS 97/2025,2025-05-30,2,fixo,54120.0,E_R-SS-97_300525.pdf
354370,Rincão,2025,Res SS 180/2025,2025-10-08,1+2,variavel,59532.0,E_RS-SS-180_081025.pdf
354370,Rincão,2025,Res SS 230/2025,2025-12-09,2,ajuste,24354.0,E_RS-SS-230_091225.pdf
354370,Rincão,2025,Res SS 230/2025,2025-12-09,2025,bonus,0.0,E_RS-SS-230_091225.pdf
354370,Rincão,2025,Res SS 230/2025,2025-12-09,3,fixo,54120.0,E_RS-SS-230_091225.pdf
354370,Rincão,2025,Res SS 230/2025,2025-12-09,3,variavel,54120.0,E_RS-SS-230_091225.pdf
354370,Rincão,2026,Res SS 111/2026,2026-06-09,1,fixo,54120.0,E_RS-SS-111_090626.pdf
354370,Rincão,2026,Res SS 111/2026,2026-06-09,1,variavel,54120.0,E_RS-SS-111_090626.pdf
354370,Rincão,2026,Res SS 185/2026,2026-09-08,2,fixo,54120.0,E_RS-SS-185_080926.pdf
354370,Rincão,2026,Res SS 185/2026,2026-09-08,2,variavel,31389.6,E_RS-SS-185_080926.pdf
354380,Rinópolis,2024,Res SS 18/2024,2024-02-08,1,fixo,59640.0,E_R-SS-18_080224.pdf
354380,Rinópolis,2024,Res SS 140/2024,2024-06-20,2,fixo,59640.0,E_R-SS-140_200624.pdf
354380,Rinópolis,2024,Res SS 140/2024,2024-06-20,2,variavel,17931.76,E_R-SS-140_200624.pdf
354380,Rinópolis,2024,Res SS 140/2024,2024-06-20,3,fixo,59640.0,E_R-SS-140_200624.pdf
354380,Rinópolis,2024,Res SS 140/2024,2024-06-20,3,variavel,17931.76,E_R-SS-140_200624.pdf
354380,Rinópolis,2025,Res SS 13/2025,2025-01-24,1,fixo,49700.0,E_R-SS-13_240125.pdf
354380,Rinópolis,2025,Res SS 97/2025,2025-05-30,2,fixo,49700.0,E_R-SS-97_300525.pdf
354380,Rinópolis,2025,Res SS 180/2025,2025-10-08,1+2,variavel,50694.0,E_RS-SS-180_081025.pdf
354380,Rinópolis,2025,Res SS 230/2025,2025-12-09,2,ajuste,1988.0,E_RS-SS-230_091225.pdf
354380,Rinópolis,2025,Res SS 230/2025,2025-12-09,2025,bonus,0.0,E_RS-SS-230_091225.pdf
354380,Rinópolis,2025,Res SS 230/2025,2025-12-09,3,fixo,49700.0,E_RS-SS-230_091225.pdf
354380,Rinópolis,2025,Res SS 230/2025,2025-12-09,3,variavel,44730.0,E_RS-SS-230_091225.pdf
354380,Rinópolis,2026,Res SS 111/2026,2026-06-09,1,fixo,49700.0,E_RS-SS-111_090626.pdf
354380,Rinópolis,2026,Res SS 111/2026,2026-06-09,1,variavel,32305.0,E_RS-SS-111_090626.pdf
354380,Rinópolis,2026,Res SS 185/2026,2026-09-08,2,fixo,49700.0,E_RS-SS-185_080926.pdf
354380,Rinópolis,2026,Res SS 185/2026,2026-09-08,2,variavel,47215.0,E_RS-SS-185_080926.pdf
354390,Rio Claro,2024,Res SS 18/2024,2024-02-08,1,fixo,628644.0,E_R-SS-18_080224.pdf
354390,Rio Claro,2024,Res SS 140/2024,2024-06-20,2,fixo,628644.0,E_R-SS-140_200624.pdf
354390,Rio Claro,2024,Res SS 140/2024,2024-06-20,2,variavel,387244.7,E_R-SS-140_200624.pdf
354390,Rio Claro,2024,Res SS 140/2024,2024-06-20,3,fixo,628644.0,E_R-SS-140_200624.pdf
354390,Rio Claro,2024,Res SS 140/2024,2024-06-20,3,variavel,387244.7,E_R-SS-140_200624.pdf
354390,Rio Claro,2025,Res SS 13/2025,2025-01-24,1,fixo,523870.0,E_R-SS-13_240125.pdf
354390,Rio Claro,2025,Res SS 97/2025,2025-05-30,2,fixo,523870.0,E_R-SS-97_300525.pdf
354390,Rio Claro,2025,Res SS 180/2025,2025-10-08,1+2,variavel,534347.4,E_RS-SS-180_081025.pdf
354390,Rio Claro,2025,Res SS 230/2025,2025-12-09,2,ajuste,204309.3,E_RS-SS-230_091225.pdf
354390,Rio Claro,2025,Res SS 230/2025,2025-12-09,2025,bonus,0.0,E_RS-SS-230_091225.pdf
354390,Rio Claro,2025,Res SS 230/2025,2025-12-09,3,fixo,523870.0,E_RS-SS-230_091225.pdf
354390,Rio Claro,2025,Res SS 230/2025,2025-12-09,3,variavel,293367.2,E_RS-SS-230_091225.pdf
354390,Rio Claro,2026,Res SS 111/2026,2026-06-09,1,fixo,523870.0,E_RS-SS-111_090626.pdf
354390,Rio Claro,2026,Res SS 111/2026,2026-06-09,1,variavel,458386.25,E_RS-SS-111_090626.pdf
354390,Rio Claro,2026,Res SS 185/2026,2026-09-08,2,fixo,523870.0,E_RS-SS-185_080926.pdf
354390,Rio Claro,2026,Res SS 185/2026,2026-09-08,2,variavel,390283.15,E_RS-SS-185_080926.pdf
354400,Rio Das Pedras,2024,Res SS 18/2024,2024-02-08,1,fixo,108699.0,E_R-SS-18_080224.pdf
354400,Rio Das Pedras,2024,Res SS 140/2024,2024-06-20,2,fixo,108699.0,E_R-SS-140_200624.pdf
354400,Rio Das Pedras,2024,Res SS 140/2024,2024-06-20,2,variavel,54204.57,E_R-SS-140_200624.pdf
354400,Rio Das Pedras,2024,Res SS 140/2024,2024-06-20,3,fixo,108699.0,E_R-SS-140_200624.pdf
354400,Rio Das Pedras,2024,Res SS 140/2024,2024-06-20,3,variavel,54204.57,E_R-SS-140_200624.pdf
354400,Rio Das Pedras,2025,Res SS 13/2025,2025-01-24,1,fixo,90582.5,E_R-SS-13_240125.pdf
354400,Rio Das Pedras,2025,Res SS 97/2025,2025-05-30,2,fixo,90582.5,E_R-SS-97_300525.pdf
354400,Rio Das Pedras,2025,Res SS 180/2025,2025-10-08,1+2,variavel,70654.35,E_RS-SS-180_081025.pdf
354400,Rio Das Pedras,2025,Res SS 230/2025,2025-12-09,2,ajuste,54349.5,E_RS-SS-230_091225.pdf
354400,Rio Das Pedras,2025,Res SS 230/2025,2025-12-09,2025,bonus,0.0,E_RS-SS-230_091225.pdf
354400,Rio Das Pedras,2025,Res SS 230/2025,2025-12-09,3,fixo,90582.5,E_RS-SS-230_091225.pdf
354400,Rio Das Pedras,2025,Res SS 230/2025,2025-12-09,3,variavel,90582.5,E_RS-SS-230_091225.pdf
354400,Rio Das Pedras,2026,Res SS 111/2026,2026-06-09,1,fixo,90582.5,E_RS-SS-111_090626.pdf
354400,Rio Das Pedras,2026,Res SS 111/2026,2026-06-09,1,variavel,82882.99,E_RS-SS-111_090626.pdf
354400,Rio Das Pedras,2026,Res SS 185/2026,2026-09-08,2,fixo,90582.5,E_RS-SS-185_080926.pdf
354400,Rio Das Pedras,2026,Res SS 185/2026,2026-09-08,2,variavel,41667.95,E_RS-SS-185_080926.pdf
354410,Rio Grande Da Serra,2024,Res SS 18/2024,2024-02-08,1,fixo,260045.0,E_R-SS-18_080224.pdf
354410,Rio Grande Da Serra,2024,Res SS 140/2024,2024-06-20,2,fixo,260045.0,E_R-SS-140_200624.pdf
354410,Rio Grande Da Serra,2024,Res SS 140/2024,2024-06-20,2,variavel,75326.37,E_R-SS-140_200624.pdf
354410,Rio Grande Da Serra,2024,Res SS 140/2024,2024-06-20,3,fixo,260045.0,E_R-SS-140_200624.pdf
354410,Rio Grande Da Serra,2024,Res SS 140/2024,2024-06-20,3,variavel,75326.37,E_R-SS-140_200624.pdf
354410,Rio Grande Da Serra,2025,Res SS 13/2025,2025-01-24,1,fixo,216704.17,E_R-SS-13_240125.pdf
354410,Rio Grande Da Serra,2025,Res SS 97/2025,2025-05-30,2,fixo,216704.17,E_R-SS-97_300525.pdf
354410,Rio Grande Da Serra,2025,Res SS 180/2025,2025-10-08,1+2,variavel,186365.58,E_RS-SS-180_081025.pdf
354410,Rio Grande Da Serra,2025,Res SS 230/2025,2025-12-09,2,ajuste,0.0,E_RS-SS-230_091225.pdf
354410,Rio Grande Da Serra,2025,Res SS 230/2025,2025-12-09,2025,bonus,0.0,E_RS-SS-230_091225.pdf
354410,Rio Grande Da Serra,2025,Res SS 230/2025,2025-12-09,3,fixo,216704.17,E_RS-SS-230_091225.pdf
354410,Rio Grande Da Serra,2025,Res SS 230/2025,2025-12-09,3,variavel,170112.77,E_RS-SS-230_091225.pdf
354410,Rio Grande Da Serra,2026,Res SS 111/2026,2026-06-09,1,fixo,216704.17,E_RS-SS-111_090626.pdf
354410,Rio Grande Da Serra,2026,Res SS 111/2026,2026-06-09,1,variavel,150609.4,E_RS-SS-111_090626.pdf
354410,Rio Grande Da Serra,2026,Res SS 185/2026,2026-09-08,2,fixo,216704.17,E_RS-SS-185_080926.pdf
354410,Rio Grande Da Serra,2026,Res SS 185/2026,2026-09-08,2,variavel,164695.17,E_RS-SS-185_080926.pdf
354420,Riolândia,2024,Res SS 18/2024,2024-02-08,1,fixo,77136.0,E_R-SS-18_080224.pdf
354420,Riolândia,2024,Res SS 140/2024,2024-06-20,2,fixo,77136.0,E_R-SS-140_200624.pdf
354420,Riolândia,2024,Res SS 140/2024,2024-06-20,2,variavel,43980.38,E_R-SS-140_200624.pdf
354420,Riolândia,2024,Res SS 140/2024,2024-06-20,3,fixo,77136.0,E_R-SS-140_200624.pdf
354420,Riolândia,2024,Res SS 140/2024,2024-06-20,3,variavel,43980.38,E_R-SS-140_200624.pdf
354420,Riolândia,2025,Res SS 13/2025,2025-01-24,1,fixo,64280.0,E_R-SS-13_240125.pdf
354420,Riolândia,2025,Res SS 97/2025,2025-05-30,2,fixo,64280.0,E_R-SS-97_300525.pdf
354420,Riolândia,2025,Res SS 180/2025,2025-10-08,1+2,variavel,86135.2,E_RS-SS-180_081025.pdf
354420,Riolândia,2025,Res SS 230/2025,2025-12-09,2,ajuste,20569.6,E_RS-SS-230_091225.pdf
354420,Riolândia,2025,Res SS 230/2025,2025-12-09,2025,bonus,0.0,E_RS-SS-230_091225.pdf
354420,Riolândia,2025,Res SS 230/2025,2025-12-09,3,fixo,64280.0,E_RS-SS-230_091225.pdf
354420,Riolândia,2025,Res SS 230/2025,2025-12-09,3,variavel,64280.0,E_RS-SS-230_091225.pdf
354420,Riolândia,2026,Res SS 111/2026,2026-06-09,1,fixo,64280.0,E_RS-SS-111_090626.pdf
354420,Riolândia,2026,Res SS 111/2026,2026-06-09,1,variavel,55602.2,E_RS-SS-111_090626.pdf
354420,Riolândia,2026,Res SS 185/2026,2026-09-08,2,fixo,64280.0,E_RS-SS-185_080926.pdf
354420,Riolândia,2026,Res SS 185/2026,2026-09-08,2,variavel,34711.2,E_RS-SS-185_080926.pdf
354425,Rosana,2024,Res SS 18/2024,2024-02-08,1,fixo,95574.0,E_R-SS-18_080224.pdf
354425,Rosana,2024,Res SS 140/2024,2024-06-20,2,fixo,95574.0,E_R-SS-140_200624.pdf
354425,Rosana,2024,Res SS 140/2024,2024-06-20,2,variavel,58873.58,E_R-SS-140_200624.pdf
354425,Rosana,2024,Res SS 140/2024,2024-06-20,3,fixo,95574.0,E_R-SS-140_200624.pdf
354425,Rosana,2024,Res SS 140/2024,2024-06-20,3,variavel,58873.58,E_R-SS-140_200624.pdf
354425,Rosana,2025,Res SS 13/2025,2025-01-24,1,fixo,79645.0,E_R-SS-13_240125.pdf
354425,Rosana,2025,Res SS 97/2025,2025-05-30,2,fixo,79645.0,E_R-SS-97_300525.pdf
354425,Rosana,2025,Res SS 180/2025,2025-10-08,1+2,variavel,111503.0,E_RS-SS-180_081025.pdf
354425,Rosana,2025,Res SS 230/2025,2025-12-09,2,ajuste,0.0,E_RS-SS-230_091225.pdf
354425,Rosana,2025,Res SS 230/2025,2025-12-09,2025,bonus,0.0,E_RS-SS-230_091225.pdf
354425,Rosana,2025,Res SS 230/2025,2025-12-09,3,fixo,79645.0,E_RS-SS-230_091225.pdf
354425,Rosana,2025,Res SS 230/2025,2025-12-09,3,variavel,71481.39,E_RS-SS-230_091225.pdf
354425,Rosana,2026,Res SS 111/2026,2026-06-09,1,fixo,79645.0,E_RS-SS-111_090626.pdf
354425,Rosana,2026,Res SS 111/2026,2026-06-09,1,variavel,51769.25,E_RS-SS-111_090626.pdf
354425,Rosana,2026,Res SS 185/2026,2026-09-08,2,fixo,79645.0,E_RS-SS-185_080926.pdf
354425,Rosana,2026,Res SS 185/2026,2026-09-08,2,variavel,72476.95,E_RS-SS-185_080926.pdf
354430,Roseira,2024,Res SS 18/2024,2024-02-08,1,fixo,76216.0,E_R-SS-18_080224.pdf
354430,Roseira,2024,Res SS 140/2024,2024-06-20,2,fixo,76216.0,E_R-SS-140_200624.pdf
354430,Roseira,2024,Res SS 140/2024,2024-06-20,2,variavel,27666.41,E_R-SS-140_200624.pdf
354430,Roseira,2024,Res SS 140/2024,2024-06-20,3,fixo,76216.0,E_R-SS-140_200624.pdf
354430,Roseira,2024,Res SS 140/2024,2024-06-20,3,variavel,27666.41,E_R-SS-140_200624.pdf
354430,Roseira,2025,Res SS 13/2025,2025-01-24,1,fixo,63513.33,E_R-SS-13_240125.pdf
354430,Roseira,2025,Res SS 97/2025,2025-05-30,2,fixo,63513.33,E_R-SS-97_300525.pdf
354430,Roseira,2025,Res SS 180/2025,2025-10-08,1+2,variavel,49540.4,E_RS-SS-180_081025.pdf
354430,Roseira,2025,Res SS 230/2025,2025-12-09,2,ajuste,26929.65,E_RS-SS-230_091225.pdf
354430,Roseira,2025,Res SS 230/2025,2025-12-09,2025,bonus,0.0,E_RS-SS-230_091225.pdf
354430,Roseira,2025,Res SS 230/2025,2025-12-09,3,fixo,63513.33,E_RS-SS-230_091225.pdf
354430,Roseira,2025,Res SS 230/2025,2025-12-09,3,variavel,56526.87,E_RS-SS-230_091225.pdf
354430,Roseira,2026,Res SS 111/2026,2026-06-09,1,fixo,63513.33,E_RS-SS-111_090626.pdf
354430,Roseira,2026,Res SS 111/2026,2026-06-09,1,variavel,46682.3,E_RS-SS-111_090626.pdf
354430,Roseira,2026,Res SS 185/2026,2026-09-08,2,fixo,63513.33,E_RS-SS-185_080926.pdf
354430,Roseira,2026,Res SS 185/2026,2026-09-08,2,variavel,34297.2,E_RS-SS-185_080926.pdf
354440,Rubiácea,2024,Res SS 18/2024,2024-02-08,1,fixo,22365.0,E_R-SS-18_080224.pdf
354440,Rubiácea,2024,Res SS 140/2024,2024-06-20,2,fixo,22365.0,E_R-SS-140_200624.pdf
354440,Rubiácea,2024,Res SS 140/2024,2024-06-20,2,variavel,8036.49,E_R-SS-140_200624.pdf
354440,Rubiácea,2024,Res SS 140/2024,2024-06-20,3,fixo,22365.0,E_R-SS-140_200624.pdf
354440,Rubiácea,2024,Res SS 140/2024,2024-06-20,3,variavel,8036.49,E_R-SS-140_200624.pdf
354440,Rubiácea,2025,Res SS 13/2025,2025-01-24,1,fixo,18637.5,E_R-SS-13_240125.pdf
354440,Rubiácea,2025,Res SS 97/2025,2025-05-30,2,fixo,18637.5,E_R-SS-97_300525.pdf
354440,Rubiácea,2025,Res SS 180/2025,2025-10-08,1+2,variavel,35038.5,E_RS-SS-180_081025.pdf
354440,Rubiácea,2025,Res SS 230/2025,2025-12-09,2,ajuste,0.0,E_RS-SS-230_091225.pdf
354440,Rubiácea,2025,Res SS 230/2025,2025-12-09,2025,bonus,0.0,E_RS-SS-230_091225.pdf
354440,Rubiácea,2025,Res SS 230/2025,2025-12-09,3,fixo,18637.5,E_RS-SS-230_091225.pdf
354440,Rubiácea,2025,Res SS 230/2025,2025-12-09,3,variavel,15981.66,E_RS-SS-230_091225.pdf
354440,Rubiácea,2026,Res SS 111/2026,2026-06-09,1,fixo,18637.5,E_RS-SS-111_090626.pdf
354440,Rubiácea,2026,Res SS 111/2026,2026-06-09,1,variavel,18637.5,E_RS-SS-111_090626.pdf
354440,Rubiácea,2026,Res SS 185/2026,2026-09-08,2,fixo,18637.5,E_RS-SS-185_080926.pdf
354440,Rubiácea,2026,Res SS 185/2026,2026-09-08,2,variavel,18637.5,E_RS-SS-185_080926.pdf
354450,Rubinéia,2024,Res SS 18/2024,2024-02-08,1,fixo,19146.0,E_R-SS-18_080224.pdf
354450,Rubinéia,2024,Res SS 140/2024,2024-06-20,2,fixo,19146.0,E_R-SS-140_200624.pdf
354450,Rubinéia,2024,Res SS 140/2024,2024-06-20,2,variavel,12764.0,E_R-SS-140_200624.pdf
354450,Rubinéia,2024,Res SS 140/2024,2024-06-20,3,fixo,19146.0,E_R-SS-140_200624.pdf
354450,Rubinéia,2024,Res SS 140/2024,2024-06-20,3,variavel,12764.0,E_R-SS-140_200624.pdf
354450,Rubinéia,2025,Res SS 13/2025,2025-01-24,1,fixo,15955.0,E_R-SS-13_240125.pdf
354450,Rubinéia,2025,Res SS 97/2025,2025-05-30,2,fixo,15955.0,E_R-SS-97_300525.pdf
354450,Rubinéia,2025,Res SS 180/2025,2025-10-08,1+2,variavel,16593.2,E_RS-SS-180_081025.pdf
354450,Rubinéia,2025,Res SS 230/2025,2025-12-09,2,ajuste,1005.17,E_RS-SS-230_091225.pdf
354450,Rubinéia,2025,Res SS 230/2025,2025-12-09,2025,bonus,0.0,E_RS-SS-230_091225.pdf
354450,Rubinéia,2025,Res SS 230/2025,2025-12-09,3,fixo,15955.0,E_RS-SS-230_091225.pdf
354450,Rubinéia,2025,Res SS 230/2025,2025-12-09,3,variavel,12365.13,E_RS-SS-230_091225.pdf
354450,Rubinéia,2026,Res SS 111/2026,2026-06-09,1,fixo,15955.0,E_RS-SS-111_090626.pdf
354450,Rubinéia,2026,Res SS 111/2026,2026-06-09,1,variavel,15875.23,E_RS-SS-111_090626.pdf
354450,Rubinéia,2026,Res SS 185/2026,2026-09-08,2,fixo,15955.0,E_RS-SS-185_080926.pdf
354450,Rubinéia,2026,Res SS 185/2026,2026-09-08,2,variavel,15955.0,E_RS-SS-185_080926.pdf
354460,Sabino,2024,Res SS 18/2024,2024-02-08,1,fixo,33828.0,E_R-SS-18_080224.pdf
354460,Sabino,2024,Res SS 140/2024,2024-06-20,2,fixo,33828.0,E_R-SS-140_200624.pdf
354460,Sabino,2024,Res SS 140/2024,2024-06-20,2,variavel,17116.97,E_R-SS-140_200624.pdf
354460,Sabino,2024,Res SS 140/2024,2024-06-20,3,fixo,33828.0,E_R-SS-140_200624.pdf
354460,Sabino,2024,Res SS 140/2024,2024-06-20,3,variavel,17116.97,E_R-SS-140_200624.pdf
354460,Sabino,2025,Res SS 13/2025,2025-01-24,1,fixo,28190.0,E_R-SS-13_240125.pdf
354460,Sabino,2025,Res SS 97/2025,2025-05-30,2,fixo,28190.0,E_R-SS-97_300525.pdf
354460,Sabino,2025,Res SS 180/2025,2025-10-08,1+2,variavel,28190.0,E_RS-SS-180_081025.pdf
354460,Sabino,2025,Res SS 230/2025,2025-12-09,2,ajuste,10712.2,E_RS-SS-230_091225.pdf
354460,Sabino,2025,Res SS 230/2025,2025-12-09,2025,bonus,0.0,E_RS-SS-230_091225.pdf
354460,Sabino,2025,Res SS 230/2025,2025-12-09,3,fixo,28190.0,E_RS-SS-230_091225.pdf
354460,Sabino,2025,Res SS 230/2025,2025-12-09,3,variavel,14095.0,E_RS-SS-230_091225.pdf
354460,Sabino,2026,Res SS 111/2026,2026-06-09,1,fixo,28190.0,E_RS-SS-111_090626.pdf
354460,Sabino,2026,Res SS 111/2026,2026-06-09,1,variavel,27626.2,E_RS-SS-111_090626.pdf
354460,Sabino,2026,Res SS 185/2026,2026-09-08,2,fixo,28190.0,E_RS-SS-185_080926.pdf
354460,Sabino,2026,Res SS 185/2026,2026-09-08,2,variavel,21424.4,E_RS-SS-185_080926.pdf
354470,Sagres,2024,Res SS 18/2024,2024-02-08,1,fixo,14562.0,E_R-SS-18_080224.pdf
354470,Sagres,2024,Res SS 140/2024,2024-06-20,2,fixo,14562.0,E_R-SS-140_200624.pdf
354470,Sagres,2024,Res SS 140/2024,2024-06-20,2,variavel,8756.62,E_R-SS-140_200624.pdf
354470,Sagres,2024,Res SS 140/2024,2024-06-20,3,fixo,14562.0,E_R-SS-140_200624.pdf
354470,Sagres,2024,Res SS 140/2024,2024-06-20,3,variavel,8756.62,E_R-SS-140_200624.pdf
354470,Sagres,2025,Res SS 13/2025,2025-01-24,1,fixo,12135.0,E_R-SS-13_240125.pdf
354470,Sagres,2025,Res SS 97/2025,2025-05-30,2,fixo,12135.0,E_R-SS-97_300525.pdf
354470,Sagres,2025,Res SS 180/2025,2025-10-08,1+2,variavel,10921.5,E_RS-SS-180_081025.pdf
354470,Sagres,2025,Res SS 230/2025,2025-12-09,2,ajuste,5485.02,E_RS-SS-230_091225.pdf
354470,Sagres,2025,Res SS 230/2025,2025-12-09,2025,bonus,0.0,E_RS-SS-230_091225.pdf
354470,Sagres,2025,Res SS 230/2025,2025-12-09,3,fixo,12135.0,E_RS-SS-230_091225.pdf
354470,Sagres,2025,Res SS 230/2025,2025-12-09,3,variavel,7948.43,E_RS-SS-230_091225.pdf
354470,Sagres,2026,Res SS 111/2026,2026-06-09,1,fixo,12135.0,E_RS-SS-111_090626.pdf
354470,Sagres,2026,Res SS 111/2026,2026-06-09,1,variavel,10314.75,E_RS-SS-111_090626.pdf
354470,Sagres,2026,Res SS 185/2026,2026-09-08,2,fixo,12135.0,E_RS-SS-185_080926.pdf
354470,Sagres,2026,Res SS 185/2026,2026-09-08,2,variavel,6856.28,E_RS-SS-185_080926.pdf
354480,Sales,2024,Res SS 18/2024,2024-02-08,1,fixo,51848.0,E_R-SS-18_080224.pdf
354480,Sales,2024,Res SS 140/2024,2024-06-20,2,fixo,51848.0,E_R-SS-140_200624.pdf
354480,Sales,2024,Res SS 140/2024,2024-06-20,2,variavel,30244.67,E_R-SS-140_200624.pdf
354480,Sales,2024,Res SS 140/2024,2024-06-20,3,fixo,51848.0,E_R-SS-140_200624.pdf
354480,Sales,2024,Res SS 140/2024,2024-06-20,3,variavel,30244.67,E_R-SS-140_200624.pdf
354480,Sales,2025,Res SS 13/2025,2025-01-24,1,fixo,43206.67,E_R-SS-13_240125.pdf
354480,Sales,2025,Res SS 97/2025,2025-05-30,2,fixo,43206.67,E_R-SS-97_300525.pdf
354480,Sales,2025,Res SS 180/2025,2025-10-08,1+2,variavel,82956.8,E_RS-SS-180_081025.pdf
354480,Sales,2025,Res SS 230/2025,2025-12-09,2,ajuste,0.0,E_RS-SS-230_091225.pdf
354480,Sales,2025,Res SS 230/2025,2025-12-09,2025,bonus,129620.0,E_RS-SS-230_091225.pdf
354480,Sales,2025,Res SS 230/2025,2025-12-09,3,fixo,43206.67,E_RS-SS-230_091225.pdf
354480,Sales,2025,Res SS 230/2025,2025-12-09,3,variavel,43206.67,E_RS-SS-230_091225.pdf
354480,Sales,2026,Res SS 111/2026,2026-06-09,1,fixo,43206.67,E_RS-SS-111_090626.pdf
354480,Sales,2026,Res SS 111/2026,2026-06-09,1,variavel,40182.2,E_RS-SS-111_090626.pdf
354480,Sales,2026,Res SS 185/2026,2026-09-08,2,fixo,43206.67,E_RS-SS-185_080926.pdf
354480,Sales,2026,Res SS 185/2026,2026-09-08,2,variavel,42666.58,E_RS-SS-185_080926.pdf
354490,Sales Oliveira,2024,Res SS 18/2024,2024-02-08,1,fixo,72618.0,E_R-SS-18_080224.pdf
354490,Sales Oliveira,2024,Res SS 140/2024,2024-06-20,2,fixo,72618.0,E_R-SS-140_200624.pdf
354490,Sales Oliveira,2024,Res SS 140/2024,2024-06-20,2,variavel,48412.0,E_R-SS-140_200624.pdf
354490,Sales Oliveira,2024,Res SS 140/2024,2024-06-20,3,fixo,72618.0,E_R-SS-140_200624.pdf
354490,Sales Oliveira,2024,Res SS 140/2024,2024-06-20,3,variavel,48412.0,E_R-SS-140_200624.pdf
354490,Sales Oliveira,2025,Res SS 13/2025,2025-01-24,1,fixo,60515.0,E_R-SS-13_240125.pdf
354490,Sales Oliveira,2025,Res SS 97/2025,2025-05-30,2,fixo,60515.0,E_R-SS-97_300525.pdf
354490,Sales Oliveira,2025,Res SS 180/2025,2025-10-08,1+2,variavel,105296.1,E_RS-SS-180_081025.pdf
354490,Sales Oliveira,2025,Res SS 230/2025,2025-12-09,2,ajuste,605.15,E_RS-SS-230_091225.pdf
354490,Sales Oliveira,2025,Res SS 230/2025,2025-12-09,2025,bonus,0.0,E_RS-SS-230_091225.pdf
354490,Sales Oliveira,2025,Res SS 230/2025,2025-12-09,3,fixo,60515.0,E_RS-SS-230_091225.pdf
354490,Sales Oliveira,2025,Res SS 230/2025,2025-12-09,3,variavel,50832.6,E_RS-SS-230_091225.pdf
354490,Sales Oliveira,2026,Res SS 111/2026,2026-06-09,1,fixo,60515.0,E_RS-SS-111_090626.pdf
354490,Sales Oliveira,2026,Res SS 111/2026,2026-06-09,1,variavel,60515.0,E_RS-SS-111_090626.pdf
354490,Sales Oliveira,2026,Res SS 185/2026,2026-09-08,2,fixo,60515.0,E_RS-SS-185_080926.pdf
354490,Sales Oliveira,2026,Res SS 185/2026,2026-09-08,2,variavel,56278.95,E_RS-SS-185_080926.pdf
354500,Salesópolis,2024,Res SS 18/2024,2024-02-08,1,fixo,104178.0,E_R-SS-18_080224.pdf
354500,Salesópolis,2024,Res SS 140/2024,2024-06-20,2,fixo,104178.0,E_R-SS-140_200624.pdf
354500,Salesópolis,2024,Res SS 140/2024,2024-06-20,2,variavel,63895.84,E_R-SS-140_200624.pdf
354500,Salesópolis,2024,Res SS 140/2024,2024-06-20,3,fixo,104178.0,E_R-SS-140_200624.pdf
354500,Salesópolis,2024,Res SS 140/2024,2024-06-20,3,variavel,63895.84,E_R-SS-140_200624.pdf
354500,Salesópolis,2025,Res SS 13/2025,2025-01-24,1,fixo,86815.0,E_R-SS-13_240125.pdf
354500,Salesópolis,2025,Res SS 97/2025,2025-05-30,2,fixo,86815.0,E_R-SS-97_300525.pdf
354500,Salesópolis,2025,Res SS 180/2025,2025-10-08,1+2,variavel,116332.1,E_RS-SS-180_081025.pdf
354500,Salesópolis,2025,Res SS 230/2025,2025-12-09,2,ajuste,0.0,E_RS-SS-230_091225.pdf
354500,Salesópolis,2025,Res SS 230/2025,2025-12-09,2025,bonus,0.0,E_RS-SS-230_091225.pdf
354500,Salesópolis,2025,Res SS 230/2025,2025-12-09,3,fixo,86815.0,E_RS-SS-230_091225.pdf
354500,Salesópolis,2025,Res SS 230/2025,2025-12-09,3,variavel,38198.6,E_RS-SS-230_091225.pdf
354500,Salesópolis,2026,Res SS 111/2026,2026-06-09,1,fixo,86815.0,E_RS-SS-111_090626.pdf
354500,Salesópolis,2026,Res SS 111/2026,2026-06-09,1,variavel,86815.0,E_RS-SS-111_090626.pdf
354500,Salesópolis,2026,Res SS 185/2026,2026-09-08,2,fixo,86815.0,E_RS-SS-185_080926.pdf
354500,Salesópolis,2026,Res SS 185/2026,2026-09-08,2,variavel,86815.0,E_RS-SS-185_080926.pdf
354510,Salmourão,2024,Res SS 18/2024,2024-02-08,1,fixo,37604.0,E_R-SS-18_080224.pdf
354510,Salmourão,2024,Res SS 140/2024,2024-06-20,2,fixo,37604.0,E_R-SS-140_200624.pdf
354510,Salmourão,2024,Res SS 140/2024,2024-06-20,2,variavel,16132.12,E_R-SS-140_200624.pdf
354510,Salmourão,2024,Res SS 140/2024,2024-06-20,3,fixo,37604.0,E_R-SS-140_200624.pdf
354510,Salmourão,2024,Res SS 140/2024,2024-06-20,3,variavel,16132.12,E_R-SS-140_200624.pdf
354510,Salmourão,2025,Res SS 13/2025,2025-01-24,1,fixo,31336.67,E_R-SS-13_240125.pdf
354510,Salmourão,2025,Res SS 97/2025,2025-05-30,2,fixo,31336.67,E_R-SS-97_300525.pdf
354510,Salmourão,2025,Res SS 180/2025,2025-10-08,1+2,variavel,62673.33,E_RS-SS-180_081025.pdf
354510,Salmourão,2025,Res SS 230/2025,2025-12-09,2,ajuste,0.0,E_RS-SS-230_091225.pdf
354510,Salmourão,2025,Res SS 230/2025,2025-12-09,2025,bonus,0.0,E_RS-SS-230_091225.pdf
354510,Salmourão,2025,Res SS 230/2025,2025-12-09,3,fixo,31336.67,E_RS-SS-230_091225.pdf
354510,Salmourão,2025,Res SS 230/2025,2025-12-09,3,variavel,31336.67,E_RS-SS-230_091225.pdf
354510,Salmourão,2026,Res SS 111/2026,2026-06-09,1,fixo,31336.67,E_RS-SS-111_090626.pdf
354510,Salmourão,2026,Res SS 111/2026,2026-06-09,1,variavel,28516.37,E_RS-SS-111_090626.pdf
354510,Salmourão,2026,Res SS 185/2026,2026-09-08,2,fixo,31336.67,E_RS-SS-185_080926.pdf
354510,Salmourão,2026,Res SS 185/2026,2026-09-08,2,variavel,22405.72,E_RS-SS-185_080926.pdf
354515,Saltinho,2024,Res SS 18/2024,2024-02-08,1,fixo,25494.0,E_R-SS-18_080224.pdf
354515,Saltinho,2024,Res SS 140/2024,2024-06-20,2,fixo,25494.0,E_R-SS-140_200624.pdf
354515,Saltinho,2024,Res SS 140/2024,2024-06-20,2,variavel,15984.74,E_R-SS-140_200624.pdf
354515,Saltinho,2024,Res SS 140/2024,2024-06-20,3,fixo,25494.0,E_R-SS-140_200624.pdf
354515,Saltinho,2024,Res SS 140/2024,2024-06-20,3,variavel,15984.74,E_R-SS-140_200624.pdf
354515,Saltinho,2025,Res SS 13/2025,2025-01-24,1,fixo,21245.0,E_R-SS-13_240125.pdf
354515,Saltinho,2025,Res SS 97/2025,2025-05-30,2,fixo,21245.0,E_R-SS-97_300525.pdf
354515,Saltinho,2025,Res SS 180/2025,2025-10-08,1+2,variavel,27618.5,E_RS-SS-180_081025.pdf
354515,Saltinho,2025,Res SS 230/2025,2025-12-09,2,ajuste,6288.52,E_RS-SS-230_091225.pdf
354515,Saltinho,2025,Res SS 230/2025,2025-12-09,2025,bonus,0.0,E_RS-SS-230_091225.pdf
354515,Saltinho,2025,Res SS 230/2025,2025-12-09,3,fixo,21245.0,E_RS-SS-230_091225.pdf
354515,Saltinho,2025,Res SS 230/2025,2025-12-09,3,variavel,21245.0,E_RS-SS-230_091225.pdf
354515,Saltinho,2026,Res SS 111/2026,2026-06-09,1,fixo,21245.0,E_RS-SS-111_090626.pdf
354515,Saltinho,2026,Res SS 111/2026,2026-06-09,1,variavel,20820.1,E_RS-SS-111_090626.pdf
354515,Saltinho,2026,Res SS 185/2026,2026-09-08,2,fixo,21245.0,E_RS-SS-185_080926.pdf
354515,Saltinho,2026,Res SS 185/2026,2026-09-08,2,variavel,16305.54,E_RS-SS-185_080926.pdf
354520,Salto,2024,Res SS 18/2024,2024-02-08,1,fixo,362337.0,E_R-SS-18_080224.pdf
354520,Salto,2024,Res SS 140/2024,2024-06-20,2,fixo,362337.0,E_R-SS-140_200624.pdf
354520,Salto,2024,Res SS 140/2024,2024-06-20,2,variavel,173921.76,E_R-SS-140_200624.pdf
354520,Salto,2024,Res SS 140/2024,2024-06-20,3,fixo,362337.0,E_R-SS-140_200624.pdf
354520,Salto,2024,Res SS 140/2024,2024-06-20,3,variavel,173921.76,E_R-SS-140_200624.pdf
354520,Salto,2025,Res SS 13/2025,2025-01-24,1,fixo,301947.5,E_R-SS-13_240125.pdf
354520,Salto,2025,Res SS 97/2025,2025-05-30,2,fixo,301947.5,E_R-SS-97_300525.pdf
354520,Salto,2025,Res SS 180/2025,2025-10-08,1+2,variavel,120779.0,E_RS-SS-180_081025.pdf
354520,Salto,2025,Res SS 230/2025,2025-12-09,2,ajuste,157012.7,E_RS-SS-230_091225.pdf
354520,Salto,2025,Res SS 230/2025,2025-12-09,2025,bonus,0.0,E_RS-SS-230_091225.pdf
354520,Salto,2025,Res SS 230/2025,2025-12-09,3,fixo,301947.5,E_RS-SS-230_091225.pdf
354520,Salto,2025,Res SS 230/2025,2025-12-09,3,variavel,218911.94,E_RS-SS-230_091225.pdf
354520,Salto,2026,Res SS 111/2026,2026-06-09,1,fixo,301947.5,E_RS-SS-111_090626.pdf
354520,Salto,2026,Res SS 111/2026,2026-06-09,1,variavel,247596.95,E_RS-SS-111_090626.pdf
354520,Salto,2026,Res SS 185/2026,2026-09-08,2,fixo,301947.5,E_RS-SS-185_080926.pdf
354520,Salto,2026,Res SS 185/2026,2026-09-08,2,variavel,218157.07,E_RS-SS-185_080926.pdf
354530,Salto De Pirapora,2024,Res SS 18/2024,2024-02-08,1,fixo,277710.0,E_R-SS-18_080224.pdf
354530,Salto De Pirapora,2024,Res SS 140/2024,2024-06-20,2,fixo,277710.0,E_R-SS-140_200624.pdf
354530,Salto De Pirapora,2024,Res SS 140/2024,2024-06-20,2,variavel,162923.2,E_R-SS-140_200624.pdf
354530,Salto De Pirapora,2024,Res SS 140/2024,2024-06-20,3,fixo,277710.0,E_R-SS-140_200624.pdf
354530,Salto De Pirapora,2024,Res SS 140/2024,2024-06-20,3,variavel,162923.2,E_R-SS-140_200624.pdf
354530,Salto De Pirapora,2025,Res SS 13/2025,2025-01-24,1,fixo,231425.0,E_R-SS-13_240125.pdf
354530,Salto De Pirapora,2025,Res SS 97/2025,2025-05-30,2,fixo,231425.0,E_R-SS-97_300525.pdf
354530,Salto De Pirapora,2025,Res SS 180/2025,2025-10-08,1+2,variavel,157369.0,E_RS-SS-180_081025.pdf
354530,Salto De Pirapora,2025,Res SS 230/2025,2025-12-09,2,ajuste,0.0,E_RS-SS-230_091225.pdf
354530,Salto De Pirapora,2025,Res SS 230/2025,2025-12-09,2025,bonus,0.0,E_RS-SS-230_091225.pdf
354530,Salto De Pirapora,2025,Res SS 230/2025,2025-12-09,3,fixo,231425.0,E_RS-SS-230_091225.pdf
354530,Salto De Pirapora,2025,Res SS 230/2025,2025-12-09,3,variavel,160840.38,E_RS-SS-230_091225.pdf
354530,Salto De Pirapora,2026,Res SS 111/2026,2026-06-09,1,fixo,231425.0,E_RS-SS-111_090626.pdf
354530,Salto De Pirapora,2026,Res SS 111/2026,2026-06-09,1,variavel,182825.75,E_RS-SS-111_090626.pdf
354530,Salto De Pirapora,2026,Res SS 185/2026,2026-09-08,2,fixo,231425.0,E_RS-SS-185_080926.pdf
354530,Salto De Pirapora,2026,Res SS 185/2026,2026-09-08,2,variavel,212911.0,E_RS-SS-185_080926.pdf
354540,Salto Grande,2024,Res SS 18/2024,2024-02-08,1,fixo,56376.0,E_R-SS-18_080224.pdf
354540,Salto Grande,2024,Res SS 140/2024,2024-06-20,2,fixo,56376.0,E_R-SS-140_200624.pdf
354540,Salto Grande,2024,Res SS 140/2024,2024-06-20,2,variavel,34314.19,E_R-SS-140_200624.pdf
354540,Salto Grande,2024,Res SS 140/2024,2024-06-20,3,fixo,56376.0,E_R-SS-140_200624.pdf
354540,Salto Grande,2024,Res SS 140/2024,2024-06-20,3,variavel,34314.19,E_R-SS-140_200624.pdf
354540,Salto Grande,2025,Res SS 13/2025,2025-01-24,1,fixo,46980.0,E_R-SS-13_240125.pdf
354540,Salto Grande,2025,Res SS 97/2025,2025-05-30,2,fixo,46980.0,E_R-SS-97_300525.pdf
354540,Salto Grande,2025,Res SS 180/2025,2025-10-08,1+2,variavel,86443.2,E_RS-SS-180_081025.pdf
354540,Salto Grande,2025,Res SS 230/2025,2025-12-09,2,ajuste,3758.4,E_RS-SS-230_091225.pdf
354540,Salto Grande,2025,Res SS 230/2025,2025-12-09,2025,bonus,140940.0,E_RS-SS-230_091225.pdf
354540,Salto Grande,2025,Res SS 230/2025,2025-12-09,3,fixo,46980.0,E_RS-SS-230_091225.pdf
354540,Salto Grande,2025,Res SS 230/2025,2025-12-09,3,variavel,46980.0,E_RS-SS-230_091225.pdf
354540,Salto Grande,2026,Res SS 111/2026,2026-06-09,1,fixo,46980.0,E_RS-SS-111_090626.pdf
354540,Salto Grande,2026,Res SS 111/2026,2026-06-09,1,variavel,46980.0,E_RS-SS-111_090626.pdf
354540,Salto Grande,2026,Res SS 185/2026,2026-09-08,2,fixo,46980.0,E_RS-SS-185_080926.pdf
354540,Salto Grande,2026,Res SS 185/2026,2026-09-08,2,variavel,23490.0,E_RS-SS-185_080926.pdf
354550,Sandovalina,2024,Res SS 18/2024,2024-02-08,1,fixo,26430.0,E_R-SS-18_080224.pdf
354550,Sandovalina,2024,Res SS 140/2024,2024-06-20,2,fixo,26430.0,E_R-SS-140_200624.pdf
354550,Sandovalina,2024,Res SS 140/2024,2024-06-20,2,variavel,17056.16,E_R-SS-140_200624.pdf
354550,Sandovalina,2024,Res SS 140/2024,2024-06-20,3,fixo,26430.0,E_R-SS-140_200624.pdf
354550,Sandovalina,2024,Res SS 140/2024,2024-06-20,3,variavel,17056.16,E_R-SS-140_200624.pdf
354550,Sandovalina,2025,Res SS 13/2025,2025-01-24,1,fixo,22025.0,E_R-SS-13_240125.pdf
354550,Sandovalina,2025,Res SS 97/2025,2025-05-30,2,fixo,22025.0,E_R-SS-97_300525.pdf
354550,Sandovalina,2025,Res SS 180/2025,2025-10-08,1+2,variavel,29954.0,E_RS-SS-180_081025.pdf
354550,Sandovalina,2025,Res SS 230/2025,2025-12-09,2,ajuste,5858.65,E_RS-SS-230_091225.pdf
354550,Sandovalina,2025,Res SS 230/2025,2025-12-09,2025,bonus,0.0,E_RS-SS-230_091225.pdf
354550,Sandovalina,2025,Res SS 230/2025,2025-12-09,3,fixo,22025.0,E_RS-SS-230_091225.pdf
354550,Sandovalina,2025,Res SS 230/2025,2025-12-09,3,variavel,21033.88,E_RS-SS-230_091225.pdf
354550,Sandovalina,2026,Res SS 111/2026,2026-06-09,1,fixo,22025.0,E_RS-SS-111_090626.pdf
354550,Sandovalina,2026,Res SS 111/2026,2026-06-09,1,variavel,18501.0,E_RS-SS-111_090626.pdf
354550,Sandovalina,2026,Res SS 185/2026,2026-09-08,2,fixo,22025.0,E_RS-SS-185_080926.pdf
354550,Sandovalina,2026,Res SS 185/2026,2026-09-08,2,variavel,22025.0,E_RS-SS-185_080926.pdf
354560,Santa Adélia,2024,Res SS 18/2024,2024-02-08,1,fixo,93834.0,E_R-SS-18_080224.pdf
354560,Santa Adélia,2024,Res SS 140/2024,2024-06-20,2,fixo,93834.0,E_R-SS-140_200624.pdf
354560,Santa Adélia,2024,Res SS 140/2024,2024-06-20,2,variavel,62556.0,E_R-SS-140_200624.pdf
354560,Santa Adélia,2024,Res SS 140/2024,2024-06-20,3,fixo,93834.0,E_R-SS-140_200624.pdf
354560,Santa Adélia,2024,Res SS 140/2024,2024-06-20,3,variavel,62556.0,E_R-SS-140_200624.pdf
354560,Santa Adélia,2025,Res SS 13/2025,2025-01-24,1,fixo,78195.0,E_R-SS-13_240125.pdf
354560,Santa Adélia,2025,Res SS 97/2025,2025-05-30,2,fixo,78195.0,E_R-SS-97_300525.pdf
354560,Santa Adélia,2025,Res SS 180/2025,2025-10-08,1+2,variavel,139187.1,E_RS-SS-180_081025.pdf
354560,Santa Adélia,2025,Res SS 230/2025,2025-12-09,2,ajuste,0.0,E_RS-SS-230_091225.pdf
354560,Santa Adélia,2025,Res SS 230/2025,2025-12-09,2025,bonus,0.0,E_RS-SS-230_091225.pdf
354560,Santa Adélia,2025,Res SS 230/2025,2025-12-09,3,fixo,78195.0,E_RS-SS-230_091225.pdf
354560,Santa Adélia,2025,Res SS 230/2025,2025-12-09,3,variavel,78195.0,E_RS-SS-230_091225.pdf
354560,Santa Adélia,2026,Res SS 111/2026,2026-06-09,1,fixo,78195.0,E_RS-SS-111_090626.pdf
354560,Santa Adélia,2026,Res SS 111/2026,2026-06-09,1,variavel,77413.05,E_RS-SS-111_090626.pdf
354560,Santa Adélia,2026,Res SS 185/2026,2026-09-08,2,fixo,78195.0,E_RS-SS-185_080926.pdf
354560,Santa Adélia,2026,Res SS 185/2026,2026-09-08,2,variavel,72330.38,E_RS-SS-185_080926.pdf
354570,Santa Albertina,2024,Res SS 18/2024,2024-02-08,1,fixo,18108.0,E_R-SS-18_080224.pdf
354570,Santa Albertina,2024,Res SS 140/2024,2024-06-20,2,fixo,18108.0,E_R-SS-140_200624.pdf
354570,Santa Albertina,2024,Res SS 140/2024,2024-06-20,2,variavel,10888.94,E_R-SS-140_200624.pdf
354570,Santa Albertina,2024,Res SS 140/2024,2024-06-20,3,fixo,18108.0,E_R-SS-140_200624.pdf
354570,Santa Albertina,2024,Res SS 140/2024,2024-06-20,3,variavel,10888.94,E_R-SS-140_200624.pdf
354570,Santa Albertina,2025,Res SS 13/2025,2025-01-24,1,fixo,15090.0,E_R-SS-13_240125.pdf
354570,Santa Albertina,2025,Res SS 97/2025,2025-05-30,2,fixo,15090.0,E_R-SS-97_300525.pdf
354570,Santa Albertina,2025,Res SS 180/2025,2025-10-08,1+2,variavel,18108.0,E_RS-SS-180_081025.pdf
354570,Santa Albertina,2025,Res SS 230/2025,2025-12-09,2,ajuste,2233.32,E_RS-SS-230_091225.pdf
354570,Santa Albertina,2025,Res SS 230/2025,2025-12-09,2025,bonus,0.0,E_RS-SS-230_091225.pdf
354570,Santa Albertina,2025,Res SS 230/2025,2025-12-09,3,fixo,15090.0,E_RS-SS-230_091225.pdf
354570,Santa Albertina,2025,Res SS 230/2025,2025-12-09,3,variavel,10487.55,E_RS-SS-230_091225.pdf
354570,Santa Albertina,2026,Res SS 111/2026,2026-06-09,1,fixo,15090.0,E_RS-SS-111_090626.pdf
354570,Santa Albertina,2026,Res SS 111/2026,2026-06-09,1,variavel,12449.25,E_RS-SS-111_090626.pdf
354570,Santa Albertina,2026,Res SS 185/2026,2026-09-08,2,fixo,15090.0,E_RS-SS-185_080926.pdf
354570,Santa Albertina,2026,Res SS 185/2026,2026-09-08,2,variavel,6941.4,E_RS-SS-185_080926.pdf
354580,Santa Bárbara D'Oeste,2024,Res SS 18/2024,2024-02-08,1,fixo,585834.0,E_R-SS-18_080224.pdf
354580,Santa Bárbara D'Oeste,2024,Res SS 140/2024,2024-06-20,2,fixo,585834.0,E_R-SS-140_200624.pdf
354580,Santa Bárbara D'Oeste,2024,Res SS 140/2024,2024-06-20,2,variavel,210900.24,E_R-SS-140_200624.pdf
354580,Santa Bárbara D'Oeste,2024,Res SS 140/2024,2024-06-20,3,fixo,585834.0,E_R-SS-140_200624.pdf
354580,Santa Bárbara D'Oeste,2024,Res SS 140/2024,2024-06-20,3,variavel,210900.24,E_R-SS-140_200624.pdf
354580,Santa Bárbara D'Oeste,2025,Res SS 13/2025,2025-01-24,1,fixo,488195.0,E_R-SS-13_240125.pdf
354580,Santa Bárbara D'Oeste,2025,Res SS 97/2025,2025-05-30,2,fixo,488195.0,E_R-SS-97_300525.pdf
354580,Santa Bárbara D'Oeste,2025,Res SS 180/2025,2025-10-08,1+2,variavel,400319.9,E_RS-SS-180_081025.pdf
354580,Santa Bárbara D'Oeste,2025,Res SS 230/2025,2025-12-09,2,ajuste,0.0,E_RS-SS-230_091225.pdf
354580,Santa Bárbara D'Oeste,2025,Res SS 230/2025,2025-12-09,2025,bonus,0.0,E_RS-SS-230_091225.pdf
354580,Santa Bárbara D'Oeste,2025,Res SS 230/2025,2025-12-09,3,fixo,488195.0,E_RS-SS-230_091225.pdf
354580,Santa Bárbara D'Oeste,2025,Res SS 230/2025,2025-12-09,3,variavel,239215.55,E_RS-SS-230_091225.pdf
354580,Santa Bárbara D'Oeste,2026,Res SS 111/2026,2026-06-09,1,fixo,488195.0,E_RS-SS-111_090626.pdf
354580,Santa Bárbara D'Oeste,2026,Res SS 111/2026,2026-06-09,1,variavel,324649.68,E_RS-SS-111_090626.pdf
354580,Santa Bárbara D'Oeste,2026,Res SS 185/2026,2026-09-08,2,fixo,488195.0,E_RS-SS-185_080926.pdf
354580,Santa Bárbara D'Oeste,2026,Res SS 185/2026,2026-09-08,2,variavel,197718.98,E_RS-SS-185_080926.pdf
354600,Santa Branca,2024,Res SS 18/2024,2024-02-08,1,fixo,104475.0,E_R-SS-18_080224.pdf
354600,Santa Branca,2024,Res SS 140/2024,2024-06-20,2,fixo,104475.0,E_R-SS-140_200624.pdf
354600,Santa Branca,2024,Res SS 140/2024,2024-06-20,2,variavel,44436.7,E_R-SS-140_200624.pdf
354600,Santa Branca,2024,Res SS 140/2024,2024-06-20,3,fixo,104475.0,E_R-SS-140_200624.pdf
354600,Santa Branca,2024,Res SS 140/2024,2024-06-20,3,variavel,44436.7,E_R-SS-140_200624.pdf
354600,Santa Branca,2025,Res SS 13/2025,2025-01-24,1,fixo,87062.5,E_R-SS-13_240125.pdf
354600,Santa Branca,2025,Res SS 97/2025,2025-05-30,2,fixo,87062.5,E_R-SS-97_300525.pdf
354600,Santa Branca,2025,Res SS 180/2025,2025-10-08,1+2,variavel,121887.5,E_RS-SS-180_081025.pdf
354600,Santa Branca,2025,Res SS 230/2025,2025-12-09,2,ajuste,26118.75,E_RS-SS-230_091225.pdf
354600,Santa Branca,2025,Res SS 230/2025,2025-12-09,2025,bonus,0.0,E_RS-SS-230_091225.pdf
354600,Santa Branca,2025,Res SS 230/2025,2025-12-09,3,fixo,87062.5,E_RS-SS-230_091225.pdf
354600,Santa Branca,2025,Res SS 230/2025,2025-12-09,3,variavel,56590.63,E_RS-SS-230_091225.pdf
354600,Santa Branca,2026,Res SS 111/2026,2026-06-09,1,fixo,87062.5,E_RS-SS-111_090626.pdf
354600,Santa Branca,2026,Res SS 111/2026,2026-06-09,1,variavel,66602.81,E_RS-SS-111_090626.pdf
354600,Santa Branca,2026,Res SS 185/2026,2026-09-08,2,fixo,87062.5,E_RS-SS-185_080926.pdf
354600,Santa Branca,2026,Res SS 185/2026,2026-09-08,2,variavel,38307.5,E_RS-SS-185_080926.pdf
354610,Santa Clara D'Oeste,2024,Res SS 18/2024,2024-02-08,1,fixo,12666.0,E_R-SS-18_080224.pdf
354610,Santa Clara D'Oeste,2024,Res SS 140/2024,2024-06-20,2,fixo,12666.0,E_R-SS-140_200624.pdf
354610,Santa Clara D'Oeste,2024,Res SS 140/2024,2024-06-20,2,variavel,8444.0,E_R-SS-140_200624.pdf
354610,Santa Clara D'Oeste,2024,Res SS 140/2024,2024-06-20,3,fixo,12666.0,E_R-SS-140_200624.pdf
354610,Santa Clara D'Oeste,2024,Res SS 140/2024,2024-06-20,3,variavel,8444.0,E_R-SS-140_200624.pdf
354610,Santa Clara D'Oeste,2025,Res SS 13/2025,2025-01-24,1,fixo,10555.0,E_R-SS-13_240125.pdf
354610,Santa Clara D'Oeste,2025,Res SS 97/2025,2025-05-30,2,fixo,10555.0,E_R-SS-97_300525.pdf
354610,Santa Clara D'Oeste,2025,Res SS 180/2025,2025-10-08,1+2,variavel,11399.4,E_RS-SS-180_081025.pdf
354610,Santa Clara D'Oeste,2025,Res SS 230/2025,2025-12-09,2,ajuste,1150.5,E_RS-SS-230_091225.pdf
354610,Santa Clara D'Oeste,2025,Res SS 230/2025,2025-12-09,2025,bonus,0.0,E_RS-SS-230_091225.pdf
354610,Santa Clara D'Oeste,2025,Res SS 230/2025,2025-12-09,3,fixo,10555.0,E_RS-SS-230_091225.pdf
354610,Santa Clara D'Oeste,2025,Res SS 230/2025,2025-12-09,3,variavel,7757.93,E_RS-SS-230_091225.pdf
354610,Santa Clara D'Oeste,2026,Res SS 111/2026,2026-06-09,1,fixo,10555.0,E_RS-SS-111_090626.pdf
354610,Santa Clara D'Oeste,2026,Res SS 111/2026,2026-06-09,1,variavel,10555.0,E_RS-SS-111_090626.pdf
354610,Santa Clara D'Oeste,2026,Res SS 185/2026,2026-09-08,2,fixo,10555.0,E_RS-SS-185_080926.pdf
354610,Santa Clara D'Oeste,2026,Res SS 185/2026,2026-09-08,2,variavel,10555.0,E_RS-SS-185_080926.pdf
354620,Santa Cruz Da Conceição,2024,Res SS 18/2024,2024-02-08,1,fixo,22920.0,E_R-SS-18_080224.pdf
354620,Santa Cruz Da Conceição,2024,Res SS 140/2024,2024-06-20,2,fixo,22920.0,E_R-SS-140_200624.pdf
354620,Santa Cruz Da Conceição,2024,Res SS 140/2024,2024-06-20,2,variavel,14118.72,E_R-SS-140_200624.pdf
354620,Santa Cruz Da Conceição,2024,Res SS 140/2024,2024-06-20,3,fixo,22920.0,E_R-SS-140_200624.pdf
354620,Santa Cruz Da Conceição,2024,Res SS 140/2024,2024-06-20,3,variavel,14118.72,E_R-SS-140_200624.pdf
354620,Santa Cruz Da Conceição,2025,Res SS 13/2025,2025-01-24,1,fixo,19100.0,E_R-SS-13_240125.pdf
354620,Santa Cruz Da Conceição,2025,Res SS 97/2025,2025-05-30,2,fixo,19100.0,E_R-SS-97_300525.pdf
354620,Santa Cruz Da Conceição,2025,Res SS 180/2025,2025-10-08,1+2,variavel,21774.0,E_RS-SS-180_081025.pdf
354620,Santa Cruz Da Conceição,2025,Res SS 230/2025,2025-12-09,2,ajuste,248.3,E_RS-SS-230_091225.pdf
354620,Santa Cruz Da Conceição,2025,Res SS 230/2025,2025-12-09,2025,bonus,0.0,E_RS-SS-230_091225.pdf
354620,Santa Cruz Da Conceição,2025,Res SS 230/2025,2025-12-09,3,fixo,19100.0,E_RS-SS-230_091225.pdf
354620,Santa Cruz Da Conceição,2025,Res SS 230/2025,2025-12-09,3,variavel,9550.0,E_RS-SS-230_091225.pdf
354620,Santa Cruz Da Conceição,2026,Res SS 111/2026,2026-06-09,1,fixo,19100.0,E_RS-SS-111_090626.pdf
354620,Santa Cruz Da Conceição,2026,Res SS 111/2026,2026-06-09,1,variavel,15280.0,E_RS-SS-111_090626.pdf
354620,Santa Cruz Da Conceição,2026,Res SS 185/2026,2026-09-08,2,fixo,19100.0,E_RS-SS-185_080926.pdf
354620,Santa Cruz Da Conceição,2026,Res SS 185/2026,2026-09-08,2,variavel,15757.5,E_RS-SS-185_080926.pdf
354625,Santa Cruz Da Esperança,2024,Res SS 18/2024,2024-02-08,1,fixo,12996.0,E_R-SS-18_080224.pdf
354625,Santa Cruz Da Esperança,2024,Res SS 140/2024,2024-06-20,2,fixo,12996.0,E_R-SS-140_200624.pdf
354625,Santa Cruz Da Esperança,2024,Res SS 140/2024,2024-06-20,2,variavel,6957.19,E_R-SS-140_200624.pdf
354625,Santa Cruz Da Esperança,2024,Res SS 140/2024,2024-06-20,3,fixo,12996.0,E_R-SS-140_200624.pdf
354625,Santa Cruz Da Esperança,2024,Res SS 140/2024,2024-06-20,3,variavel,6957.19,E_R-SS-140_200624.pdf
354625,Santa Cruz Da Esperança,2025,Res SS 13/2025,2025-01-24,1,fixo,10830.0,E_R-SS-13_240125.pdf
354625,Santa Cruz Da Esperança,2025,Res SS 97/2025,2025-05-30,2,fixo,10830.0,E_R-SS-97_300525.pdf
354625,Santa Cruz Da Esperança,2025,Res SS 180/2025,2025-10-08,1+2,variavel,17328.0,E_RS-SS-180_081025.pdf
354625,Santa Cruz Da Esperança,2025,Res SS 230/2025,2025-12-09,2,ajuste,0.0,E_RS-SS-230_091225.pdf
354625,Santa Cruz Da Esperança,2025,Res SS 230/2025,2025-12-09,2025,bonus,0.0,E_RS-SS-230_091225.pdf
354625,Santa Cruz Da Esperança,2025,Res SS 230/2025,2025-12-09,3,fixo,10830.0,E_RS-SS-230_091225.pdf
354625,Santa Cruz Da Esperança,2025,Res SS 230/2025,2025-12-09,3,variavel,9909.45,E_RS-SS-230_091225.pdf
354625,Santa Cruz Da Esperança,2026,Res SS 111/2026,2026-06-09,1,fixo,10830.0,E_RS-SS-111_090626.pdf
354625,Santa Cruz Da Esperança,2026,Res SS 111/2026,2026-06-09,1,variavel,10071.9,E_RS-SS-111_090626.pdf
354625,Santa Cruz Da Esperança,2026,Res SS 185/2026,2026-09-08,2,fixo,10830.0,E_RS-SS-185_080926.pdf
354625,Santa Cruz Da Esperança,2026,Res SS 185/2026,2026-09-08,2,variavel,10830.0,E_RS-SS-185_080926.pdf
354630,Santa Cruz Das Palmeiras,2024,Res SS 18/2024,2024-02-08,1,fixo,105306.0,E_R-SS-18_080224.pdf
354630,Santa Cruz Das Palmeiras,2024,Res SS 140/2024,2024-06-20,2,fixo,105306.0,E_R-SS-140_200624.pdf
354630,Santa Cruz Das Palmeiras,2024,Res SS 140/2024,2024-06-20,2,variavel,69501.96,E_R-SS-140_200624.pdf
354630,Santa Cruz Das Palmeiras,2024,Res SS 140/2024,2024-06-20,3,fixo,105306.0,E_R-SS-140_200624.pdf
354630,Santa Cruz Das Palmeiras,2024,Res SS 140/2024,2024-06-20,3,variavel,69501.96,E_R-SS-140_200624.pdf
354630,Santa Cruz Das Palmeiras,2025,Res SS 13/2025,2025-01-24,1,fixo,87755.0,E_R-SS-13_240125.pdf
354630,Santa Cruz Das Palmeiras,2025,Res SS 97/2025,2025-05-30,2,fixo,87755.0,E_R-SS-97_300525.pdf
354630,Santa Cruz Das Palmeiras,2025,Res SS 180/2025,2025-10-08,1+2,variavel,145673.3,E_RS-SS-180_081025.pdf
354630,Santa Cruz Das Palmeiras,2025,Res SS 230/2025,2025-12-09,2,ajuste,10179.58,E_RS-SS-230_091225.pdf
354630,Santa Cruz Das Palmeiras,2025,Res SS 230/2025,2025-12-09,2025,bonus,0.0,E_RS-SS-230_091225.pdf
354630,Santa Cruz Das Palmeiras,2025,Res SS 230/2025,2025-12-09,3,fixo,87755.0,E_RS-SS-230_091225.pdf
354630,Santa Cruz Das Palmeiras,2025,Res SS 230/2025,2025-12-09,3,variavel,87316.23,E_RS-SS-230_091225.pdf
354630,Santa Cruz Das Palmeiras,2026,Res SS 111/2026,2026-06-09,1,fixo,87755.0,E_RS-SS-111_090626.pdf
354630,Santa Cruz Das Palmeiras,2026,Res SS 111/2026,2026-06-09,1,variavel,85999.9,E_RS-SS-111_090626.pdf
354630,Santa Cruz Das Palmeiras,2026,Res SS 185/2026,2026-09-08,2,fixo,87755.0,E_RS-SS-185_080926.pdf
354630,Santa Cruz Das Palmeiras,2026,Res SS 185/2026,2026-09-08,2,variavel,71739.71,E_RS-SS-185_080926.pdf
354640,Santa Cruz Do Rio Pardo,2024,Res SS 18/2024,2024-02-08,1,fixo,144621.0,E_R-SS-18_080224.pdf
354640,Santa Cruz Do Rio Pardo,2024,Res SS 140/2024,2024-06-20,2,fixo,144621.0,E_R-SS-140_200624.pdf
354640,Santa Cruz Do Rio Pardo,2024,Res SS 140/2024,2024-06-20,2,variavel,89086.54,E_R-SS-140_200624.pdf
354640,Santa Cruz Do Rio Pardo,2024,Res SS 140/2024,2024-06-20,3,fixo,144621.0,E_R-SS-140_200624.pdf
354640,Santa Cruz Do Rio Pardo,2024,Res SS 140/2024,2024-06-20,3,variavel,89086.54,E_R-SS-140_200624.pdf
354640,Santa Cruz Do Rio Pardo,2025,Res SS 13/2025,2025-01-24,1,fixo,120517.5,E_R-SS-13_240125.pdf
354640,Santa Cruz Do Rio Pardo,2025,Res SS 97/2025,2025-05-30,2,fixo,120517.5,E_R-SS-97_300525.pdf
354640,Santa Cruz Do Rio Pardo,2025,Res SS 180/2025,2025-10-08,1+2,variavel,115696.8,E_RS-SS-180_081025.pdf
354640,Santa Cruz Do Rio Pardo,2025,Res SS 230/2025,2025-12-09,2,ajuste,52846.92,E_RS-SS-230_091225.pdf
354640,Santa Cruz Do Rio Pardo,2025,Res SS 230/2025,2025-12-09,2025,bonus,0.0,E_RS-SS-230_091225.pdf
354640,Santa Cruz Do Rio Pardo,2025,Res SS 230/2025,2025-12-09,3,fixo,120517.5,E_RS-SS-230_091225.pdf
354640,Santa Cruz Do Rio Pardo,2025,Res SS 230/2025,2025-12-09,3,variavel,120517.5,E_RS-SS-230_091225.pdf
354640,Santa Cruz Do Rio Pardo,2026,Res SS 111/2026,2026-06-09,1,fixo,120517.5,E_RS-SS-111_090626.pdf
354640,Santa Cruz Do Rio Pardo,2026,Res SS 111/2026,2026-06-09,1,variavel,96414.0,E_RS-SS-111_090626.pdf
354640,Santa Cruz Do Rio Pardo,2026,Res SS 185/2026,2026-09-08,2,fixo,120517.5,E_RS-SS-185_080926.pdf
354640,Santa Cruz Do Rio Pardo,2026,Res SS 185/2026,2026-09-08,2,variavel,80746.73,E_RS-SS-185_080926.pdf
354650,Santa Ernestina,2024,Res SS 18/2024,2024-02-08,1,fixo,39039.0,E_R-SS-18_080224.pdf
354650,Santa Ernestina,2024,Res SS 140/2024,2024-06-20,2,fixo,39039.0,E_R-SS-140_200624.pdf
354650,Santa Ernestina,2024,Res SS 140/2024,2024-06-20,2,variavel,21185.16,E_R-SS-140_200624.pdf
354650,Santa Ernestina,2024,Res SS 140/2024,2024-06-20,3,fixo,39039.0,E_R-SS-140_200624.pdf
354650,Santa Ernestina,2024,Res SS 140/2024,2024-06-20,3,variavel,21185.16,E_R-SS-140_200624.pdf
354650,Santa Ernestina,2025,Res SS 13/2025,2025-01-24,1,fixo,32532.5,E_R-SS-13_240125.pdf
354650,Santa Ernestina,2025,Res SS 97/2025,2025-05-30,2,fixo,32532.5,E_R-SS-97_300525.pdf
354650,Santa Ernestina,2025,Res SS 180/2025,2025-10-08,1+2,variavel,27327.3,E_RS-SS-180_081025.pdf
354650,Santa Ernestina,2025,Res SS 230/2025,2025-12-09,2,ajuste,4408.15,E_RS-SS-230_091225.pdf
354650,Santa Ernestina,2025,Res SS 230/2025,2025-12-09,2025,bonus,0.0,E_RS-SS-230_091225.pdf
354650,Santa Ernestina,2025,Res SS 230/2025,2025-12-09,3,fixo,32532.5,E_RS-SS-230_091225.pdf
354650,Santa Ernestina,2025,Res SS 230/2025,2025-12-09,3,variavel,32532.5,E_RS-SS-230_091225.pdf
354650,Santa Ernestina,2026,Res SS 111/2026,2026-06-09,1,fixo,32532.5,E_RS-SS-111_090626.pdf
354650,Santa Ernestina,2026,Res SS 111/2026,2026-06-09,1,variavel,29604.58,E_RS-SS-111_090626.pdf
354650,Santa Ernestina,2026,Res SS 185/2026,2026-09-08,2,fixo,32532.5,E_RS-SS-185_080926.pdf
354650,Santa Ernestina,2026,Res SS 185/2026,2026-09-08,2,variavel,15615.6,E_RS-SS-185_080926.pdf
354660,Santa Fé Do Sul,2024,Res SS 18/2024,2024-02-08,1,fixo,98388.0,E_R-SS-18_080224.pdf
354660,Santa Fé Do Sul,2024,Res SS 140/2024,2024-06-20,2,fixo,98388.0,E_R-SS-140_200624.pdf
354660,Santa Fé Do Sul,2024,Res SS 140/2024,2024-06-20,2,variavel,49849.92,E_R-SS-140_200624.pdf
354660,Santa Fé Do Sul,2024,Res SS 140/2024,2024-06-20,3,fixo,98388.0,E_R-SS-140_200624.pdf
354660,Santa Fé Do Sul,2024,Res SS 140/2024,2024-06-20,3,variavel,49849.92,E_R-SS-140_200624.pdf
354660,Santa Fé Do Sul,2025,Res SS 13/2025,2025-01-24,1,fixo,81990.0,E_R-SS-13_240125.pdf
354660,Santa Fé Do Sul,2025,Res SS 97/2025,2025-05-30,2,fixo,81990.0,E_R-SS-97_300525.pdf
354660,Santa Fé Do Sul,2025,Res SS 180/2025,2025-10-08,1+2,variavel,49194.0,E_RS-SS-180_081025.pdf
354660,Santa Fé Do Sul,2025,Res SS 230/2025,2025-12-09,2,ajuste,36731.52,E_RS-SS-230_091225.pdf
354660,Santa Fé Do Sul,2025,Res SS 230/2025,2025-12-09,2025,bonus,0.0,E_RS-SS-230_091225.pdf
354660,Santa Fé Do Sul,2025,Res SS 230/2025,2025-12-09,3,fixo,81990.0,E_RS-SS-230_091225.pdf
354660,Santa Fé Do Sul,2025,Res SS 230/2025,2025-12-09,3,variavel,68051.7,E_RS-SS-230_091225.pdf
354660,Santa Fé Do Sul,2026,Res SS 111/2026,2026-06-09,1,fixo,81990.0,E_RS-SS-111_090626.pdf
354660,Santa Fé Do Sul,2026,Res SS 111/2026,2026-06-09,1,variavel,81990.0,E_RS-SS-111_090626.pdf
354660,Santa Fé Do Sul,2026,Res SS 185/2026,2026-09-08,2,fixo,81990.0,E_RS-SS-185_080926.pdf
354660,Santa Fé Do Sul,2026,Res SS 185/2026,2026-09-08,2,variavel,77275.58,E_RS-SS-185_080926.pdf
354670,Santa Gertrudes,2024,Res SS 18/2024,2024-02-08,1,fixo,83550.0,E_R-SS-18_080224.pdf
354670,Santa Gertrudes,2024,Res SS 140/2024,2024-06-20,2,fixo,83550.0,E_R-SS-140_200624.pdf
354670,Santa Gertrudes,2024,Res SS 140/2024,2024-06-20,2,variavel,44420.75,E_R-SS-140_200624.pdf
354670,Santa Gertrudes,2024,Res SS 140/2024,2024-06-20,3,fixo,83550.0,E_R-SS-140_200624.pdf
354670,Santa Gertrudes,2024,Res SS 140/2024,2024-06-20,3,variavel,44420.75,E_R-SS-140_200624.pdf
354670,Santa Gertrudes,2025,Res SS 13/2025,2025-01-24,1,fixo,69625.0,E_R-SS-13_240125.pdf
354670,Santa Gertrudes,2025,Res SS 97/2025,2025-05-30,2,fixo,69625.0,E_R-SS-97_300525.pdf
354670,Santa Gertrudes,2025,Res SS 180/2025,2025-10-08,1+2,variavel,68232.5,E_RS-SS-180_081025.pdf
354670,Santa Gertrudes,2025,Res SS 230/2025,2025-12-09,2,ajuste,30217.25,E_RS-SS-230_091225.pdf
354670,Santa Gertrudes,2025,Res SS 230/2025,2025-12-09,2025,bonus,0.0,E_RS-SS-230_091225.pdf
354670,Santa Gertrudes,2025,Res SS 230/2025,2025-12-09,3,fixo,69625.0,E_RS-SS-230_091225.pdf
354670,Santa Gertrudes,2025,Res SS 230/2025,2025-12-09,3,variavel,56048.13,E_RS-SS-230_091225.pdf
354670,Santa Gertrudes,2026,Res SS 111/2026,2026-06-09,1,fixo,69625.0,E_RS-SS-111_090626.pdf
354670,Santa Gertrudes,2026,Res SS 111/2026,2026-06-09,1,variavel,69625.0,E_RS-SS-111_090626.pdf
354670,Santa Gertrudes,2026,Res SS 185/2026,2026-09-08,2,fixo,69625.0,E_RS-SS-185_080926.pdf
354670,Santa Gertrudes,2026,Res SS 185/2026,2026-09-08,2,variavel,65273.44,E_RS-SS-185_080926.pdf
354680,Santa Isabel,2024,Res SS 18/2024,2024-02-08,1,fixo,351174.0,E_R-SS-18_080224.pdf
354680,Santa Isabel,2024,Res SS 140/2024,2024-06-20,2,fixo,351174.0,E_R-SS-140_200624.pdf
354680,Santa Isabel,2024,Res SS 140/2024,2024-06-20,2,variavel,211172.63,E_R-SS-140_200624.pdf
354680,Santa Isabel,2024,Res SS 140/2024,2024-06-20,3,fixo,351174.0,E_R-SS-140_200624.pdf
354680,Santa Isabel,2024,Res SS 140/2024,2024-06-20,3,variavel,211172.63,E_R-SS-140_200624.pdf
354680,Santa Isabel,2025,Res SS 13/2025,2025-01-24,1,fixo,292645.0,E_R-SS-13_240125.pdf
354680,Santa Isabel,2025,Res SS 97/2025,2025-05-30,2,fixo,292645.0,E_R-SS-97_300525.pdf
354680,Santa Isabel,2025,Res SS 180/2025,2025-10-08,1+2,variavel,485790.7,E_RS-SS-180_081025.pdf
354680,Santa Isabel,2025,Res SS 230/2025,2025-12-09,2,ajuste,32190.95,E_RS-SS-230_091225.pdf
354680,Santa Isabel,2025,Res SS 230/2025,2025-12-09,2025,bonus,0.0,E_RS-SS-230_091225.pdf
354680,Santa Isabel,2025,Res SS 230/2025,2025-12-09,3,fixo,292645.0,E_RS-SS-230_091225.pdf
354680,Santa Isabel,2025,Res SS 230/2025,2025-12-09,3,variavel,224605.04,E_RS-SS-230_091225.pdf
354680,Santa Isabel,2026,Res SS 111/2026,2026-06-09,1,fixo,292645.0,E_RS-SS-111_090626.pdf
354680,Santa Isabel,2026,Res SS 111/2026,2026-06-09,1,variavel,292645.0,E_RS-SS-111_090626.pdf
354680,Santa Isabel,2026,Res SS 185/2026,2026-09-08,2,fixo,292645.0,E_RS-SS-185_080926.pdf
354680,Santa Isabel,2026,Res SS 185/2026,2026-09-08,2,variavel,288986.94,E_RS-SS-185_080926.pdf
354690,Santa Lúcia,2024,Res SS 18/2024,2024-02-08,1,fixo,53334.0,E_R-SS-18_080224.pdf
354690,Santa Lúcia,2024,Res SS 140/2024,2024-06-20,2,fixo,53334.0,E_R-SS-140_200624.pdf
354690,Santa Lúcia,2024,Res SS 140/2024,2024-06-20,2,variavel,31875.95,E_R-SS-140_200624.pdf
354690,Santa Lúcia,2024,Res SS 140/2024,2024-06-20,3,fixo,53334.0,E_R-SS-140_200624.pdf
354690,Santa Lúcia,2024,Res SS 140/2024,2024-06-20,3,variavel,31875.95,E_R-SS-140_200624.pdf
354690,Santa Lúcia,2025,Res SS 13/2025,2025-01-24,1,fixo,44445.0,E_R-SS-13_240125.pdf
354690,Santa Lúcia,2025,Res SS 97/2025,2025-05-30,2,fixo,44445.0,E_R-SS-97_300525.pdf
354690,Santa Lúcia,2025,Res SS 180/2025,2025-10-08,1+2,variavel,39111.6,E_RS-SS-180_081025.pdf
354690,Santa Lúcia,2025,Res SS 230/2025,2025-12-09,2,ajuste,24889.2,E_RS-SS-230_091225.pdf
354690,Santa Lúcia,2025,Res SS 230/2025,2025-12-09,2025,bonus,0.0,E_RS-SS-230_091225.pdf
354690,Santa Lúcia,2025,Res SS 230/2025,2025-12-09,3,fixo,44445.0,E_RS-SS-230_091225.pdf
354690,Santa Lúcia,2025,Res SS 230/2025,2025-12-09,3,variavel,44445.0,E_RS-SS-230_091225.pdf
354690,Santa Lúcia,2026,Res SS 111/2026,2026-06-09,1,fixo,44445.0,E_RS-SS-111_090626.pdf
354690,Santa Lúcia,2026,Res SS 111/2026,2026-06-09,1,variavel,44445.0,E_RS-SS-111_090626.pdf
354690,Santa Lúcia,2026,Res SS 185/2026,2026-09-08,2,fixo,44445.0,E_RS-SS-185_080926.pdf
354690,Santa Lúcia,2026,Res SS 185/2026,2026-09-08,2,variavel,39000.49,E_RS-SS-185_080926.pdf
354700,Santa Maria Da Serra,2024,Res SS 18/2024,2024-02-08,1,fixo,37788.0,E_R-SS-18_080224.pdf
354700,Santa Maria Da Serra,2024,Res SS 140/2024,2024-06-20,2,fixo,37788.0,E_R-SS-140_200624.pdf
354700,Santa Maria Da Serra,2024,Res SS 140/2024,2024-06-20,2,variavel,22931.02,E_R-SS-140_200624.pdf
354700,Santa Maria Da Serra,2024,Res SS 140/2024,2024-06-20,3,fixo,37788.0,E_R-SS-140_200624.pdf
354700,Santa Maria Da Serra,2024,Res SS 140/2024,2024-06-20,3,variavel,22931.02,E_R-SS-140_200624.pdf
354700,Santa Maria Da Serra,2025,Res SS 13/2025,2025-01-24,1,fixo,31490.0,E_R-SS-13_240125.pdf
354700,Santa Maria Da Serra,2025,Res SS 97/2025,2025-05-30,2,fixo,31490.0,E_R-SS-97_300525.pdf
354700,Santa Maria Da Serra,2025,Res SS 180/2025,2025-10-08,1+2,variavel,48494.6,E_RS-SS-180_081025.pdf
354700,Santa Maria Da Serra,2025,Res SS 230/2025,2025-12-09,2,ajuste,7242.7,E_RS-SS-230_091225.pdf
354700,Santa Maria Da Serra,2025,Res SS 230/2025,2025-12-09,2025,bonus,0.0,E_RS-SS-230_091225.pdf
354700,Santa Maria Da Serra,2025,Res SS 230/2025,2025-12-09,3,fixo,31490.0,E_RS-SS-230_091225.pdf
354700,Santa Maria Da Serra,2025,Res SS 230/2025,2025-12-09,3,variavel,31490.0,E_RS-SS-230_091225.pdf
354700,Santa Maria Da Serra,2026,Res SS 111/2026,2026-06-09,1,fixo,31490.0,E_RS-SS-111_090626.pdf
354700,Santa Maria Da Serra,2026,Res SS 111/2026,2026-06-09,1,variavel,29600.6,E_RS-SS-111_090626.pdf
354700,Santa Maria Da Serra,2026,Res SS 185/2026,2026-09-08,2,fixo,31490.0,E_RS-SS-185_080926.pdf
354700,Santa Maria Da Serra,2026,Res SS 185/2026,2026-09-08,2,variavel,27081.4,E_RS-SS-185_080926.pdf
354710,Santa Mercedes,2024,Res SS 18/2024,2024-02-08,1,fixo,20629.0,E_R-SS-18_080224.pdf
354710,Santa Mercedes,2024,Res SS 140/2024,2024-06-20,2,fixo,20629.0,E_R-SS-140_200624.pdf
354710,Santa Mercedes,2024,Res SS 140/2024,2024-06-20,2,variavel,7790.89,E_R-SS-140_200624.pdf
354710,Santa Mercedes,2024,Res SS 140/2024,2024-06-20,3,fixo,20629.0,E_R-SS-140_200624.pdf
354710,Santa Mercedes,2024,Res SS 140/2024,2024-06-20,3,variavel,7790.89,E_R-SS-140_200624.pdf
354710,Santa Mercedes,2025,Res SS 13/2025,2025-01-24,1,fixo,17190.83,E_R-SS-13_240125.pdf
354710,Santa Mercedes,2025,Res SS 97/2025,2025-05-30,2,fixo,17190.83,E_R-SS-97_300525.pdf
354710,Santa Mercedes,2025,Res SS 180/2025,2025-10-08,1+2,variavel,30255.87,E_RS-SS-180_081025.pdf
354710,Santa Mercedes,2025,Res SS 230/2025,2025-12-09,2,ajuste,1512.79,E_RS-SS-230_091225.pdf
354710,Santa Mercedes,2025,Res SS 230/2025,2025-12-09,2025,bonus,0.0,E_RS-SS-230_091225.pdf
354710,Santa Mercedes,2025,Res SS 230/2025,2025-12-09,3,fixo,17190.83,E_RS-SS-230_091225.pdf
354710,Santa Mercedes,2025,Res SS 230/2025,2025-12-09,3,variavel,16159.38,E_RS-SS-230_091225.pdf
354710,Santa Mercedes,2026,Res SS 111/2026,2026-06-09,1,fixo,17190.83,E_RS-SS-111_090626.pdf
354710,Santa Mercedes,2026,Res SS 111/2026,2026-06-09,1,variavel,17190.83,E_RS-SS-111_090626.pdf
354710,Santa Mercedes,2026,Res SS 185/2026,2026-09-08,2,fixo,17190.83,E_RS-SS-185_080926.pdf
354710,Santa Mercedes,2026,Res SS 185/2026,2026-09-08,2,variavel,16847.02,E_RS-SS-185_080926.pdf
354720,Santana Da Ponte Pensa,2024,Res SS 18/2024,2024-02-08,1,fixo,8688.0,E_R-SS-18_080224.pdf
354720,Santana Da Ponte Pensa,2024,Res SS 140/2024,2024-06-20,2,fixo,8688.0,E_R-SS-140_200624.pdf
354720,Santana Da Ponte Pensa,2024,Res SS 140/2024,2024-06-20,2,variavel,5192.53,E_R-SS-140_200624.pdf
354720,Santana Da Ponte Pensa,2024,Res SS 140/2024,2024-06-20,3,fixo,8688.0,E_R-SS-140_200624.pdf
354720,Santana Da Ponte Pensa,2024,Res SS 140/2024,2024-06-20,3,variavel,5192.53,E_R-SS-140_200624.pdf
354720,Santana Da Ponte Pensa,2025,Res SS 13/2025,2025-01-24,1,fixo,7240.0,E_R-SS-13_240125.pdf
354720,Santana Da Ponte Pensa,2025,Res SS 97/2025,2025-05-30,2,fixo,7240.0,E_R-SS-97_300525.pdf
354720,Santana Da Ponte Pensa,2025,Res SS 180/2025,2025-10-08,1+2,variavel,12597.6,E_RS-SS-180_081025.pdf
354720,Santana Da Ponte Pensa,2025,Res SS 230/2025,2025-12-09,2,ajuste,390.96,E_RS-SS-230_091225.pdf
354720,Santana Da Ponte Pensa,2025,Res SS 230/2025,2025-12-09,2025,bonus,0.0,E_RS-SS-230_091225.pdf
354720,Santana Da Ponte Pensa,2025,Res SS 230/2025,2025-12-09,3,fixo,7240.0,E_RS-SS-230_091225.pdf
354720,Santana Da Ponte Pensa,2025,Res SS 230/2025,2025-12-09,3,variavel,3620.0,E_RS-SS-230_091225.pdf
354720,Santana Da Ponte Pensa,2026,Res SS 111/2026,2026-06-09,1,fixo,7240.0,E_RS-SS-111_090626.pdf
354720,Santana Da Ponte Pensa,2026,Res SS 111/2026,2026-06-09,1,variavel,7240.0,E_RS-SS-111_090626.pdf
354720,Santana Da Ponte Pensa,2026,Res SS 185/2026,2026-09-08,2,fixo,7240.0,E_RS-SS-185_080926.pdf
354720,Santana Da Ponte Pensa,2026,Res SS 185/2026,2026-09-08,2,variavel,7240.0,E_RS-SS-185_080926.pdf
354730,Santana De Parnaíba,2024,Res SS 18/2024,2024-02-08,1,fixo,435219.0,E_R-SS-18_080224.pdf
354730,Santana De Parnaíba,2024,Res SS 140/2024,2024-06-20,2,fixo,435219.0,E_R-SS-140_200624.pdf
354730,Santana De Parnaíba,2024,Res SS 140/2024,2024-06-20,2,variavel,207454.39,E_R-SS-140_200624.pdf
354730,Santana De Parnaíba,2024,Res SS 140/2024,2024-06-20,3,fixo,435219.0,E_R-SS-140_200624.pdf
354730,Santana De Parnaíba,2024,Res SS 140/2024,2024-06-20,3,variavel,207454.39,E_R-SS-140_200624.pdf
354730,Santana De Parnaíba,2025,Res SS 13/2025,2025-01-24,1,fixo,362682.5,E_R-SS-13_240125.pdf
354730,Santana De Parnaíba,2025,Res SS 97/2025,2025-05-30,2,fixo,362682.5,E_R-SS-97_300525.pdf
354730,Santana De Parnaíba,2025,Res SS 180/2025,2025-10-08,1+2,variavel,362682.5,E_RS-SS-180_081025.pdf
354730,Santana De Parnaíba,2025,Res SS 230/2025,2025-12-09,2,ajuste,1813.41,E_RS-SS-230_091225.pdf
354730,Santana De Parnaíba,2025,Res SS 230/2025,2025-12-09,2025,bonus,0.0,E_RS-SS-230_091225.pdf
354730,Santana De Parnaíba,2025,Res SS 230/2025,2025-12-09,3,fixo,362682.5,E_RS-SS-230_091225.pdf
354730,Santana De Parnaíba,2025,Res SS 230/2025,2025-12-09,3,variavel,290146.0,E_RS-SS-230_091225.pdf
354730,Santana De Parnaíba,2026,Res SS 111/2026,2026-06-09,1,fixo,362682.5,E_RS-SS-111_090626.pdf
354730,Santana De Parnaíba,2026,Res SS 111/2026,2026-06-09,1,variavel,293772.83,E_RS-SS-111_090626.pdf
354730,Santana De Parnaíba,2026,Res SS 185/2026,2026-09-08,2,fixo,362682.5,E_RS-SS-185_080926.pdf
354730,Santana De Parnaíba,2026,Res SS 185/2026,2026-09-08,2,variavel,305560.01,E_RS-SS-185_080926.pdf
354740,Santa Rita D'Oeste,2024,Res SS 18/2024,2024-02-08,1,fixo,14856.0,E_R-SS-18_080224.pdf
354740,Santa Rita D'Oeste,2024,Res SS 140/2024,2024-06-20,2,fixo,14856.0,E_R-SS-140_200624.pdf
354740,Santa Rita D'Oeste,2024,Res SS 140/2024,2024-06-20,2,variavel,9804.96,E_R-SS-140_200624.pdf
354740,Santa Rita D'Oeste,2024,Res SS 140/2024,2024-06-20,3,fixo,14856.0,E_R-SS-140_200624.pdf
354740,Santa Rita D'Oeste,2024,Res SS 140/2024,2024-06-20,3,variavel,9804.96,E_R-SS-140_200624.pdf
354740,Santa Rita D'Oeste,2025,Res SS 13/2025,2025-01-24,1,fixo,12380.0,E_R-SS-13_240125.pdf
354740,Santa Rita D'Oeste,2025,Res SS 97/2025,2025-05-30,2,fixo,12380.0,E_R-SS-97_300525.pdf
354740,Santa Rita D'Oeste,2025,Res SS 180/2025,2025-10-08,1+2,variavel,11637.2,E_RS-SS-180_081025.pdf
354740,Santa Rita D'Oeste,2025,Res SS 230/2025,2025-12-09,2,ajuste,0.0,E_RS-SS-230_091225.pdf
354740,Santa Rita D'Oeste,2025,Res SS 230/2025,2025-12-09,2025,bonus,0.0,E_RS-SS-230_091225.pdf
354740,Santa Rita D'Oeste,2025,Res SS 230/2025,2025-12-09,3,fixo,12380.0,E_RS-SS-230_091225.pdf
354740,Santa Rita D'Oeste,2025,Res SS 230/2025,2025-12-09,3,variavel,8604.1,E_RS-SS-230_091225.pdf
354740,Santa Rita D'Oeste,2026,Res SS 111/2026,2026-06-09,1,fixo,12380.0,E_RS-SS-111_090626.pdf
354740,Santa Rita D'Oeste,2026,Res SS 111/2026,2026-06-09,1,variavel,8604.1,E_RS-SS-111_090626.pdf
354740,Santa Rita D'Oeste,2026,Res SS 185/2026,2026-09-08,2,fixo,12380.0,E_RS-SS-185_080926.pdf
354740,Santa Rita D'Oeste,2026,Res SS 185/2026,2026-09-08,2,variavel,7304.2,E_RS-SS-185_080926.pdf
354750,Santa Rita Do Passa Quatro,2024,Res SS 18/2024,2024-02-08,1,fixo,82923.0,E_R-SS-18_080224.pdf
354750,Santa Rita Do Passa Quatro,2024,Res SS 140/2024,2024-06-20,2,fixo,82923.0,E_R-SS-140_200624.pdf
354750,Santa Rita Do Passa Quatro,2024,Res SS 140/2024,2024-06-20,2,variavel,47431.96,E_R-SS-140_200624.pdf
354750,Santa Rita Do Passa Quatro,2024,Res SS 140/2024,2024-06-20,3,fixo,82923.0,E_R-SS-140_200624.pdf
354750,Santa Rita Do Passa Quatro,2024,Res SS 140/2024,2024-06-20,3,variavel,47431.96,E_R-SS-140_200624.pdf
354750,Santa Rita Do Passa Quatro,2025,Res SS 13/2025,2025-01-24,1,fixo,69102.5,E_R-SS-13_240125.pdf
354750,Santa Rita Do Passa Quatro,2025,Res SS 97/2025,2025-05-30,2,fixo,69102.5,E_R-SS-97_300525.pdf
354750,Santa Rita Do Passa Quatro,2025,Res SS 180/2025,2025-10-08,1+2,variavel,38697.4,E_RS-SS-180_081025.pdf
354750,Santa Rita Do Passa Quatro,2025,Res SS 230/2025,2025-12-09,2,ajuste,36900.74,E_RS-SS-230_091225.pdf
354750,Santa Rita Do Passa Quatro,2025,Res SS 230/2025,2025-12-09,2025,bonus,0.0,E_RS-SS-230_091225.pdf
354750,Santa Rita Do Passa Quatro,2025,Res SS 230/2025,2025-12-09,3,fixo,69102.5,E_RS-SS-230_091225.pdf
354750,Santa Rita Do Passa Quatro,2025,Res SS 230/2025,2025-12-09,3,variavel,69102.5,E_RS-SS-230_091225.pdf
354750,Santa Rita Do Passa Quatro,2026,Res SS 111/2026,2026-06-09,1,fixo,69102.5,E_RS-SS-111_090626.pdf
354750,Santa Rita Do Passa Quatro,2026,Res SS 111/2026,2026-06-09,1,variavel,69102.5,E_RS-SS-111_090626.pdf
354750,Santa Rita Do Passa Quatro,2026,Res SS 185/2026,2026-09-08,2,fixo,69102.5,E_RS-SS-185_080926.pdf
354750,Santa Rita Do Passa Quatro,2026,Res SS 185/2026,2026-09-08,2,variavel,65992.89,E_RS-SS-185_080926.pdf
354760,Santa Rosa De Viterbo,2024,Res SS 18/2024,2024-02-08,1,fixo,80880.0,E_R-SS-18_080224.pdf
354760,Santa Rosa De Viterbo,2024,Res SS 140/2024,2024-06-20,2,fixo,80880.0,E_R-SS-140_200624.pdf
354760,Santa Rosa De Viterbo,2024,Res SS 140/2024,2024-06-20,2,variavel,46263.36,E_R-SS-140_200624.pdf
354760,Santa Rosa De Viterbo,2024,Res SS 140/2024,2024-06-20,3,fixo,80880.0,E_R-SS-140_200624.pdf
354760,Santa Rosa De Viterbo,2024,Res SS 140/2024,2024-06-20,3,variavel,46263.36,E_R-SS-140_200624.pdf
354760,Santa Rosa De Viterbo,2025,Res SS 13/2025,2025-01-24,1,fixo,67400.0,E_R-SS-13_240125.pdf
354760,Santa Rosa De Viterbo,2025,Res SS 97/2025,2025-05-30,2,fixo,67400.0,E_R-SS-97_300525.pdf
354760,Santa Rosa De Viterbo,2025,Res SS 180/2025,2025-10-08,1+2,variavel,82228.0,E_RS-SS-180_081025.pdf
354760,Santa Rosa De Viterbo,2025,Res SS 230/2025,2025-12-09,2,ajuste,3370.0,E_RS-SS-230_091225.pdf
354760,Santa Rosa De Viterbo,2025,Res SS 230/2025,2025-12-09,2025,bonus,0.0,E_RS-SS-230_091225.pdf
354760,Santa Rosa De Viterbo,2025,Res SS 230/2025,2025-12-09,3,fixo,67400.0,E_RS-SS-230_091225.pdf
354760,Santa Rosa De Viterbo,2025,Res SS 230/2025,2025-12-09,3,variavel,55268.0,E_RS-SS-230_091225.pdf
354760,Santa Rosa De Viterbo,2026,Res SS 111/2026,2026-06-09,1,fixo,67400.0,E_RS-SS-111_090626.pdf
354760,Santa Rosa De Viterbo,2026,Res SS 111/2026,2026-06-09,1,variavel,44484.0,E_RS-SS-111_090626.pdf
354760,Santa Rosa De Viterbo,2026,Res SS 185/2026,2026-09-08,2,fixo,67400.0,E_RS-SS-185_080926.pdf
354760,Santa Rosa De Viterbo,2026,Res SS 185/2026,2026-09-08,2,variavel,31341.0,E_RS-SS-185_080926.pdf
354765,Santa Salete,2024,Res SS 18/2024,2024-02-08,1,fixo,9348.0,E_R-SS-18_080224.pdf
354765,Santa Salete,2024,Res SS 140/2024,2024-06-20,2,fixo,9348.0,E_R-SS-140_200624.pdf
354765,Santa Salete,2024,Res SS 140/2024,2024-06-20,2,variavel,5982.72,E_R-SS-140_200624.pdf
354765,Santa Salete,2024,Res SS 140/2024,2024-06-20,3,fixo,9348.0,E_R-SS-140_200624.pdf
354765,Santa Salete,2024,Res SS 140/2024,2024-06-20,3,variavel,5982.72,E_R-SS-140_200624.pdf
354765,Santa Salete,2025,Res SS 13/2025,2025-01-24,1,fixo,7790.0,E_R-SS-13_240125.pdf
354765,Santa Salete,2025,Res SS 97/2025,2025-05-30,2,fixo,7790.0,E_R-SS-97_300525.pdf
354765,Santa Salete,2025,Res SS 180/2025,2025-10-08,1+2,variavel,5920.4,E_RS-SS-180_081025.pdf
354765,Santa Salete,2025,Res SS 230/2025,2025-12-09,2,ajuste,4829.8,E_RS-SS-230_091225.pdf
354765,Santa Salete,2025,Res SS 230/2025,2025-12-09,2025,bonus,0.0,E_RS-SS-230_091225.pdf
354765,Santa Salete,2025,Res SS 230/2025,2025-12-09,3,fixo,7790.0,E_RS-SS-230_091225.pdf
354765,Santa Salete,2025,Res SS 230/2025,2025-12-09,3,variavel,5959.35,E_RS-SS-230_091225.pdf
354765,Santa Salete,2026,Res SS 111/2026,2026-06-09,1,fixo,7790.0,E_RS-SS-111_090626.pdf
354765,Santa Salete,2026,Res SS 111/2026,2026-06-09,1,variavel,7790.0,E_RS-SS-111_090626.pdf
354765,Santa Salete,2026,Res SS 185/2026,2026-09-08,2,fixo,7790.0,E_RS-SS-185_080926.pdf
354765,Santa Salete,2026,Res SS 185/2026,2026-09-08,2,variavel,5219.3,E_RS-SS-185_080926.pdf
354770,Santo Anastácio,2024,Res SS 18/2024,2024-02-08,1,fixo,125130.0,E_R-SS-18_080224.pdf
354770,Santo Anastácio,2024,Res SS 140/2024,2024-06-20,2,fixo,125130.0,E_R-SS-140_200624.pdf
354770,Santo Anastácio,2024,Res SS 140/2024,2024-06-20,2,variavel,50698.51,E_R-SS-140_200624.pdf
354770,Santo Anastácio,2024,Res SS 140/2024,2024-06-20,3,fixo,125130.0,E_R-SS-140_200624.pdf
354770,Santo Anastácio,2024,Res SS 140/2024,2024-06-20,3,variavel,50698.51,E_R-SS-140_200624.pdf
354770,Santo Anastácio,2025,Res SS 13/2025,2025-01-24,1,fixo,104275.0,E_R-SS-13_240125.pdf
354770,Santo Anastácio,2025,Res SS 97/2025,2025-05-30,2,fixo,104275.0,E_R-SS-97_300525.pdf
354770,Santo Anastácio,2025,Res SS 180/2025,2025-10-08,1+2,variavel,104275.0,E_RS-SS-180_081025.pdf
354770,Santo Anastácio,2025,Res SS 230/2025,2025-12-09,2,ajuste,41918.55,E_RS-SS-230_091225.pdf
354770,Santo Anastácio,2025,Res SS 230/2025,2025-12-09,2025,bonus,0.0,E_RS-SS-230_091225.pdf
354770,Santo Anastácio,2025,Res SS 230/2025,2025-12-09,3,fixo,104275.0,E_RS-SS-230_091225.pdf
354770,Santo Anastácio,2025,Res SS 230/2025,2025-12-09,3,variavel,104275.0,E_RS-SS-230_091225.pdf
354770,Santo Anastácio,2026,Res SS 111/2026,2026-06-09,1,fixo,104275.0,E_RS-SS-111_090626.pdf
354770,Santo Anastácio,2026,Res SS 111/2026,2026-06-09,1,variavel,104275.0,E_RS-SS-111_090626.pdf
354770,Santo Anastácio,2026,Res SS 185/2026,2026-09-08,2,fixo,104275.0,E_RS-SS-185_080926.pdf
354770,Santo Anastácio,2026,Res SS 185/2026,2026-09-08,2,variavel,65693.25,E_RS-SS-185_080926.pdf
354780,Santo André,2024,Res SS 18/2024,2024-02-08,1,fixo,2171667.0,E_R-SS-18_080224.pdf
354780,Santo André,2024,Res SS 140/2024,2024-06-20,2,fixo,2171667.0,E_R-SS-140_200624.pdf
354780,Santo André,2024,Res SS 140/2024,2024-06-20,2,variavel,1187177.96,E_R-SS-140_200624.pdf
354780,Santo André,2024,Res SS 140/2024,2024-06-20,3,fixo,2171667.0,E_R-SS-140_200624.pdf
354780,Santo André,2024,Res SS 140/2024,2024-06-20,3,variavel,1187177.96,E_R-SS-140_200624.pdf
354780,Santo André,2025,Res SS 13/2025,2025-01-24,1,fixo,1809722.5,E_R-SS-13_240125.pdf
354780,Santo André,2025,Res SS 97/2025,2025-05-30,2,fixo,1809722.5,E_R-SS-97_300525.pdf
354780,Santo André,2025,Res SS 180/2025,2025-10-08,1+2,variavel,1158222.4,E_RS-SS-180_081025.pdf
354780,Santo André,2025,Res SS 230/2025,2025-12-09,2,ajuste,434333.4,E_RS-SS-230_091225.pdf
354780,Santo André,2025,Res SS 230/2025,2025-12-09,2025,bonus,0.0,E_RS-SS-230_091225.pdf
354780,Santo André,2025,Res SS 230/2025,2025-12-09,3,fixo,1809722.5,E_RS-SS-230_091225.pdf
354780,Santo André,2025,Res SS 230/2025,2025-12-09,3,variavel,1008920.29,E_RS-SS-230_091225.pdf
354780,Santo André,2026,Res SS 111/2026,2026-06-09,1,fixo,1809722.5,E_RS-SS-111_090626.pdf
354780,Santo André,2026,Res SS 111/2026,2026-06-09,1,variavel,1266805.75,E_RS-SS-111_090626.pdf
354780,Santo André,2026,Res SS 185/2026,2026-09-08,2,fixo,1809722.5,E_RS-SS-185_080926.pdf
354780,Santo André,2026,Res SS 185/2026,2026-09-08,2,variavel,913909.86,E_RS-SS-185_080926.pdf
354790,Santo Antônio Da Alegria,2024,Res SS 18/2024,2024-02-08,1,fixo,49168.0,E_R-SS-18_080224.pdf
354790,Santo Antônio Da Alegria,2024,Res SS 140/2024,2024-06-20,2,fixo,49168.0,E_R-SS-140_200624.pdf
354790,Santo Antônio Da Alegria,2024,Res SS 140/2024,2024-06-20,2,variavel,32778.67,E_R-SS-140_200624.pdf
354790,Santo Antônio Da Alegria,2024,Res SS 140/2024,2024-06-20,3,fixo,49168.0,E_R-SS-140_200624.pdf
354790,Santo Antônio Da Alegria,2024,Res SS 140/2024,2024-06-20,3,variavel,32778.67,E_R-SS-140_200624.pdf
354790,Santo Antônio Da Alegria,2025,Res SS 13/2025,2025-01-24,1,fixo,40973.33,E_R-SS-13_240125.pdf
354790,Santo Antônio Da Alegria,2025,Res SS 97/2025,2025-05-30,2,fixo,40973.33,E_R-SS-97_300525.pdf
354790,Santo Antônio Da Alegria,2025,Res SS 180/2025,2025-10-08,1+2,variavel,39334.4,E_RS-SS-180_081025.pdf
354790,Santo Antônio Da Alegria,2025,Res SS 230/2025,2025-12-09,2,ajuste,16163.98,E_RS-SS-230_091225.pdf
354790,Santo Antônio Da Alegria,2025,Res SS 230/2025,2025-12-09,2025,bonus,0.0,E_RS-SS-230_091225.pdf
354790,Santo Antônio Da Alegria,2025,Res SS 230/2025,2025-12-09,3,fixo,40973.33,E_RS-SS-230_091225.pdf
354790,Santo Antônio Da Alegria,2025,Res SS 230/2025,2025-12-09,3,variavel,30934.87,E_RS-SS-230_091225.pdf
354790,Santo Antônio Da Alegria,2026,Res SS 111/2026,2026-06-09,1,fixo,40973.33,E_RS-SS-111_090626.pdf
354790,Santo Antônio Da Alegria,2026,Res SS 111/2026,2026-06-09,1,variavel,35646.8,E_RS-SS-111_090626.pdf
354790,Santo Antônio Da Alegria,2026,Res SS 185/2026,2026-09-08,2,fixo,40973.33,E_RS-SS-185_080926.pdf
354790,Santo Antônio Da Alegria,2026,Res SS 185/2026,2026-09-08,2,variavel,24993.73,E_RS-SS-185_080926.pdf
354800,Santo Antônio De Posse,2024,Res SS 18/2024,2024-02-08,1,fixo,118710.0,E_R-SS-18_080224.pdf
354800,Santo Antônio De Posse,2024,Res SS 140/2024,2024-06-20,2,fixo,118710.0,E_R-SS-140_200624.pdf
354800,Santo Antônio De Posse,2024,Res SS 140/2024,2024-06-20,2,variavel,52232.4,E_R-SS-140_200624.pdf
354800,Santo Antônio De Posse,2024,Res SS 140/2024,2024-06-20,3,fixo,118710.0,E_R-SS-140_200624.pdf
354800,Santo Antônio De Posse,2024,Res SS 140/2024,2024-06-20,3,variavel,52232.4,E_R-SS-140_200624.pdf
354800,Santo Antônio De Posse,2025,Res SS 13/2025,2025-01-24,1,fixo,98925.0,E_R-SS-13_240125.pdf
354800,Santo Antônio De Posse,2025,Res SS 97/2025,2025-05-30,2,fixo,98925.0,E_R-SS-97_300525.pdf
354800,Santo Antônio De Posse,2025,Res SS 180/2025,2025-10-08,1+2,variavel,182022.0,E_RS-SS-180_081025.pdf
354800,Santo Antônio De Posse,2025,Res SS 230/2025,2025-12-09,2,ajuste,0.0,E_RS-SS-230_091225.pdf
354800,Santo Antônio De Posse,2025,Res SS 230/2025,2025-12-09,2025,bonus,0.0,E_RS-SS-230_091225.pdf
354800,Santo Antônio De Posse,2025,Res SS 230/2025,2025-12-09,3,fixo,98925.0,E_RS-SS-230_091225.pdf
354800,Santo Antônio De Posse,2025,Res SS 230/2025,2025-12-09,3,variavel,98925.0,E_RS-SS-230_091225.pdf
354800,Santo Antônio De Posse,2026,Res SS 111/2026,2026-06-09,1,fixo,98925.0,E_RS-SS-111_090626.pdf
354800,Santo Antônio De Posse,2026,Res SS 111/2026,2026-06-09,1,variavel,43527.0,E_RS-SS-111_090626.pdf
354800,Santo Antônio De Posse,2026,Res SS 185/2026,2026-09-08,2,fixo,98925.0,E_RS-SS-185_080926.pdf
354800,Santo Antônio De Posse,2026,Res SS 185/2026,2026-09-08,2,variavel,51441.0,E_RS-SS-185_080926.pdf
354805,Santo Antônio Do Aracanguá,2024,Res SS 18/2024,2024-02-08,1,fixo,51246.0,E_R-SS-18_080224.pdf
354805,Santo Antônio Do Aracanguá,2024,Res SS 140/2024,2024-06-20,2,fixo,51246.0,E_R-SS-140_200624.pdf
354805,Santo Antônio Do Aracanguá,2024,Res SS 140/2024,2024-06-20,2,variavel,22736.14,E_R-SS-140_200624.pdf
354805,Santo Antônio Do Aracanguá,2024,Res SS 140/2024,2024-06-20,3,fixo,51246.0,E_R-SS-140_200624.pdf
354805,Santo Antônio Do Aracanguá,2024,Res SS 140/2024,2024-06-20,3,variavel,22736.14,E_R-SS-140_200624.pdf
354805,Santo Antônio Do Aracanguá,2025,Res SS 13/2025,2025-01-24,1,fixo,42705.0,E_R-SS-13_240125.pdf
354805,Santo Antônio Do Aracanguá,2025,Res SS 97/2025,2025-05-30,2,fixo,42705.0,E_R-SS-97_300525.pdf
354805,Santo Antônio Do Aracanguá,2025,Res SS 180/2025,2025-10-08,1+2,variavel,81993.6,E_RS-SS-180_081025.pdf
354805,Santo Antônio Do Aracanguá,2025,Res SS 230/2025,2025-12-09,2,ajuste,0.0,E_RS-SS-230_091225.pdf
354805,Santo Antônio Do Aracanguá,2025,Res SS 230/2025,2025-12-09,2025,bonus,0.0,E_RS-SS-230_091225.pdf
354805,Santo Antônio Do Aracanguá,2025,Res SS 230/2025,2025-12-09,3,fixo,42705.0,E_RS-SS-230_091225.pdf
354805,Santo Antônio Do Aracanguá,2025,Res SS 230/2025,2025-12-09,3,variavel,40249.46,E_RS-SS-230_091225.pdf
354805,Santo Antônio Do Aracanguá,2026,Res SS 111/2026,2026-06-09,1,fixo,42705.0,E_RS-SS-111_090626.pdf
354805,Santo Antônio Do Aracanguá,2026,Res SS 111/2026,2026-06-09,1,variavel,42705.0,E_RS-SS-111_090626.pdf
354805,Santo Antônio Do Aracanguá,2026,Res SS 185/2026,2026-09-08,2,fixo,42705.0,E_RS-SS-185_080926.pdf
354805,Santo Antônio Do Aracanguá,2026,Res SS 185/2026,2026-09-08,2,variavel,26370.34,E_RS-SS-185_080926.pdf
354810,Santo Antônio Do Jardim,2024,Res SS 18/2024,2024-02-08,1,fixo,17778.0,E_R-SS-18_080224.pdf
354810,Santo Antônio Do Jardim,2024,Res SS 140/2024,2024-06-20,2,fixo,17778.0,E_R-SS-140_200624.pdf
354810,Santo Antônio Do Jardim,2024,Res SS 140/2024,2024-06-20,2,variavel,8474.18,E_R-SS-140_200624.pdf
354810,Santo Antônio Do Jardim,2024,Res SS 140/2024,2024-06-20,3,fixo,17778.0,E_R-SS-140_200624.pdf
354810,Santo Antônio Do Jardim,2024,Res SS 140/2024,2024-06-20,3,variavel,8474.18,E_R-SS-140_200624.pdf
354810,Santo Antônio Do Jardim,2025,Res SS 13/2025,2025-01-24,1,fixo,14815.0,E_R-SS-13_240125.pdf
354810,Santo Antônio Do Jardim,2025,Res SS 97/2025,2025-05-30,2,fixo,14815.0,E_R-SS-97_300525.pdf
354810,Santo Antônio Do Jardim,2025,Res SS 180/2025,2025-10-08,1+2,variavel,13926.1,E_RS-SS-180_081025.pdf
354810,Santo Antônio Do Jardim,2025,Res SS 230/2025,2025-12-09,2,ajuste,0.0,E_RS-SS-230_091225.pdf
354810,Santo Antônio Do Jardim,2025,Res SS 230/2025,2025-12-09,2025,bonus,0.0,E_RS-SS-230_091225.pdf
354810,Santo Antônio Do Jardim,2025,Res SS 230/2025,2025-12-09,3,fixo,14815.0,E_RS-SS-230_091225.pdf
354810,Santo Antônio Do Jardim,2025,Res SS 230/2025,2025-12-09,3,variavel,12111.26,E_RS-SS-230_091225.pdf
354810,Santo Antônio Do Jardim,2026,Res SS 111/2026,2026-06-09,1,fixo,14815.0,E_RS-SS-111_090626.pdf
354810,Santo Antônio Do Jardim,2026,Res SS 111/2026,2026-06-09,1,variavel,11703.85,E_RS-SS-111_090626.pdf
354810,Santo Antônio Do Jardim,2026,Res SS 185/2026,2026-09-08,2,fixo,14815.0,E_RS-SS-185_080926.pdf
354810,Santo Antônio Do Jardim,2026,Res SS 185/2026,2026-09-08,2,variavel,11814.96,E_RS-SS-185_080926.pdf
354820,Santo Antônio Do Pinhal,2024,Res SS 18/2024,2024-02-08,1,fixo,47901.0,E_R-SS-18_080224.pdf
354820,Santo Antônio Do Pinhal,2024,Res SS 140/2024,2024-06-20,2,fixo,47901.0,E_R-SS-140_200624.pdf
354820,Santo Antônio Do Pinhal,2024,Res SS 140/2024,2024-06-20,2,variavel,18090.61,E_R-SS-140_200624.pdf
354820,Santo Antônio Do Pinhal,2024,Res SS 140/2024,2024-06-20,3,fixo,47901.0,E_R-SS-140_200624.pdf
354820,Santo Antônio Do Pinhal,2024,Res SS 140/2024,2024-06-20,3,variavel,18090.61,E_R-SS-140_200624.pdf
354820,Santo Antônio Do Pinhal,2025,Res SS 13/2025,2025-01-24,1,fixo,39917.5,E_R-SS-13_240125.pdf
354820,Santo Antônio Do Pinhal,2025,Res SS 97/2025,2025-05-30,2,fixo,39917.5,E_R-SS-97_300525.pdf
354820,Santo Antônio Do Pinhal,2025,Res SS 180/2025,2025-10-08,1+2,variavel,67859.75,E_RS-SS-180_081025.pdf
354820,Santo Antônio Do Pinhal,2025,Res SS 230/2025,2025-12-09,2,ajuste,0.0,E_RS-SS-230_091225.pdf
354820,Santo Antônio Do Pinhal,2025,Res SS 230/2025,2025-12-09,2025,bonus,0.0,E_RS-SS-230_091225.pdf
354820,Santo Antônio Do Pinhal,2025,Res SS 230/2025,2025-12-09,3,fixo,39917.5,E_RS-SS-230_091225.pdf
354820,Santo Antônio Do Pinhal,2025,Res SS 230/2025,2025-12-09,3,variavel,39917.5,E_RS-SS-230_091225.pdf
354820,Santo Antônio Do Pinhal,2026,Res SS 111/2026,2026-06-09,1,fixo,39917.5,E_RS-SS-111_090626.pdf
354820,Santo Antônio Do Pinhal,2026,Res SS 111/2026,2026-06-09,1,variavel,20757.1,E_RS-SS-111_090626.pdf
354820,Santo Antônio Do Pinhal,2026,Res SS 185/2026,2026-09-08,2,fixo,39917.5,E_RS-SS-185_080926.pdf
354820,Santo Antônio Do Pinhal,2026,Res SS 185/2026,2026-09-08,2,variavel,20757.1,E_RS-SS-185_080926.pdf
354830,Santo Expedito,2024,Res SS 18/2024,2024-02-08,1,fixo,22113.0,E_R-SS-18_080224.pdf
354830,Santo Expedito,2024,Res SS 140/2024,2024-06-20,2,fixo,22113.0,E_R-SS-140_200624.pdf
354830,Santo Expedito,2024,Res SS 140/2024,2024-06-20,2,variavel,12972.96,E_R-SS-140_200624.pdf
354830,Santo Expedito,2024,Res SS 140/2024,2024-06-20,3,fixo,22113.0,E_R-SS-140_200624.pdf
354830,Santo Expedito,2024,Res SS 140/2024,2024-06-20,3,variavel,12972.96,E_R-SS-140_200624.pdf
354830,Santo Expedito,2025,Res SS 13/2025,2025-01-24,1,fixo,18427.5,E_R-SS-13_240125.pdf
354830,Santo Expedito,2025,Res SS 97/2025,2025-05-30,2,fixo,18427.5,E_R-SS-97_300525.pdf
354830,Santo Expedito,2025,Res SS 180/2025,2025-10-08,1+2,variavel,22481.55,E_RS-SS-180_081025.pdf
354830,Santo Expedito,2025,Res SS 230/2025,2025-12-09,2,ajuste,4975.43,E_RS-SS-230_091225.pdf
354830,Santo Expedito,2025,Res SS 230/2025,2025-12-09,2025,bonus,0.0,E_RS-SS-230_091225.pdf
354830,Santo Expedito,2025,Res SS 230/2025,2025-12-09,3,fixo,18427.5,E_RS-SS-230_091225.pdf
354830,Santo Expedito,2025,Res SS 230/2025,2025-12-09,3,variavel,18058.95,E_RS-SS-230_091225.pdf
354830,Santo Expedito,2026,Res SS 111/2026,2026-06-09,1,fixo,18427.5,E_RS-SS-111_090626.pdf
354830,Santo Expedito,2026,Res SS 111/2026,2026-06-09,1,variavel,18427.5,E_RS-SS-111_090626.pdf
354830,Santo Expedito,2026,Res SS 185/2026,2026-09-08,2,fixo,18427.5,E_RS-SS-185_080926.pdf
354830,Santo Expedito,2026,Res SS 185/2026,2026-09-08,2,variavel,18427.5,E_RS-SS-185_080926.pdf
354840,Santópolis Do Aguapeí,2024,Res SS 18/2024,2024-02-08,1,fixo,38848.0,E_R-SS-18_080224.pdf
354840,Santópolis Do Aguapeí,2024,Res SS 140/2024,2024-06-20,2,fixo,38848.0,E_R-SS-140_200624.pdf
354840,Santópolis Do Aguapeí,2024,Res SS 140/2024,2024-06-20,2,variavel,25069.91,E_R-SS-140_200624.pdf
354840,Santópolis Do Aguapeí,2024,Res SS 140/2024,2024-06-20,3,fixo,38848.0,E_R-SS-140_200624.pdf
354840,Santópolis Do Aguapeí,2024,Res SS 140/2024,2024-06-20,3,variavel,25069.91,E_R-SS-140_200624.pdf
354840,Santópolis Do Aguapeí,2025,Res SS 13/2025,2025-01-24,1,fixo,32373.33,E_R-SS-13_240125.pdf
354840,Santópolis Do Aguapeí,2025,Res SS 97/2025,2025-05-30,2,fixo,32373.33,E_R-SS-97_300525.pdf
354840,Santópolis Do Aguapeí,2025,Res SS 180/2025,2025-10-08,1+2,variavel,39495.47,E_RS-SS-180_081025.pdf
354840,Santópolis Do Aguapeí,2025,Res SS 230/2025,2025-12-09,2,ajuste,16.19,E_RS-SS-230_091225.pdf
354840,Santópolis Do Aguapeí,2025,Res SS 230/2025,2025-12-09,2025,bonus,0.0,E_RS-SS-230_091225.pdf
354840,Santópolis Do Aguapeí,2025,Res SS 230/2025,2025-12-09,3,fixo,32373.33,E_RS-SS-230_091225.pdf
354840,Santópolis Do Aguapeí,2025,Res SS 230/2025,2025-12-09,3,variavel,25089.33,E_RS-SS-230_091225.pdf
354840,Santópolis Do Aguapeí,2026,Res SS 111/2026,2026-06-09,1,fixo,32373.33,E_RS-SS-111_090626.pdf
354840,Santópolis Do Aguapeí,2026,Res SS 111/2026,2026-06-09,1,variavel,23794.4,E_RS-SS-111_090626.pdf
354840,Santópolis Do Aguapeí,2026,Res SS 185/2026,2026-09-08,2,fixo,32373.33,E_RS-SS-185_080926.pdf
354840,Santópolis Do Aguapeí,2026,Res SS 185/2026,2026-09-08,2,variavel,17481.6,E_RS-SS-185_080926.pdf
354850,Santos,2024,Res SS 18/2024,2024-02-08,1,fixo,1301973.0,E_R-SS-18_080224.pdf
354850,Santos,2024,Res SS 140/2024,2024-06-20,2,fixo,1301973.0,E_R-SS-140_200624.pdf
354850,Santos,2024,Res SS 140/2024,2024-06-20,2,variavel,438330.91,E_R-SS-140_200624.pdf
354850,Santos,2024,Res SS 140/2024,2024-06-20,3,fixo,1301973.0,E_R-SS-140_200624.pdf
354850,Santos,2024,Res SS 140/2024,2024-06-20,3,variavel,438330.91,E_R-SS-140_200624.pdf
354850,Santos,2025,Res SS 13/2025,2025-01-24,1,fixo,1084977.5,E_R-SS-13_240125.pdf
354850,Santos,2025,Res SS 97/2025,2025-05-30,2,fixo,1084977.5,E_R-SS-97_300525.pdf
354850,Santos,2025,Res SS 180/2025,2025-10-08,1+2,variavel,1106677.05,E_RS-SS-180_081025.pdf
354850,Santos,2025,Res SS 230/2025,2025-12-09,2,ajuste,59673.76,E_RS-SS-230_091225.pdf
354850,Santos,2025,Res SS 230/2025,2025-12-09,2025,bonus,0.0,E_RS-SS-230_091225.pdf
354850,Santos,2025,Res SS 230/2025,2025-12-09,3,fixo,1084977.5,E_RS-SS-230_091225.pdf
354850,Santos,2025,Res SS 230/2025,2025-12-09,3,variavel,477390.1,E_RS-SS-230_091225.pdf
354850,Santos,2026,Res SS 111/2026,2026-06-09,1,fixo,1084977.5,E_RS-SS-111_090626.pdf
354850,Santos,2026,Res SS 111/2026,2026-06-09,1,variavel,900531.33,E_RS-SS-111_090626.pdf
354850,Santos,2026,Res SS 185/2026,2026-09-08,2,fixo,1084977.5,E_RS-SS-185_080926.pdf
354850,Santos,2026,Res SS 185/2026,2026-09-08,2,variavel,794746.02,E_RS-SS-185_080926.pdf
354860,São Bento Do Sapucaí,2024,Res SS 18/2024,2024-02-08,1,fixo,65442.0,E_R-SS-18_080224.pdf
354860,São Bento Do Sapucaí,2024,Res SS 140/2024,2024-06-20,2,fixo,65442.0,E_R-SS-140_200624.pdf
354860,São Bento Do Sapucaí,2024,Res SS 140/2024,2024-06-20,2,variavel,39352.46,E_R-SS-140_200624.pdf
354860,São Bento Do Sapucaí,2024,Res SS 140/2024,2024-06-20,3,fixo,65442.0,E_R-SS-140_200624.pdf
354860,São Bento Do Sapucaí,2024,Res SS 140/2024,2024-06-20,3,variavel,39352.46,E_R-SS-140_200624.pdf
354860,São Bento Do Sapucaí,2025,Res SS 13/2025,2025-01-24,1,fixo,54535.0,E_R-SS-13_240125.pdf
354860,São Bento Do Sapucaí,2025,Res SS 97/2025,2025-05-30,2,fixo,54535.0,E_R-SS-97_300525.pdf
354860,São Bento Do Sapucaí,2025,Res SS 180/2025,2025-10-08,1+2,variavel,81802.5,E_RS-SS-180_081025.pdf
354860,São Bento Do Sapucaí,2025,Res SS 230/2025,2025-12-09,2,ajuste,8289.32,E_RS-SS-230_091225.pdf
354860,São Bento Do Sapucaí,2025,Res SS 230/2025,2025-12-09,2025,bonus,0.0,E_RS-SS-230_091225.pdf
354860,São Bento Do Sapucaí,2025,Res SS 230/2025,2025-12-09,3,fixo,54535.0,E_RS-SS-230_091225.pdf
354860,São Bento Do Sapucaí,2025,Res SS 230/2025,2025-12-09,3,variavel,53444.3,E_RS-SS-230_091225.pdf
354860,São Bento Do Sapucaí,2026,Res SS 111/2026,2026-06-09,1,fixo,54535.0,E_RS-SS-111_090626.pdf
354860,São Bento Do Sapucaí,2026,Res SS 111/2026,2026-06-09,1,variavel,53444.3,E_RS-SS-111_090626.pdf
354860,São Bento Do Sapucaí,2026,Res SS 185/2026,2026-09-08,2,fixo,54535.0,E_RS-SS-185_080926.pdf
354860,São Bento Do Sapucaí,2026,Res SS 185/2026,2026-09-08,2,variavel,39674.21,E_RS-SS-185_080926.pdf
354870,São Bernardo Do Campo,2024,Res SS 18/2024,2024-02-08,1,fixo,2549622.0,E_R-SS-18_080224.pdf
354870,São Bernardo Do Campo,2024,Res SS 140/2024,2024-06-20,2,fixo,2549622.0,E_R-SS-140_200624.pdf
354870,São Bernardo Do Campo,2024,Res SS 140/2024,2024-06-20,2,variavel,1138831.16,E_R-SS-140_200624.pdf
354870,São Bernardo Do Campo,2024,Res SS 140/2024,2024-06-20,3,fixo,2549622.0,E_R-SS-140_200624.pdf
354870,São Bernardo Do Campo,2024,Res SS 140/2024,2024-06-20,3,variavel,1138831.16,E_R-SS-140_200624.pdf
354870,São Bernardo Do Campo,2025,Res SS 13/2025,2025-01-24,1,fixo,2124685.0,E_R-SS-13_240125.pdf
354870,São Bernardo Do Campo,2025,Res SS 97/2025,2025-05-30,2,fixo,2124685.0,E_R-SS-97_300525.pdf
354870,São Bernardo Do Campo,2025,Res SS 180/2025,2025-10-08,1+2,variavel,1444785.8,E_RS-SS-180_081025.pdf
354870,São Bernardo Do Campo,2025,Res SS 230/2025,2025-12-09,2,ajuste,1062342.5,E_RS-SS-230_091225.pdf
354870,São Bernardo Do Campo,2025,Res SS 230/2025,2025-12-09,2025,bonus,0.0,E_RS-SS-230_091225.pdf
354870,São Bernardo Do Campo,2025,Res SS 230/2025,2025-12-09,3,fixo,2124685.0,E_RS-SS-230_091225.pdf
354870,São Bernardo Do Campo,2025,Res SS 230/2025,2025-12-09,3,variavel,1253564.15,E_RS-SS-230_091225.pdf
354870,São Bernardo Do Campo,2026,Res SS 111/2026,2026-06-09,1,fixo,2124685.0,E_RS-SS-111_090626.pdf
354870,São Bernardo Do Campo,2026,Res SS 111/2026,2026-06-09,1,variavel,1763488.55,E_RS-SS-111_090626.pdf
354870,São Bernardo Do Campo,2026,Res SS 185/2026,2026-09-08,2,fixo,2124685.0,E_RS-SS-185_080926.pdf
354870,São Bernardo Do Campo,2026,Res SS 185/2026,2026-09-08,2,variavel,2039697.6,E_RS-SS-185_080926.pdf
354880,São Caetano Do Sul,2024,Res SS 18/2024,2024-02-08,1,fixo,488289.0,E_R-SS-18_080224.pdf
354880,São Caetano Do Sul,2024,Res SS 140/2024,2024-06-20,2,fixo,488289.0,E_R-SS-140_200624.pdf
354880,São Caetano Do Sul,2024,Res SS 140/2024,2024-06-20,2,variavel,222008.73,E_R-SS-140_200624.pdf
354880,São Caetano Do Sul,2024,Res SS 140/2024,2024-06-20,3,fixo,488289.0,E_R-SS-140_200624.pdf
354880,São Caetano Do Sul,2024,Res SS 140/2024,2024-06-20,3,variavel,222008.73,E_R-SS-140_200624.pdf
354880,São Caetano Do Sul,2025,Res SS 13/2025,2025-01-24,1,fixo,406907.5,E_R-SS-13_240125.pdf
354880,São Caetano Do Sul,2025,Res SS 97/2025,2025-05-30,2,fixo,406907.5,E_R-SS-97_300525.pdf
354880,São Caetano Do Sul,2025,Res SS 180/2025,2025-10-08,1+2,variavel,325526.0,E_RS-SS-180_081025.pdf
354880,São Caetano Do Sul,2025,Res SS 230/2025,2025-12-09,2,ajuste,105795.95,E_RS-SS-230_091225.pdf
354880,São Caetano Do Sul,2025,Res SS 230/2025,2025-12-09,2025,bonus,0.0,E_RS-SS-230_091225.pdf
354880,São Caetano Do Sul,2025,Res SS 230/2025,2025-12-09,3,fixo,406907.5,E_RS-SS-230_091225.pdf
354880,São Caetano Do Sul,2025,Res SS 230/2025,2025-12-09,3,variavel,380458.51,E_RS-SS-230_091225.pdf
354880,São Caetano Do Sul,2026,Res SS 111/2026,2026-06-09,1,fixo,406907.5,E_RS-SS-111_090626.pdf
354880,São Caetano Do Sul,2026,Res SS 111/2026,2026-06-09,1,variavel,292973.4,E_RS-SS-111_090626.pdf
354880,São Caetano Do Sul,2026,Res SS 185/2026,2026-09-08,2,fixo,406907.5,E_RS-SS-185_080926.pdf
354880,São Caetano Do Sul,2026,Res SS 185/2026,2026-09-08,2,variavel,187177.45,E_RS-SS-185_080926.pdf
354890,São Carlos,2024,Res SS 18/2024,2024-02-08,1,fixo,770745.0,E_R-SS-18_080224.pdf
354890,São Carlos,2024,Res SS 140/2024,2024-06-20,2,fixo,770745.0,E_R-SS-140_200624.pdf
354890,São Carlos,2024,Res SS 140/2024,2024-06-20,2,variavel,359681.0,E_R-SS-140_200624.pdf
354890,São Carlos,2024,Res SS 140/2024,2024-06-20,3,fixo,770745.0,E_R-SS-140_200624.pdf
354890,São Carlos,2024,Res SS 140/2024,2024-06-20,3,variavel,359681.0,E_R-SS-140_200624.pdf
354890,São Carlos,2025,Res SS 13/2025,2025-01-24,1,fixo,642287.5,E_R-SS-13_240125.pdf
354890,São Carlos,2025,Res SS 97/2025,2025-05-30,2,fixo,642287.5,E_R-SS-97_300525.pdf
354890,São Carlos,2025,Res SS 180/2025,2025-10-08,1+2,variavel,578058.75,E_RS-SS-180_081025.pdf
354890,São Carlos,2025,Res SS 230/2025,2025-12-09,2,ajuste,226727.49,E_RS-SS-230_091225.pdf
354890,São Carlos,2025,Res SS 230/2025,2025-12-09,2025,bonus,0.0,E_RS-SS-230_091225.pdf
354890,São Carlos,2025,Res SS 230/2025,2025-12-09,3,fixo,642287.5,E_RS-SS-230_091225.pdf
354890,São Carlos,2025,Res SS 230/2025,2025-12-09,3,variavel,590904.5,E_RS-SS-230_091225.pdf
354890,São Carlos,2026,Res SS 111/2026,2026-06-09,1,fixo,642287.5,E_RS-SS-111_090626.pdf
354890,São Carlos,2026,Res SS 111/2026,2026-06-09,1,variavel,468869.88,E_RS-SS-111_090626.pdf
354890,São Carlos,2026,Res SS 185/2026,2026-09-08,2,fixo,642287.5,E_RS-SS-185_080926.pdf
354890,São Carlos,2026,Res SS 185/2026,2026-09-08,2,variavel,447995.53,E_RS-SS-185_080926.pdf
354900,São Francisco,2024,Res SS 18/2024,2024-02-08,1,fixo,19691.0,E_R-SS-18_080224.pdf
354900,São Francisco,2024,Res SS 140/2024,2024-06-20,2,fixo,19691.0,E_R-SS-140_200624.pdf
354900,São Francisco,2024,Res SS 140/2024,2024-06-20,2,variavel,13104.36,E_R-SS-140_200624.pdf
354900,São Francisco,2024,Res SS 140/2024,2024-06-20,3,fixo,19691.0,E_R-SS-140_200624.pdf
354900,São Francisco,2024,Res SS 140/2024,2024-06-20,3,variavel,13104.36,E_R-SS-140_200624.pdf
354900,São Francisco,2025,Res SS 13/2025,2025-01-24,1,fixo,16409.17,E_R-SS-13_240125.pdf
354900,São Francisco,2025,Res SS 97/2025,2025-05-30,2,fixo,16409.17,E_R-SS-97_300525.pdf
354900,São Francisco,2025,Res SS 180/2025,2025-10-08,1+2,variavel,22972.83,E_RS-SS-180_081025.pdf
354900,São Francisco,2025,Res SS 230/2025,2025-12-09,2,ajuste,4397.66,E_RS-SS-230_091225.pdf
354900,São Francisco,2025,Res SS 230/2025,2025-12-09,2025,bonus,0.0,E_RS-SS-230_091225.pdf
354900,São Francisco,2025,Res SS 230/2025,2025-12-09,3,fixo,16409.17,E_RS-SS-230_091225.pdf
354900,São Francisco,2025,Res SS 230/2025,2025-12-09,3,variavel,11404.37,E_RS-SS-230_091225.pdf
354900,São Francisco,2026,Res SS 111/2026,2026-06-09,1,fixo,16409.17,E_RS-SS-111_090626.pdf
354900,São Francisco,2026,Res SS 111/2026,2026-06-09,1,variavel,16409.17,E_RS-SS-111_090626.pdf
354900,São Francisco,2026,Res SS 185/2026,2026-09-08,2,fixo,16409.17,E_RS-SS-185_080926.pdf
354900,São Francisco,2026,Res SS 185/2026,2026-09-08,2,variavel,16409.17,E_RS-SS-185_080926.pdf
354910,São João Da Boa Vista,2024,Res SS 18/2024,2024-02-08,1,fixo,276945.0,E_R-SS-18_080224.pdf
354910,São João Da Boa Vista,2024,Res SS 140/2024,2024-06-20,2,fixo,276945.0,E_R-SS-140_200624.pdf
354910,São João Da Boa Vista,2024,Res SS 140/2024,2024-06-20,2,variavel,152319.75,E_R-SS-140_200624.pdf
354910,São João Da Boa Vista,2024,Res SS 140/2024,2024-06-20,3,fixo,276945.0,E_R-SS-140_200624.pdf
354910,São João Da Boa Vista,2024,Res SS 140/2024,2024-06-20,3,variavel,152319.75,E_R-SS-140_200624.pdf
354910,São João Da Boa Vista,2025,Res SS 13/2025,2025-01-24,1,fixo,230787.5,E_R-SS-13_240125.pdf
354910,São João Da Boa Vista,2025,Res SS 97/2025,2025-05-30,2,fixo,230787.5,E_R-SS-97_300525.pdf
354910,São João Da Boa Vista,2025,Res SS 180/2025,2025-10-08,1+2,variavel,235403.25,E_RS-SS-180_081025.pdf
354910,São João Da Boa Vista,2025,Res SS 230/2025,2025-12-09,2,ajuste,90007.13,E_RS-SS-230_091225.pdf
354910,São João Da Boa Vista,2025,Res SS 230/2025,2025-12-09,2025,bonus,0.0,E_RS-SS-230_091225.pdf
354910,São João Da Boa Vista,2025,Res SS 230/2025,2025-12-09,3,fixo,230787.5,E_RS-SS-230_091225.pdf
354910,São João Da Boa Vista,2025,Res SS 230/2025,2025-12-09,3,variavel,161551.25,E_RS-SS-230_091225.pdf
354910,São João Da Boa Vista,2026,Res SS 111/2026,2026-06-09,1,fixo,230787.5,E_RS-SS-111_090626.pdf
354910,São João Da Boa Vista,2026,Res SS 111/2026,2026-06-09,1,variavel,162705.19,E_RS-SS-111_090626.pdf
354910,São João Da Boa Vista,2026,Res SS 185/2026,2026-09-08,2,fixo,230787.5,E_RS-SS-185_080926.pdf
354910,São João Da Boa Vista,2026,Res SS 185/2026,2026-09-08,2,variavel,87699.25,E_RS-SS-185_080926.pdf
354920,São João Das Duas Pontes,2024,Res SS 18/2024,2024-02-08,1,fixo,12775.0,E_R-SS-18_080224.pdf
354920,São João Das Duas Pontes,2024,Res SS 140/2024,2024-06-20,2,fixo,12775.0,E_R-SS-140_200624.pdf
354920,São João Das Duas Pontes,2024,Res SS 140/2024,2024-06-20,2,variavel,7260.46,E_R-SS-140_200624.pdf
354920,São João Das Duas Pontes,2024,Res SS 140/2024,2024-06-20,3,fixo,12775.0,E_R-SS-140_200624.pdf
354920,São João Das Duas Pontes,2024,Res SS 140/2024,2024-06-20,3,variavel,7260.46,E_R-SS-140_200624.pdf
354920,São João Das Duas Pontes,2025,Res SS 13/2025,2025-01-24,1,fixo,10645.83,E_R-SS-13_240125.pdf
354920,São João Das Duas Pontes,2025,Res SS 97/2025,2025-05-30,2,fixo,10645.83,E_R-SS-97_300525.pdf
354920,São João Das Duas Pontes,2025,Res SS 180/2025,2025-10-08,1+2,variavel,16607.5,E_RS-SS-180_081025.pdf
354920,São João Das Duas Pontes,2025,Res SS 230/2025,2025-12-09,2,ajuste,1533.0,E_RS-SS-230_091225.pdf
354920,São João Das Duas Pontes,2025,Res SS 230/2025,2025-12-09,2025,bonus,0.0,E_RS-SS-230_091225.pdf
354920,São João Das Duas Pontes,2025,Res SS 230/2025,2025-12-09,3,fixo,10645.83,E_RS-SS-230_091225.pdf
354920,São João Das Duas Pontes,2025,Res SS 230/2025,2025-12-09,3,variavel,10645.83,E_RS-SS-230_091225.pdf
354920,São João Das Duas Pontes,2026,Res SS 111/2026,2026-06-09,1,fixo,10645.83,E_RS-SS-111_090626.pdf
354920,São João Das Duas Pontes,2026,Res SS 111/2026,2026-06-09,1,variavel,5429.38,E_RS-SS-111_090626.pdf
354920,São João Das Duas Pontes,2026,Res SS 185/2026,2026-09-08,2,fixo,10645.83,E_RS-SS-185_080926.pdf
354920,São João Das Duas Pontes,2026,Res SS 185/2026,2026-09-08,2,variavel,5429.38,E_RS-SS-185_080926.pdf
354925,São João De Iracema,2024,Res SS 18/2024,2024-02-08,1,fixo,11652.0,E_R-SS-18_080224.pdf
354925,São João De Iracema,2024,Res SS 140/2024,2024-06-20,2,fixo,11652.0,E_R-SS-140_200624.pdf
354925,São João De Iracema,2024,Res SS 140/2024,2024-06-20,2,variavel,7690.32,E_R-SS-140_200624.pdf
354925,São João De Iracema,2024,Res SS 140/2024,2024-06-20,3,fixo,11652.0,E_R-SS-140_200624.pdf
354925,São João De Iracema,2024,Res SS 140/2024,2024-06-20,3,variavel,7690.32,E_R-SS-140_200624.pdf
354925,São João De Iracema,2025,Res SS 13/2025,2025-01-24,1,fixo,9710.0,E_R-SS-13_240125.pdf
354925,São João De Iracema,2025,Res SS 97/2025,2025-05-30,2,fixo,9710.0,E_R-SS-97_300525.pdf
354925,São João De Iracema,2025,Res SS 180/2025,2025-10-08,1+2,variavel,13594.0,E_RS-SS-180_081025.pdf
354925,São João De Iracema,2025,Res SS 230/2025,2025-12-09,2,ajuste,0.0,E_RS-SS-230_091225.pdf
354925,São João De Iracema,2025,Res SS 230/2025,2025-12-09,2025,bonus,0.0,E_RS-SS-230_091225.pdf
354925,São João De Iracema,2025,Res SS 230/2025,2025-12-09,3,fixo,9710.0,E_RS-SS-230_091225.pdf
354925,São João De Iracema,2025,Res SS 230/2025,2025-12-09,3,variavel,8641.9,E_RS-SS-230_091225.pdf
354925,São João De Iracema,2026,Res SS 111/2026,2026-06-09,1,fixo,9710.0,E_RS-SS-111_090626.pdf
354925,São João De Iracema,2026,Res SS 111/2026,2026-06-09,1,variavel,7525.25,E_RS-SS-111_090626.pdf
354925,São João De Iracema,2026,Res SS 185/2026,2026-09-08,2,fixo,9710.0,E_RS-SS-185_080926.pdf
354925,São João De Iracema,2026,Res SS 185/2026,2026-09-08,2,variavel,5631.8,E_RS-SS-185_080926.pdf
354930,São João Do Pau D'Alho,2024,Res SS 18/2024,2024-02-08,1,fixo,14665.0,E_R-SS-18_080224.pdf
354930,São João Do Pau D'Alho,2024,Res SS 140/2024,2024-06-20,2,fixo,14665.0,E_R-SS-140_200624.pdf
354930,São João Do Pau D'Alho,2024,Res SS 140/2024,2024-06-20,2,variavel,7097.86,E_R-SS-140_200624.pdf
354930,São João Do Pau D'Alho,2024,Res SS 140/2024,2024-06-20,3,fixo,14665.0,E_R-SS-140_200624.pdf
354930,São João Do Pau D'Alho,2024,Res SS 140/2024,2024-06-20,3,variavel,7097.86,E_R-SS-140_200624.pdf
354930,São João Do Pau D'Alho,2025,Res SS 13/2025,2025-01-24,1,fixo,12220.83,E_R-SS-13_240125.pdf
354930,São João Do Pau D'Alho,2025,Res SS 97/2025,2025-05-30,2,fixo,12220.83,E_R-SS-97_300525.pdf
354930,São João Do Pau D'Alho,2025,Res SS 180/2025,2025-10-08,1+2,variavel,21264.25,E_RS-SS-180_081025.pdf
354930,São João Do Pau D'Alho,2025,Res SS 230/2025,2025-12-09,2,ajuste,1029.61,E_RS-SS-230_091225.pdf
354930,São João Do Pau D'Alho,2025,Res SS 230/2025,2025-12-09,2025,bonus,0.0,E_RS-SS-230_091225.pdf
354930,São João Do Pau D'Alho,2025,Res SS 230/2025,2025-12-09,3,fixo,12220.83,E_RS-SS-230_091225.pdf
354930,São João Do Pau D'Alho,2025,Res SS 230/2025,2025-12-09,3,variavel,6599.25,E_RS-SS-230_091225.pdf
354930,São João Do Pau D'Alho,2026,Res SS 111/2026,2026-06-09,1,fixo,12220.83,E_RS-SS-111_090626.pdf
354930,São João Do Pau D'Alho,2026,Res SS 111/2026,2026-06-09,1,variavel,11915.31,E_RS-SS-111_090626.pdf
354930,São João Do Pau D'Alho,2026,Res SS 185/2026,2026-09-08,2,fixo,12220.83,E_RS-SS-185_080926.pdf
354930,São João Do Pau D'Alho,2026,Res SS 185/2026,2026-09-08,2,variavel,8432.38,E_RS-SS-185_080926.pdf
354940,São Joaquim Da Barra,2024,Res SS 18/2024,2024-02-08,1,fixo,158211.0,E_R-SS-18_080224.pdf
354940,São Joaquim Da Barra,2024,Res SS 140/2024,2024-06-20,2,fixo,158211.0,E_R-SS-140_200624.pdf
354940,São Joaquim Da Barra,2024,Res SS 140/2024,2024-06-20,2,variavel,70192.95,E_R-SS-140_200624.pdf
354940,São Joaquim Da Barra,2024,Res SS 140/2024,2024-06-20,3,fixo,158211.0,E_R-SS-140_200624.pdf
354940,São Joaquim Da Barra,2024,Res SS 140/2024,2024-06-20,3,variavel,70192.95,E_R-SS-140_200624.pdf
354940,São Joaquim Da Barra,2025,Res SS 13/2025,2025-01-24,1,fixo,131842.5,E_R-SS-13_240125.pdf
354940,São Joaquim Da Barra,2025,Res SS 97/2025,2025-05-30,2,fixo,131842.5,E_R-SS-97_300525.pdf
354940,São Joaquim Da Barra,2025,Res SS 180/2025,2025-10-08,1+2,variavel,145026.75,E_RS-SS-180_081025.pdf
354940,São Joaquim Da Barra,2025,Res SS 230/2025,2025-12-09,2,ajuste,31905.89,E_RS-SS-230_091225.pdf
354940,São Joaquim Da Barra,2025,Res SS 230/2025,2025-12-09,2025,bonus,0.0,E_RS-SS-230_091225.pdf
354940,São Joaquim Da Barra,2025,Res SS 230/2025,2025-12-09,3,fixo,131842.5,E_RS-SS-230_091225.pdf
354940,São Joaquim Da Barra,2025,Res SS 230/2025,2025-12-09,3,variavel,122613.53,E_RS-SS-230_091225.pdf
354940,São Joaquim Da Barra,2026,Res SS 111/2026,2026-06-09,1,fixo,131842.5,E_RS-SS-111_090626.pdf
354940,São Joaquim Da Barra,2026,Res SS 111/2026,2026-06-09,1,variavel,103496.36,E_RS-SS-111_090626.pdf
354940,São Joaquim Da Barra,2026,Res SS 185/2026,2026-09-08,2,fixo,131842.5,E_RS-SS-185_080926.pdf
354940,São Joaquim Da Barra,2026,Res SS 185/2026,2026-09-08,2,variavel,60647.55,E_RS-SS-185_080926.pdf
354950,São José Da Bela Vista,2024,Res SS 18/2024,2024-02-08,1,fixo,71928.0,E_R-SS-18_080224.pdf
354950,São José Da Bela Vista,2024,Res SS 140/2024,2024-06-20,2,fixo,71928.0,E_R-SS-140_200624.pdf
354950,São José Da Bela Vista,2024,Res SS 140/2024,2024-06-20,2,variavel,42197.76,E_R-SS-140_200624.pdf
354950,São José Da Bela Vista,2024,Res SS 140/2024,2024-06-20,3,fixo,71928.0,E_R-SS-140_200624.pdf
354950,São José Da Bela Vista,2024,Res SS 140/2024,2024-06-20,3,variavel,42197.76,E_R-SS-140_200624.pdf
354950,São José Da Bela Vista,2025,Res SS 13/2025,2025-01-24,1,fixo,59940.0,E_R-SS-13_240125.pdf
354950,São José Da Bela Vista,2025,Res SS 97/2025,2025-05-30,2,fixo,59940.0,E_R-SS-97_300525.pdf
354950,São José Da Bela Vista,2025,Res SS 180/2025,2025-10-08,1+2,variavel,63536.4,E_RS-SS-180_081025.pdf
354950,São José Da Bela Vista,2025,Res SS 230/2025,2025-12-09,2,ajuste,0.0,E_RS-SS-230_091225.pdf
354950,São José Da Bela Vista,2025,Res SS 230/2025,2025-12-09,2025,bonus,0.0,E_RS-SS-230_091225.pdf
354950,São José Da Bela Vista,2025,Res SS 230/2025,2025-12-09,3,fixo,59940.0,E_RS-SS-230_091225.pdf
354950,São José Da Bela Vista,2025,Res SS 230/2025,2025-12-09,3,variavel,40159.8,E_RS-SS-230_091225.pdf
354950,São José Da Bela Vista,2026,Res SS 111/2026,2026-06-09,1,fixo,59940.0,E_RS-SS-111_090626.pdf
354950,São José Da Bela Vista,2026,Res SS 111/2026,2026-06-09,1,variavel,59640.3,E_RS-SS-111_090626.pdf
354950,São José Da Bela Vista,2026,Res SS 185/2026,2026-09-08,2,fixo,59940.0,E_RS-SS-185_080926.pdf
354950,São José Da Bela Vista,2026,Res SS 185/2026,2026-09-08,2,variavel,59940.0,E_RS-SS-185_080926.pdf
354960,São José Do Barreiro,2024,Res SS 18/2024,2024-02-08,1,fixo,33128.0,E_R-SS-18_080224.pdf
354960,São José Do Barreiro,2024,Res SS 140/2024,2024-06-20,2,fixo,33128.0,E_R-SS-140_200624.pdf
354960,São José Do Barreiro,2024,Res SS 140/2024,2024-06-20,2,variavel,16762.77,E_R-SS-140_200624.pdf
354960,São José Do Barreiro,2024,Res SS 140/2024,2024-06-20,3,fixo,33128.0,E_R-SS-140_200624.pdf
354960,São José Do Barreiro,2024,Res SS 140/2024,2024-06-20,3,variavel,16762.77,E_R-SS-140_200624.pdf
354960,São José Do Barreiro,2025,Res SS 13/2025,2025-01-24,1,fixo,27606.67,E_R-SS-13_240125.pdf
354960,São José Do Barreiro,2025,Res SS 97/2025,2025-05-30,2,fixo,27606.67,E_R-SS-97_300525.pdf
354960,São José Do Barreiro,2025,Res SS 180/2025,2025-10-08,1+2,variavel,42514.27,E_RS-SS-180_081025.pdf
354960,São José Do Barreiro,2025,Res SS 230/2025,2025-12-09,2,ajuste,0.0,E_RS-SS-230_091225.pdf
354960,São José Do Barreiro,2025,Res SS 230/2025,2025-12-09,2025,bonus,0.0,E_RS-SS-230_091225.pdf
354960,São José Do Barreiro,2025,Res SS 230/2025,2025-12-09,3,fixo,27606.67,E_RS-SS-230_091225.pdf
354960,São José Do Barreiro,2025,Res SS 230/2025,2025-12-09,3,variavel,27606.67,E_RS-SS-230_091225.pdf
354960,São José Do Barreiro,2026,Res SS 111/2026,2026-06-09,1,fixo,27606.67,E_RS-SS-111_090626.pdf
354960,São José Do Barreiro,2026,Res SS 111/2026,2026-06-09,1,variavel,14286.45,E_RS-SS-111_090626.pdf
354960,São José Do Barreiro,2026,Res SS 185/2026,2026-09-08,2,fixo,27606.67,E_RS-SS-185_080926.pdf
354960,São José Do Barreiro,2026,Res SS 185/2026,2026-09-08,2,variavel,25950.27,E_RS-SS-185_080926.pdf
354970,São José Do Rio Pardo,2024,Res SS 18/2024,2024-02-08,1,fixo,276490.0,E_R-SS-18_080224.pdf
354970,São José Do Rio Pardo,2024,Res SS 140/2024,2024-06-20,2,fixo,276490.0,E_R-SS-140_200624.pdf
354970,São José Do Rio Pardo,2024,Res SS 140/2024,2024-06-20,2,variavel,166262.65,E_R-SS-140_200624.pdf
354970,São José Do Rio Pardo,2024,Res SS 140/2024,2024-06-20,3,fixo,276490.0,E_R-SS-140_200624.pdf
354970,São José Do Rio Pardo,2024,Res SS 140/2024,2024-06-20,3,variavel,166262.65,E_R-SS-140_200624.pdf
354970,São José Do Rio Pardo,2025,Res SS 13/2025,2025-01-24,1,fixo,230408.33,E_R-SS-13_240125.pdf
354970,São José Do Rio Pardo,2025,Res SS 97/2025,2025-05-30,2,fixo,230408.33,E_R-SS-97_300525.pdf
354970,São José Do Rio Pardo,2025,Res SS 180/2025,2025-10-08,1+2,variavel,202759.33,E_RS-SS-180_081025.pdf
354970,São José Do Rio Pardo,2025,Res SS 230/2025,2025-12-09,2,ajuste,121655.6,E_RS-SS-230_091225.pdf
354970,São José Do Rio Pardo,2025,Res SS 230/2025,2025-12-09,2025,bonus,0.0,E_RS-SS-230_091225.pdf
354970,São José Do Rio Pardo,2025,Res SS 230/2025,2025-12-09,3,fixo,230408.33,E_RS-SS-230_091225.pdf
354970,São José Do Rio Pardo,2025,Res SS 230/2025,2025-12-09,3,variavel,130180.71,E_RS-SS-230_091225.pdf
354970,São José Do Rio Pardo,2026,Res SS 111/2026,2026-06-09,1,fixo,230408.33,E_RS-SS-111_090626.pdf
354970,São José Do Rio Pardo,2026,Res SS 111/2026,2026-06-09,1,variavel,225800.17,E_RS-SS-111_090626.pdf
354970,São José Do Rio Pardo,2026,Res SS 185/2026,2026-09-08,2,fixo,230408.33,E_RS-SS-185_080926.pdf
354970,São José Do Rio Pardo,2026,Res SS 185/2026,2026-09-08,2,variavel,173382.27,E_RS-SS-185_080926.pdf
354980,São José Do Rio Preto,2024,Res SS 18/2024,2024-02-08,1,fixo,1407519.0,E_R-SS-18_080224.pdf
354980,São José Do Rio Preto,2024,Res SS 140/2024,2024-06-20,2,fixo,1407519.0,E_R-SS-140_200624.pdf
354980,São José Do Rio Preto,2024,Res SS 140/2024,2024-06-20,2,variavel,806977.56,E_R-SS-140_200624.pdf
354980,São José Do Rio Preto,2024,Res SS 140/2024,2024-06-20,3,fixo,1407519.0,E_R-SS-140_200624.pdf
354980,São José Do Rio Preto,2024,Res SS 140/2024,2024-06-20,3,variavel,806977.56,E_R-SS-140_200624.pdf
354980,São José Do Rio Preto,2025,Res SS 13/2025,2025-01-24,1,fixo,1172932.5,E_R-SS-13_240125.pdf
354980,São José Do Rio Preto,2025,Res SS 97/2025,2025-05-30,2,fixo,1172932.5,E_R-SS-97_300525.pdf
354980,São José Do Rio Preto,2025,Res SS 180/2025,2025-10-08,1+2,variavel,1196391.15,E_RS-SS-180_081025.pdf
354980,São José Do Rio Preto,2025,Res SS 230/2025,2025-12-09,2,ajuste,459789.54,E_RS-SS-230_091225.pdf
354980,São José Do Rio Preto,2025,Res SS 230/2025,2025-12-09,2025,bonus,0.0,E_RS-SS-230_091225.pdf
354980,São José Do Rio Preto,2025,Res SS 230/2025,2025-12-09,3,fixo,1172932.5,E_RS-SS-230_091225.pdf
354980,São José Do Rio Preto,2025,Res SS 230/2025,2025-12-09,3,variavel,1102556.55,E_RS-SS-230_091225.pdf
354980,São José Do Rio Preto,2026,Res SS 111/2026,2026-06-09,1,fixo,1172932.5,E_RS-SS-111_090626.pdf
354980,São José Do Rio Preto,2026,Res SS 111/2026,2026-06-09,1,variavel,1055639.25,E_RS-SS-111_090626.pdf
354980,São José Do Rio Preto,2026,Res SS 185/2026,2026-09-08,2,fixo,1172932.5,E_RS-SS-185_080926.pdf
354980,São José Do Rio Preto,2026,Res SS 185/2026,2026-09-08,2,variavel,941278.33,E_RS-SS-185_080926.pdf
354990,São José Dos Campos,2024,Res SS 18/2024,2024-02-08,1,fixo,2211930.0,E_R-SS-18_080224.pdf
354990,São José Dos Campos,2024,Res SS 140/2024,2024-06-20,2,fixo,2211930.0,E_R-SS-140_200624.pdf
354990,São José Dos Campos,2024,Res SS 140/2024,2024-06-20,2,variavel,855279.6,E_R-SS-140_200624.pdf
354990,São José Dos Campos,2024,Res SS 140/2024,2024-06-20,3,fixo,2211930.0,E_R-SS-140_200624.pdf
354990,São José Dos Campos,2024,Res SS 140/2024,2024-06-20,3,variavel,855279.6,E_R-SS-140_200624.pdf
354990,São José Dos Campos,2025,Res SS 13/2025,2025-01-24,1,fixo,1843275.0,E_R-SS-13_240125.pdf
354990,São José Dos Campos,2025,Res SS 97/2025,2025-05-30,2,fixo,1843275.0,E_R-SS-97_300525.pdf
354990,São José Dos Campos,2025,Res SS 180/2025,2025-10-08,1+2,variavel,884772.0,E_RS-SS-180_081025.pdf
354990,São José Dos Campos,2025,Res SS 230/2025,2025-12-09,2,ajuste,599064.38,E_RS-SS-230_091225.pdf
354990,São José Dos Campos,2025,Res SS 230/2025,2025-12-09,2025,bonus,0.0,E_RS-SS-230_091225.pdf
354990,São José Dos Campos,2025,Res SS 230/2025,2025-12-09,3,fixo,1843275.0,E_RS-SS-230_091225.pdf
354990,São José Dos Campos,2025,Res SS 230/2025,2025-12-09,3,variavel,811041.0,E_RS-SS-230_091225.pdf
354990,São José Dos Campos,2026,Res SS 111/2026,2026-06-09,1,fixo,1843275.0,E_RS-SS-111_090626.pdf
354990,São José Dos Campos,2026,Res SS 111/2026,2026-06-09,1,variavel,1142830.5,E_RS-SS-111_090626.pdf
354990,São José Dos Campos,2026,Res SS 185/2026,2026-09-08,2,fixo,1843275.0,E_RS-SS-185_080926.pdf
354990,São José Dos Campos,2026,Res SS 185/2026,2026-09-08,2,variavel,783391.88,E_RS-SS-185_080926.pdf
354995,São Lourenço Da Serra,2024,Res SS 18/2024,2024-02-08,1,fixo,96762.0,E_R-SS-18_080224.pdf
354995,São Lourenço Da Serra,2024,Res SS 140/2024,2024-06-20,2,fixo,96762.0,E_R-SS-140_200624.pdf
354995,São Lourenço Da Serra,2024,Res SS 140/2024,2024-06-20,2,variavel,39027.34,E_R-SS-140_200624.pdf
354995,São Lourenço Da Serra,2024,Res SS 140/2024,2024-06-20,3,fixo,96762.0,E_R-SS-140_200624.pdf
354995,São Lourenço Da Serra,2024,Res SS 140/2024,2024-06-20,3,variavel,39027.34,E_R-SS-140_200624.pdf
354995,São Lourenço Da Serra,2025,Res SS 13/2025,2025-01-24,1,fixo,80635.0,E_R-SS-13_240125.pdf
354995,São Lourenço Da Serra,2025,Res SS 97/2025,2025-05-30,2,fixo,80635.0,E_R-SS-97_300525.pdf
354995,São Lourenço Da Serra,2025,Res SS 180/2025,2025-10-08,1+2,variavel,48381.0,E_RS-SS-180_081025.pdf
354995,São Lourenço Da Serra,2025,Res SS 230/2025,2025-12-09,2,ajuste,14836.84,E_RS-SS-230_091225.pdf
354995,São Lourenço Da Serra,2025,Res SS 230/2025,2025-12-09,2025,bonus,0.0,E_RS-SS-230_091225.pdf
354995,São Lourenço Da Serra,2025,Res SS 230/2025,2025-12-09,3,fixo,80635.0,E_RS-SS-230_091225.pdf
354995,São Lourenço Da Serra,2025,Res SS 230/2025,2025-12-09,3,variavel,80635.0,E_RS-SS-230_091225.pdf
354995,São Lourenço Da Serra,2026,Res SS 111/2026,2026-06-09,1,fixo,80635.0,E_RS-SS-111_090626.pdf
354995,São Lourenço Da Serra,2026,Res SS 111/2026,2026-06-09,1,variavel,58057.2,E_RS-SS-111_090626.pdf
354995,São Lourenço Da Serra,2026,Res SS 185/2026,2026-09-08,2,fixo,80635.0,E_RS-SS-185_080926.pdf
354995,São Lourenço Da Serra,2026,Res SS 185/2026,2026-09-08,2,variavel,68539.75,E_RS-SS-185_080926.pdf
355000,São Luís Do Paraitinga,2024,Res SS 18/2024,2024-02-08,1,fixo,85544.0,E_R-SS-18_080224.pdf
355000,São Luís Do Paraitinga,2024,Res SS 140/2024,2024-06-20,2,fixo,85544.0,E_R-SS-140_200624.pdf
355000,São Luís Do Paraitinga,2024,Res SS 140/2024,2024-06-20,2,variavel,47676.52,E_R-SS-140_200624.pdf
355000,São Luís Do Paraitinga,2024,Res SS 140/2024,2024-06-20,3,fixo,85544.0,E_R-SS-140_200624.pdf
355000,São Luís Do Paraitinga,2024,Res SS 140/2024,2024-06-20,3,variavel,47676.52,E_R-SS-140_200624.pdf
355000,São Luís Do Paraitinga,2025,Res SS 13/2025,2025-01-24,1,fixo,71286.67,E_R-SS-13_240125.pdf
355000,São Luís Do Paraitinga,2025,Res SS 97/2025,2025-05-30,2,fixo,71286.67,E_R-SS-97_300525.pdf
355000,São Luís Do Paraitinga,2025,Res SS 180/2025,2025-10-08,1+2,variavel,72712.4,E_RS-SS-180_081025.pdf
355000,São Luís Do Paraitinga,2025,Res SS 230/2025,2025-12-09,2,ajuste,7164.31,E_RS-SS-230_091225.pdf
355000,São Luís Do Paraitinga,2025,Res SS 230/2025,2025-12-09,2025,bonus,0.0,E_RS-SS-230_091225.pdf
355000,São Luís Do Paraitinga,2025,Res SS 230/2025,2025-12-09,3,fixo,71286.67,E_RS-SS-230_091225.pdf
355000,São Luís Do Paraitinga,2025,Res SS 230/2025,2025-12-09,3,variavel,52752.13,E_RS-SS-230_091225.pdf
355000,São Luís Do Paraitinga,2026,Res SS 111/2026,2026-06-09,1,fixo,71286.67,E_RS-SS-111_090626.pdf
355000,São Luís Do Paraitinga,2026,Res SS 111/2026,2026-06-09,1,variavel,71286.67,E_RS-SS-111_090626.pdf
355000,São Luís Do Paraitinga,2026,Res SS 185/2026,2026-09-08,2,fixo,71286.67,E_RS-SS-185_080926.pdf
355000,São Luís Do Paraitinga,2026,Res SS 185/2026,2026-09-08,2,variavel,68613.42,E_RS-SS-185_080926.pdf
355010,São Manuel,2024,Res SS 18/2024,2024-02-08,1,fixo,123861.0,E_R-SS-18_080224.pdf
355010,São Manuel,2024,Res SS 140/2024,2024-06-20,2,fixo,123861.0,E_R-SS-140_200624.pdf
355010,São Manuel,2024,Res SS 140/2024,2024-06-20,2,variavel,72665.12,E_R-SS-140_200624.pdf
355010,São Manuel,2024,Res SS 140/2024,2024-06-20,3,fixo,123861.0,E_R-SS-140_200624.pdf
355010,São Manuel,2024,Res SS 140/2024,2024-06-20,3,variavel,72665.12,E_R-SS-140_200624.pdf
355010,São Manuel,2025,Res SS 13/2025,2025-01-24,1,fixo,103217.5,E_R-SS-13_240125.pdf
355010,São Manuel,2025,Res SS 97/2025,2025-05-30,2,fixo,103217.5,E_R-SS-97_300525.pdf
355010,São Manuel,2025,Res SS 180/2025,2025-10-08,1+2,variavel,88767.05,E_RS-SS-180_081025.pdf
355010,São Manuel,2025,Res SS 230/2025,2025-12-09,2,ajuste,50989.45,E_RS-SS-230_091225.pdf
355010,São Manuel,2025,Res SS 230/2025,2025-12-09,2025,bonus,0.0,E_RS-SS-230_091225.pdf
355010,São Manuel,2025,Res SS 230/2025,2025-12-09,3,fixo,103217.5,E_RS-SS-230_091225.pdf
355010,São Manuel,2025,Res SS 230/2025,2025-12-09,3,variavel,61414.41,E_RS-SS-230_091225.pdf
355010,São Manuel,2026,Res SS 111/2026,2026-06-09,1,fixo,103217.5,E_RS-SS-111_090626.pdf
355010,São Manuel,2026,Res SS 111/2026,2026-06-09,1,variavel,94444.01,E_RS-SS-111_090626.pdf
355010,São Manuel,2026,Res SS 185/2026,2026-09-08,2,fixo,103217.5,E_RS-SS-185_080926.pdf
355010,São Manuel,2026,Res SS 185/2026,2026-09-08,2,variavel,101153.15,E_RS-SS-185_080926.pdf
355020,São Miguel Arcanjo,2024,Res SS 18/2024,2024-02-08,1,fixo,231497.0,E_R-SS-18_080224.pdf
355020,São Miguel Arcanjo,2024,Res SS 140/2024,2024-06-20,2,fixo,231497.0,E_R-SS-140_200624.pdf
355020,São Miguel Arcanjo,2024,Res SS 140/2024,2024-06-20,2,variavel,93370.46,E_R-SS-140_200624.pdf
355020,São Miguel Arcanjo,2024,Res SS 140/2024,2024-06-20,3,fixo,231497.0,E_R-SS-140_200624.pdf
355020,São Miguel Arcanjo,2024,Res SS 140/2024,2024-06-20,3,variavel,93370.46,E_R-SS-140_200624.pdf
355020,São Miguel Arcanjo,2025,Res SS 13/2025,2025-01-24,1,fixo,192914.17,E_R-SS-13_240125.pdf
355020,São Miguel Arcanjo,2025,Res SS 97/2025,2025-05-30,2,fixo,192914.17,E_R-SS-97_300525.pdf
355020,São Miguel Arcanjo,2025,Res SS 180/2025,2025-10-08,1+2,variavel,181339.32,E_RS-SS-180_081025.pdf
355020,São Miguel Arcanjo,2025,Res SS 230/2025,2025-12-09,2,ajuste,45141.92,E_RS-SS-230_091225.pdf
355020,São Miguel Arcanjo,2025,Res SS 230/2025,2025-12-09,2025,bonus,0.0,E_RS-SS-230_091225.pdf
355020,São Miguel Arcanjo,2025,Res SS 230/2025,2025-12-09,3,fixo,192914.17,E_RS-SS-230_091225.pdf
355020,São Miguel Arcanjo,2025,Res SS 230/2025,2025-12-09,3,variavel,141791.91,E_RS-SS-230_091225.pdf
355020,São Miguel Arcanjo,2026,Res SS 111/2026,2026-06-09,1,fixo,192914.17,E_RS-SS-111_090626.pdf
355020,São Miguel Arcanjo,2026,Res SS 111/2026,2026-06-09,1,variavel,136004.49,E_RS-SS-111_090626.pdf
355020,São Miguel Arcanjo,2026,Res SS 185/2026,2026-09-08,2,fixo,192914.17,E_RS-SS-185_080926.pdf
355020,São Miguel Arcanjo,2026,Res SS 185/2026,2026-09-08,2,variavel,73307.38,E_RS-SS-185_080926.pdf
355030,São Paulo,2024,Res SS 18/2024,2024-02-08,1,fixo,9917097.6,E_R-SS-18_080224.pdf
355030,São Paulo,2024,Res SS 140/2024,2024-06-20,2,fixo,9917097.6,E_R-SS-140_200624.pdf
355030,São Paulo,2024,Res SS 140/2024,2024-06-20,2,variavel,4297408.96,E_R-SS-140_200624.pdf
355030,São Paulo,2024,Res SS 140/2024,2024-06-20,3,fixo,9917097.6,E_R-SS-140_200624.pdf
355030,São Paulo,2024,Res SS 140/2024,2024-06-20,3,variavel,4297408.96,E_R-SS-140_200624.pdf
355030,São Paulo,2025,Res SS 13/2025,2025-01-24,1,fixo,8264248.0,E_R-SS-13_240125.pdf
355030,São Paulo,2025,Res SS 97/2025,2025-05-30,2,fixo,8264248.0,E_R-SS-97_300525.pdf
355030,São Paulo,2025,Res SS 180/2025,2025-10-08,1+2,variavel,5950258.56,E_RS-SS-180_081025.pdf
355030,São Paulo,2025,Res SS 230/2025,2025-12-09,2,ajuste,1652849.6,E_RS-SS-230_091225.pdf
355030,São Paulo,2025,Res SS 230/2025,2025-12-09,2025,bonus,0.0,E_RS-SS-230_091225.pdf
355030,São Paulo,2025,Res SS 230/2025,2025-12-09,3,fixo,8264248.0,E_RS-SS-230_091225.pdf
355030,São Paulo,2025,Res SS 230/2025,2025-12-09,3,variavel,4173445.24,E_RS-SS-230_091225.pdf
355030,São Paulo,2026,Res SS 111/2026,2026-06-09,1,fixo,8264248.0,E_RS-SS-111_090626.pdf
355030,São Paulo,2026,Res SS 111/2026,2026-06-09,1,variavel,4586657.64,E_RS-SS-111_090626.pdf
355030,São Paulo,2026,Res SS 185/2026,2026-09-08,2,fixo,8264248.0,E_RS-SS-185_080926.pdf
355030,São Paulo,2026,Res SS 185/2026,2026-09-08,2,variavel,2975129.28,E_RS-SS-185_080926.pdf
355040,São Pedro,2024,Res SS 18/2024,2024-02-08,1,fixo,217788.0,E_R-SS-18_080224.pdf
355040,São Pedro,2024,Res SS 140/2024,2024-06-20,2,fixo,217788.0,E_R-SS-140_200624.pdf
355040,São Pedro,2024,Res SS 140/2024,2024-06-20,2,variavel,121961.28,E_R-SS-140_200624.pdf
355040,São Pedro,2024,Res SS 140/2024,2024-06-20,3,fixo,217788.0,E_R-SS-140_200624.pdf
355040,São Pedro,2024,Res SS 140/2024,2024-06-20,3,variavel,121961.28,E_R-SS-140_200624.pdf
355040,São Pedro,2025,Res SS 13/2025,2025-01-24,1,fixo,181490.0,E_R-SS-13_240125.pdf
355040,São Pedro,2025,Res SS 97/2025,2025-05-30,2,fixo,181490.0,E_R-SS-97_300525.pdf
355040,São Pedro,2025,Res SS 180/2025,2025-10-08,1+2,variavel,290384.0,E_RS-SS-180_081025.pdf
355040,São Pedro,2025,Res SS 230/2025,2025-12-09,2,ajuste,6533.64,E_RS-SS-230_091225.pdf
355040,São Pedro,2025,Res SS 230/2025,2025-12-09,2025,bonus,0.0,E_RS-SS-230_091225.pdf
355040,São Pedro,2025,Res SS 230/2025,2025-12-09,3,fixo,181490.0,E_RS-SS-230_091225.pdf
355040,São Pedro,2025,Res SS 230/2025,2025-12-09,3,variavel,174230.4,E_RS-SS-230_091225.pdf
355040,São Pedro,2026,Res SS 111/2026,2026-06-09,1,fixo,181490.0,E_RS-SS-111_090626.pdf
355040,São Pedro,2026,Res SS 111/2026,2026-06-09,1,variavel,156988.85,E_RS-SS-111_090626.pdf
355040,São Pedro,2026,Res SS 185/2026,2026-09-08,2,fixo,181490.0,E_RS-SS-185_080926.pdf
355040,São Pedro,2026,Res SS 185/2026,2026-09-08,2,variavel,98004.6,E_RS-SS-185_080926.pdf
355050,São Pedro Do Turvo,2024,Res SS 18/2024,2024-02-08,1,fixo,54068.0,E_R-SS-18_080224.pdf
355050,São Pedro Do Turvo,2024,Res SS 140/2024,2024-06-20,2,fixo,54068.0,E_R-SS-140_200624.pdf
355050,São Pedro Do Turvo,2024,Res SS 140/2024,2024-06-20,2,variavel,31224.27,E_R-SS-140_200624.pdf
355050,São Pedro Do Turvo,2024,Res SS 140/2024,2024-06-20,3,fixo,54068.0,E_R-SS-140_200624.pdf
355050,São Pedro Do Turvo,2024,Res SS 140/2024,2024-06-20,3,variavel,31224.27,E_R-SS-140_200624.pdf
355050,São Pedro Do Turvo,2025,Res SS 13/2025,2025-01-24,1,fixo,45056.67,E_R-SS-13_240125.pdf
355050,São Pedro Do Turvo,2025,Res SS 97/2025,2025-05-30,2,fixo,45056.67,E_R-SS-97_300525.pdf
355050,São Pedro Do Turvo,2025,Res SS 180/2025,2025-10-08,1+2,variavel,86508.8,E_RS-SS-180_081025.pdf
355050,São Pedro Do Turvo,2025,Res SS 230/2025,2025-12-09,2,ajuste,1351.7,E_RS-SS-230_091225.pdf
355050,São Pedro Do Turvo,2025,Res SS 230/2025,2025-12-09,2025,bonus,135170.0,E_RS-SS-230_091225.pdf
355050,São Pedro Do Turvo,2025,Res SS 230/2025,2025-12-09,3,fixo,45056.67,E_RS-SS-230_091225.pdf
355050,São Pedro Do Turvo,2025,Res SS 230/2025,2025-12-09,3,variavel,45056.67,E_RS-SS-230_091225.pdf
355050,São Pedro Do Turvo,2026,Res SS 111/2026,2026-06-09,1,fixo,45056.67,E_RS-SS-111_090626.pdf
355050,São Pedro Do Turvo,2026,Res SS 111/2026,2026-06-09,1,variavel,45056.67,E_RS-SS-111_090626.pdf
355050,São Pedro Do Turvo,2026,Res SS 185/2026,2026-09-08,2,fixo,45056.67,E_RS-SS-185_080926.pdf
355050,São Pedro Do Turvo,2026,Res SS 185/2026,2026-09-08,2,variavel,30187.97,E_RS-SS-185_080926.pdf
355060,São Roque,2024,Res SS 18/2024,2024-02-08,1,fixo,279228.0,E_R-SS-18_080224.pdf
355060,São Roque,2024,Res SS 140/2024,2024-06-20,2,fixo,279228.0,E_R-SS-140_200624.pdf
355060,São Roque,2024,Res SS 140/2024,2024-06-20,2,variavel,156367.68,E_R-SS-140_200624.pdf
355060,São Roque,2024,Res SS 140/2024,2024-06-20,3,fixo,279228.0,E_R-SS-140_200624.pdf
355060,São Roque,2024,Res SS 140/2024,2024-06-20,3,variavel,156367.68,E_R-SS-140_200624.pdf
355060,São Roque,2025,Res SS 13/2025,2025-01-24,1,fixo,232690.0,E_R-SS-13_240125.pdf
355060,São Roque,2025,Res SS 97/2025,2025-05-30,2,fixo,232690.0,E_R-SS-97_300525.pdf
355060,São Roque,2025,Res SS 180/2025,2025-10-08,1+2,variavel,381611.6,E_RS-SS-180_081025.pdf
355060,São Roque,2025,Res SS 230/2025,2025-12-09,2,ajuste,39557.3,E_RS-SS-230_091225.pdf
355060,São Roque,2025,Res SS 230/2025,2025-12-09,2025,bonus,0.0,E_RS-SS-230_091225.pdf
355060,São Roque,2025,Res SS 230/2025,2025-12-09,3,fixo,232690.0,E_RS-SS-230_091225.pdf
355060,São Roque,2025,Res SS 230/2025,2025-12-09,3,variavel,168700.25,E_RS-SS-230_091225.pdf
355060,São Roque,2026,Res SS 111/2026,2026-06-09,1,fixo,232690.0,E_RS-SS-111_090626.pdf
355060,São Roque,2026,Res SS 111/2026,2026-06-09,1,variavel,178007.85,E_RS-SS-111_090626.pdf
355060,São Roque,2026,Res SS 185/2026,2026-09-08,2,fixo,232690.0,E_RS-SS-185_080926.pdf
355060,São Roque,2026,Res SS 185/2026,2026-09-08,2,variavel,141940.9,E_RS-SS-185_080926.pdf
355070,São Sebastião,2024,Res SS 18/2024,2024-02-08,1,fixo,274911.0,E_R-SS-18_080224.pdf
355070,São Sebastião,2024,Res SS 140/2024,2024-06-20,2,fixo,274911.0,E_R-SS-140_200624.pdf
355070,São Sebastião,2024,Res SS 140/2024,2024-06-20,2,variavel,148177.03,E_R-SS-140_200624.pdf
355070,São Sebastião,2024,Res SS 140/2024,2024-06-20,3,fixo,274911.0,E_R-SS-140_200624.pdf
355070,São Sebastião,2024,Res SS 140/2024,2024-06-20,3,variavel,148177.03,E_R-SS-140_200624.pdf
355070,São Sebastião,2025,Res SS 13/2025,2025-01-24,1,fixo,229092.5,E_R-SS-13_240125.pdf
355070,São Sebastião,2025,Res SS 97/2025,2025-05-30,2,fixo,229092.5,E_R-SS-97_300525.pdf
355070,São Sebastião,2025,Res SS 180/2025,2025-10-08,1+2,variavel,137455.5,E_RS-SS-180_081025.pdf
355070,São Sebastião,2025,Res SS 230/2025,2025-12-09,2,ajuste,0.0,E_RS-SS-230_091225.pdf
355070,São Sebastião,2025,Res SS 230/2025,2025-12-09,2025,bonus,0.0,E_RS-SS-230_091225.pdf
355070,São Sebastião,2025,Res SS 230/2025,2025-12-09,3,fixo,229092.5,E_RS-SS-230_091225.pdf
355070,São Sebastião,2025,Res SS 230/2025,2025-12-09,3,variavel,147764.66,E_RS-SS-230_091225.pdf
355070,São Sebastião,2026,Res SS 111/2026,2026-06-09,1,fixo,229092.5,E_RS-SS-111_090626.pdf
355070,São Sebastião,2026,Res SS 111/2026,2026-06-09,1,variavel,161510.21,E_RS-SS-111_090626.pdf
355070,São Sebastião,2026,Res SS 185/2026,2026-09-08,2,fixo,229092.5,E_RS-SS-185_080926.pdf
355070,São Sebastião,2026,Res SS 185/2026,2026-09-08,2,variavel,176401.23,E_RS-SS-185_080926.pdf
355080,São Sebastião Da Grama,2024,Res SS 18/2024,2024-02-08,1,fixo,72822.0,E_R-SS-18_080224.pdf
355080,São Sebastião Da Grama,2024,Res SS 140/2024,2024-06-20,2,fixo,72822.0,E_R-SS-140_200624.pdf
355080,São Sebastião Da Grama,2024,Res SS 140/2024,2024-06-20,2,variavel,38450.02,E_R-SS-140_200624.pdf
355080,São Sebastião Da Grama,2024,Res SS 140/2024,2024-06-20,3,fixo,72822.0,E_R-SS-140_200624.pdf
355080,São Sebastião Da Grama,2024,Res SS 140/2024,2024-06-20,3,variavel,38450.02,E_R-SS-140_200624.pdf
355080,São Sebastião Da Grama,2025,Res SS 13/2025,2025-01-24,1,fixo,60685.0,E_R-SS-13_240125.pdf
355080,São Sebastião Da Grama,2025,Res SS 97/2025,2025-05-30,2,fixo,60685.0,E_R-SS-97_300525.pdf
355080,São Sebastião Da Grama,2025,Res SS 180/2025,2025-10-08,1+2,variavel,109233.0,E_RS-SS-180_081025.pdf
355080,São Sebastião Da Grama,2025,Res SS 230/2025,2025-12-09,2,ajuste,0.0,E_RS-SS-230_091225.pdf
355080,São Sebastião Da Grama,2025,Res SS 230/2025,2025-12-09,2025,bonus,0.0,E_RS-SS-230_091225.pdf
355080,São Sebastião Da Grama,2025,Res SS 230/2025,2025-12-09,3,fixo,60685.0,E_RS-SS-230_091225.pdf
355080,São Sebastião Da Grama,2025,Res SS 230/2025,2025-12-09,3,variavel,32769.9,E_RS-SS-230_091225.pdf
355080,São Sebastião Da Grama,2026,Res SS 111/2026,2026-06-09,1,fixo,60685.0,E_RS-SS-111_090626.pdf
355080,São Sebastião Da Grama,2026,Res SS 111/2026,2026-06-09,1,variavel,56437.05,E_RS-SS-111_090626.pdf
355080,São Sebastião Da Grama,2026,Res SS 185/2026,2026-09-08,2,fixo,60685.0,E_RS-SS-185_080926.pdf
355080,São Sebastião Da Grama,2026,Res SS 185/2026,2026-09-08,2,variavel,60685.0,E_RS-SS-185_080926.pdf
355090,São Simão,2024,Res SS 18/2024,2024-02-08,1,fixo,46338.0,E_R-SS-18_080224.pdf
355090,São Simão,2024,Res SS 140/2024,2024-06-20,2,fixo,46338.0,E_R-SS-140_200624.pdf
355090,São Simão,2024,Res SS 140/2024,2024-06-20,2,variavel,25825.71,E_R-SS-140_200624.pdf
355090,São Simão,2024,Res SS 140/2024,2024-06-20,3,fixo,46338.0,E_R-SS-140_200624.pdf
355090,São Simão,2024,Res SS 140/2024,2024-06-20,3,variavel,25825.71,E_R-SS-140_200624.pdf
355090,São Simão,2025,Res SS 13/2025,2025-01-24,1,fixo,38615.0,E_R-SS-13_240125.pdf
355090,São Simão,2025,Res SS 97/2025,2025-05-30,2,fixo,38615.0,E_R-SS-97_300525.pdf
355090,São Simão,2025,Res SS 180/2025,2025-10-08,1+2,variavel,44021.1,E_RS-SS-180_081025.pdf
355090,São Simão,2025,Res SS 230/2025,2025-12-09,2,ajuste,6448.7,E_RS-SS-230_091225.pdf
355090,São Simão,2025,Res SS 230/2025,2025-12-09,2025,bonus,0.0,E_RS-SS-230_091225.pdf
355090,São Simão,2025,Res SS 230/2025,2025-12-09,3,fixo,38615.0,E_RS-SS-230_091225.pdf
355090,São Simão,2025,Res SS 230/2025,2025-12-09,3,variavel,35429.26,E_RS-SS-230_091225.pdf
355090,São Simão,2026,Res SS 111/2026,2026-06-09,1,fixo,38615.0,E_RS-SS-111_090626.pdf
355090,São Simão,2026,Res SS 111/2026,2026-06-09,1,variavel,27416.65,E_RS-SS-111_090626.pdf
355090,São Simão,2026,Res SS 185/2026,2026-09-08,2,fixo,38615.0,E_RS-SS-185_080926.pdf
355090,São Simão,2026,Res SS 185/2026,2026-09-08,2,variavel,37456.55,E_RS-SS-185_080926.pdf
355100,São Vicente,2024,Res SS 18/2024,2024-02-08,1,fixo,1112517.0,E_R-SS-18_080224.pdf
355100,São Vicente,2024,Res SS 140/2024,2024-06-20,2,fixo,1112517.0,E_R-SS-140_200624.pdf
355100,São Vicente,2024,Res SS 140/2024,2024-06-20,2,variavel,400506.12,E_R-SS-140_200624.pdf
355100,São Vicente,2024,Res SS 140/2024,2024-06-20,3,fixo,1112517.0,E_R-SS-140_200624.pdf
355100,São Vicente,2024,Res SS 140/2024,2024-06-20,3,variavel,400506.12,E_R-SS-140_200624.pdf
355100,São Vicente,2025,Res SS 13/2025,2025-01-24,1,fixo,927097.5,E_R-SS-13_240125.pdf
355100,São Vicente,2025,Res SS 97/2025,2025-05-30,2,fixo,927097.5,E_R-SS-97_300525.pdf
355100,São Vicente,2025,Res SS 180/2025,2025-10-08,1+2,variavel,556258.5,E_RS-SS-180_081025.pdf
355100,São Vicente,2025,Res SS 230/2025,2025-12-09,2,ajuste,277665.7,E_RS-SS-230_091225.pdf
355100,São Vicente,2025,Res SS 230/2025,2025-12-09,2025,bonus,0.0,E_RS-SS-230_091225.pdf
355100,São Vicente,2025,Res SS 230/2025,2025-12-09,3,fixo,927097.5,E_RS-SS-230_091225.pdf
355100,São Vicente,2025,Res SS 230/2025,2025-12-09,3,variavel,449642.29,E_RS-SS-230_091225.pdf
355100,São Vicente,2026,Res SS 111/2026,2026-06-09,1,fixo,927097.5,E_RS-SS-111_090626.pdf
355100,São Vicente,2026,Res SS 111/2026,2026-06-09,1,variavel,648968.25,E_RS-SS-111_090626.pdf
355100,São Vicente,2026,Res SS 185/2026,2026-09-08,2,fixo,927097.5,E_RS-SS-185_080926.pdf
355100,São Vicente,2026,Res SS 185/2026,2026-09-08,2,variavel,407922.9,E_RS-SS-185_080926.pdf
355110,Sarapuí,2024,Res SS 18/2024,2024-02-08,1,fixo,62958.0,E_R-SS-18_080224.pdf
355110,Sarapuí,2024,Res SS 140/2024,2024-06-20,2,fixo,62958.0,E_R-SS-140_200624.pdf
355110,Sarapuí,2024,Res SS 140/2024,2024-06-20,2,variavel,22161.22,E_R-SS-140_200624.pdf
355110,Sarapuí,2024,Res SS 140/2024,2024-06-20,3,fixo,62958.0,E_R-SS-140_200624.pdf
355110,Sarapuí,2024,Res SS 140/2024,2024-06-20,3,variavel,22161.22,E_R-SS-140_200624.pdf
355110,Sarapuí,2025,Res SS 13/2025,2025-01-24,1,fixo,52465.0,E_R-SS-13_240125.pdf
355110,Sarapuí,2025,Res SS 97/2025,2025-05-30,2,fixo,52465.0,E_R-SS-97_300525.pdf
355110,Sarapuí,2025,Res SS 180/2025,2025-10-08,1+2,variavel,94437.0,E_RS-SS-180_081025.pdf
355110,Sarapuí,2025,Res SS 230/2025,2025-12-09,2,ajuste,0.0,E_RS-SS-230_091225.pdf
355110,Sarapuí,2025,Res SS 230/2025,2025-12-09,2025,bonus,0.0,E_RS-SS-230_091225.pdf
355110,Sarapuí,2025,Res SS 230/2025,2025-12-09,3,fixo,52465.0,E_RS-SS-230_091225.pdf
355110,Sarapuí,2025,Res SS 230/2025,2025-12-09,3,variavel,28331.1,E_RS-SS-230_091225.pdf
355110,Sarapuí,2026,Res SS 111/2026,2026-06-09,1,fixo,52465.0,E_RS-SS-111_090626.pdf
355110,Sarapuí,2026,Res SS 111/2026,2026-06-09,1,variavel,42234.33,E_RS-SS-111_090626.pdf
355110,Sarapuí,2026,Res SS 185/2026,2026-09-08,2,fixo,52465.0,E_RS-SS-185_080926.pdf
355110,Sarapuí,2026,Res SS 185/2026,2026-09-08,2,variavel,38824.1,E_RS-SS-185_080926.pdf
355120,Sarutaiá,2024,Res SS 18/2024,2024-02-08,1,fixo,25361.0,E_R-SS-18_080224.pdf
355120,Sarutaiá,2024,Res SS 140/2024,2024-06-20,2,fixo,25361.0,E_R-SS-140_200624.pdf
355120,Sarutaiá,2024,Res SS 140/2024,2024-06-20,2,variavel,16738.26,E_R-SS-140_200624.pdf
355120,Sarutaiá,2024,Res SS 140/2024,2024-06-20,3,fixo,25361.0,E_R-SS-140_200624.pdf
355120,Sarutaiá,2024,Res SS 140/2024,2024-06-20,3,variavel,16738.26,E_R-SS-140_200624.pdf
355120,Sarutaiá,2025,Res SS 13/2025,2025-01-24,1,fixo,21134.17,E_R-SS-13_240125.pdf
355120,Sarutaiá,2025,Res SS 97/2025,2025-05-30,2,fixo,21134.17,E_R-SS-97_300525.pdf
355120,Sarutaiá,2025,Res SS 180/2025,2025-10-08,1+2,variavel,36773.45,E_RS-SS-180_081025.pdf
355120,Sarutaiá,2025,Res SS 230/2025,2025-12-09,2,ajuste,0.0,E_RS-SS-230_091225.pdf
355120,Sarutaiá,2025,Res SS 230/2025,2025-12-09,2025,bonus,0.0,E_RS-SS-230_091225.pdf
355120,Sarutaiá,2025,Res SS 230/2025,2025-12-09,3,fixo,21134.17,E_RS-SS-230_091225.pdf
355120,Sarutaiá,2025,Res SS 230/2025,2025-12-09,3,variavel,21134.17,E_RS-SS-230_091225.pdf
355120,Sarutaiá,2026,Res SS 111/2026,2026-06-09,1,fixo,21134.17,E_RS-SS-111_090626.pdf
355120,Sarutaiá,2026,Res SS 111/2026,2026-06-09,1,variavel,10355.74,E_RS-SS-111_090626.pdf
355120,Sarutaiá,2026,Res SS 185/2026,2026-09-08,2,fixo,21134.17,E_RS-SS-185_080926.pdf
355120,Sarutaiá,2026,Res SS 185/2026,2026-09-08,2,variavel,10355.74,E_RS-SS-185_080926.pdf
355130,Sebastianópolis Do Sul,2024,Res SS 18/2024,2024-02-08,1,fixo,21570.0,E_R-SS-18_080224.pdf
355130,Sebastianópolis Do Sul,2024,Res SS 140/2024,2024-06-20,2,fixo,21570.0,E_R-SS-140_200624.pdf
355130,Sebastianópolis Do Sul,2024,Res SS 140/2024,2024-06-20,2,variavel,12100.77,E_R-SS-140_200624.pdf
355130,Sebastianópolis Do Sul,2024,Res SS 140/2024,2024-06-20,3,fixo,21570.0,E_R-SS-140_200624.pdf
355130,Sebastianópolis Do Sul,2024,Res SS 140/2024,2024-06-20,3,variavel,12100.77,E_R-SS-140_200624.pdf
355130,Sebastianópolis Do Sul,2025,Res SS 13/2025,2025-01-24,1,fixo,17975.0,E_R-SS-13_240125.pdf
355130,Sebastianópolis Do Sul,2025,Res SS 97/2025,2025-05-30,2,fixo,17975.0,E_R-SS-97_300525.pdf
355130,Sebastianópolis Do Sul,2025,Res SS 180/2025,2025-10-08,1+2,variavel,16537.0,E_RS-SS-180_081025.pdf
355130,Sebastianópolis Do Sul,2025,Res SS 230/2025,2025-12-09,2,ajuste,7351.78,E_RS-SS-230_091225.pdf
355130,Sebastianópolis Do Sul,2025,Res SS 230/2025,2025-12-09,2025,bonus,0.0,E_RS-SS-230_091225.pdf
355130,Sebastianópolis Do Sul,2025,Res SS 230/2025,2025-12-09,3,fixo,17975.0,E_RS-SS-230_091225.pdf
355130,Sebastianópolis Do Sul,2025,Res SS 230/2025,2025-12-09,3,variavel,15099.0,E_RS-SS-230_091225.pdf
355130,Sebastianópolis Do Sul,2026,Res SS 111/2026,2026-06-09,1,fixo,17975.0,E_RS-SS-111_090626.pdf
355130,Sebastianópolis Do Sul,2026,Res SS 111/2026,2026-06-09,1,variavel,17975.0,E_RS-SS-111_090626.pdf
355130,Sebastianópolis Do Sul,2026,Res SS 185/2026,2026-09-08,2,fixo,17975.0,E_RS-SS-185_080926.pdf
355130,Sebastianópolis Do Sul,2026,Res SS 185/2026,2026-09-08,2,variavel,17975.0,E_RS-SS-185_080926.pdf
355140,Serra Azul,2024,Res SS 18/2024,2024-02-08,1,fixo,122336.0,E_R-SS-18_080224.pdf
355140,Serra Azul,2024,Res SS 140/2024,2024-06-20,2,fixo,122336.0,E_R-SS-140_200624.pdf
355140,Serra Azul,2024,Res SS 140/2024,2024-06-20,2,variavel,81557.33,E_R-SS-140_200624.pdf
355140,Serra Azul,2024,Res SS 140/2024,2024-06-20,3,fixo,122336.0,E_R-SS-140_200624.pdf
355140,Serra Azul,2024,Res SS 140/2024,2024-06-20,3,variavel,81557.33,E_R-SS-140_200624.pdf
355140,Serra Azul,2025,Res SS 13/2025,2025-01-24,1,fixo,101946.67,E_R-SS-13_240125.pdf
355140,Serra Azul,2025,Res SS 97/2025,2025-05-30,2,fixo,101946.67,E_R-SS-97_300525.pdf
355140,Serra Azul,2025,Res SS 180/2025,2025-10-08,1+2,variavel,124374.93,E_RS-SS-180_081025.pdf
355140,Serra Azul,2025,Res SS 230/2025,2025-12-09,2,ajuste,24161.36,E_RS-SS-230_091225.pdf
355140,Serra Azul,2025,Res SS 230/2025,2025-12-09,2025,bonus,0.0,E_RS-SS-230_091225.pdf
355140,Serra Azul,2025,Res SS 230/2025,2025-12-09,3,fixo,101946.67,E_RS-SS-230_091225.pdf
355140,Serra Azul,2025,Res SS 230/2025,2025-12-09,3,variavel,94810.4,E_RS-SS-230_091225.pdf
355140,Serra Azul,2026,Res SS 111/2026,2026-06-09,1,fixo,101946.67,E_RS-SS-111_090626.pdf
355140,Serra Azul,2026,Res SS 111/2026,2026-06-09,1,variavel,55051.2,E_RS-SS-111_090626.pdf
355140,Serra Azul,2026,Res SS 185/2026,2026-09-08,2,fixo,101946.67,E_RS-SS-185_080926.pdf
355140,Serra Azul,2026,Res SS 185/2026,2026-09-08,2,variavel,55051.2,E_RS-SS-185_080926.pdf
355150,Serrana,2024,Res SS 18/2024,2024-02-08,1,fixo,276996.0,E_R-SS-18_080224.pdf
355150,Serrana,2024,Res SS 140/2024,2024-06-20,2,fixo,276996.0,E_R-SS-140_200624.pdf
355150,Serrana,2024,Res SS 140/2024,2024-06-20,2,variavel,162504.32,E_R-SS-140_200624.pdf
355150,Serrana,2024,Res SS 140/2024,2024-06-20,3,fixo,276996.0,E_R-SS-140_200624.pdf
355150,Serrana,2024,Res SS 140/2024,2024-06-20,3,variavel,162504.32,E_R-SS-140_200624.pdf
355150,Serrana,2025,Res SS 13/2025,2025-01-24,1,fixo,230830.0,E_R-SS-13_240125.pdf
355150,Serrana,2025,Res SS 97/2025,2025-05-30,2,fixo,230830.0,E_R-SS-97_300525.pdf
355150,Serrana,2025,Res SS 180/2025,2025-10-08,1+2,variavel,461660.0,E_RS-SS-180_081025.pdf
355150,Serrana,2025,Res SS 230/2025,2025-12-09,2,ajuste,0.0,E_RS-SS-230_091225.pdf
355150,Serrana,2025,Res SS 230/2025,2025-12-09,2025,bonus,692490.0,E_RS-SS-230_091225.pdf
355150,Serrana,2025,Res SS 230/2025,2025-12-09,3,fixo,230830.0,E_RS-SS-230_091225.pdf
355150,Serrana,2025,Res SS 230/2025,2025-12-09,3,variavel,230830.0,E_RS-SS-230_091225.pdf
355150,Serrana,2026,Res SS 111/2026,2026-06-09,1,fixo,230830.0,E_RS-SS-111_090626.pdf
355150,Serrana,2026,Res SS 111/2026,2026-06-09,1,variavel,171968.35,E_RS-SS-111_090626.pdf
355150,Serrana,2026,Res SS 185/2026,2026-09-08,2,fixo,230830.0,E_RS-SS-185_080926.pdf
355150,Serrana,2026,Res SS 185/2026,2026-09-08,2,variavel,96948.6,E_RS-SS-185_080926.pdf
355160,Serra Negra,2024,Res SS 18/2024,2024-02-08,1,fixo,148345.0,E_R-SS-18_080224.pdf
355160,Serra Negra,2024,Res SS 140/2024,2024-06-20,2,fixo,148345.0,E_R-SS-140_200624.pdf
355160,Serra Negra,2024,Res SS 140/2024,2024-06-20,2,variavel,65271.8,E_R-SS-140_200624.pdf
355160,Serra Negra,2024,Res SS 140/2024,2024-06-20,3,fixo,148345.0,E_R-SS-140_200624.pdf
355160,Serra Negra,2024,Res SS 140/2024,2024-06-20,3,variavel,65271.8,E_R-SS-140_200624.pdf
355160,Serra Negra,2025,Res SS 13/2025,2025-01-24,1,fixo,123620.83,E_R-SS-13_240125.pdf
355160,Serra Negra,2025,Res SS 97/2025,2025-05-30,2,fixo,123620.83,E_R-SS-97_300525.pdf
355160,Serra Negra,2025,Res SS 180/2025,2025-10-08,1+2,variavel,123620.83,E_RS-SS-180_081025.pdf
355160,Serra Negra,2025,Res SS 230/2025,2025-12-09,2,ajuste,52415.23,E_RS-SS-230_091225.pdf
355160,Serra Negra,2025,Res SS 230/2025,2025-12-09,2025,bonus,0.0,E_RS-SS-230_091225.pdf
355160,Serra Negra,2025,Res SS 230/2025,2025-12-09,3,fixo,123620.83,E_RS-SS-230_091225.pdf
355160,Serra Negra,2025,Res SS 230/2025,2025-12-09,3,variavel,74790.6,E_RS-SS-230_091225.pdf
355160,Serra Negra,2026,Res SS 111/2026,2026-06-09,1,fixo,123620.83,E_RS-SS-111_090626.pdf
355160,Serra Negra,2026,Res SS 111/2026,2026-06-09,1,variavel,123620.83,E_RS-SS-111_090626.pdf
355160,Serra Negra,2026,Res SS 185/2026,2026-09-08,2,fixo,123620.83,E_RS-SS-185_080926.pdf
355160,Serra Negra,2026,Res SS 185/2026,2026-09-08,2,variavel,66755.25,E_RS-SS-185_080926.pdf
355170,Sertãozinho,2024,Res SS 18/2024,2024-02-08,1,fixo,385296.0,E_R-SS-18_080224.pdf
355170,Sertãozinho,2024,Res SS 140/2024,2024-06-20,2,fixo,385296.0,E_R-SS-140_200624.pdf
355170,Sertãozinho,2024,Res SS 140/2024,2024-06-20,2,variavel,70637.6,E_R-SS-140_200624.pdf
355170,Sertãozinho,2024,Res SS 140/2024,2024-06-20,3,fixo,385296.0,E_R-SS-140_200624.pdf
355170,Sertãozinho,2024,Res SS 140/2024,2024-06-20,3,variavel,70637.6,E_R-SS-140_200624.pdf
355170,Sertãozinho,2025,Res SS 13/2025,2025-01-24,1,fixo,321080.0,E_R-SS-13_240125.pdf
355170,Sertãozinho,2025,Res SS 97/2025,2025-05-30,2,fixo,321080.0,E_R-SS-97_300525.pdf
355170,Sertãozinho,2025,Res SS 180/2025,2025-10-08,1+2,variavel,154118.4,E_RS-SS-180_081025.pdf
355170,Sertãozinho,2025,Res SS 230/2025,2025-12-09,2,ajuste,94236.98,E_RS-SS-230_091225.pdf
355170,Sertãozinho,2025,Res SS 230/2025,2025-12-09,2025,bonus,0.0,E_RS-SS-230_091225.pdf
355170,Sertãozinho,2025,Res SS 230/2025,2025-12-09,3,fixo,321080.0,E_RS-SS-230_091225.pdf
355170,Sertãozinho,2025,Res SS 230/2025,2025-12-09,3,variavel,238401.9,E_RS-SS-230_091225.pdf
355170,Sertãozinho,2026,Res SS 111/2026,2026-06-09,1,fixo,321080.0,E_RS-SS-111_090626.pdf
355170,Sertãozinho,2026,Res SS 111/2026,2026-06-09,1,variavel,197464.2,E_RS-SS-111_090626.pdf
355170,Sertãozinho,2026,Res SS 185/2026,2026-09-08,2,fixo,321080.0,E_RS-SS-185_080926.pdf
355170,Sertãozinho,2026,Res SS 185/2026,2026-09-08,2,variavel,134853.6,E_RS-SS-185_080926.pdf
355180,Sete Barras,2024,Res SS 18/2024,2024-02-08,1,fixo,101848.0,E_R-SS-18_080224.pdf
355180,Sete Barras,2024,Res SS 140/2024,2024-06-20,2,fixo,101848.0,E_R-SS-140_200624.pdf
355180,Sete Barras,2024,Res SS 140/2024,2024-06-20,2,variavel,59377.38,E_R-SS-140_200624.pdf
355180,Sete Barras,2024,Res SS 140/2024,2024-06-20,3,fixo,101848.0,E_R-SS-140_200624.pdf
355180,Sete Barras,2024,Res SS 140/2024,2024-06-20,3,variavel,59377.38,E_R-SS-140_200624.pdf
355180,Sete Barras,2025,Res SS 13/2025,2025-01-24,1,fixo,84873.33,E_R-SS-13_240125.pdf
355180,Sete Barras,2025,Res SS 97/2025,2025-05-30,2,fixo,84873.33,E_R-SS-97_300525.pdf
355180,Sete Barras,2025,Res SS 180/2025,2025-10-08,1+2,variavel,84873.33,E_RS-SS-180_081025.pdf
355180,Sete Barras,2025,Res SS 230/2025,2025-12-09,2,ajuste,35986.29,E_RS-SS-230_091225.pdf
355180,Sete Barras,2025,Res SS 230/2025,2025-12-09,2025,bonus,0.0,E_RS-SS-230_091225.pdf
355180,Sete Barras,2025,Res SS 230/2025,2025-12-09,3,fixo,84873.33,E_RS-SS-230_091225.pdf
355180,Sete Barras,2025,Res SS 230/2025,2025-12-09,3,variavel,67898.67,E_RS-SS-230_091225.pdf
355180,Sete Barras,2026,Res SS 111/2026,2026-06-09,1,fixo,84873.33,E_RS-SS-111_090626.pdf
355180,Sete Barras,2026,Res SS 111/2026,2026-06-09,1,variavel,78932.2,E_RS-SS-111_090626.pdf
355180,Sete Barras,2026,Res SS 185/2026,2026-09-08,2,fixo,84873.33,E_RS-SS-185_080926.pdf
355180,Sete Barras,2026,Res SS 185/2026,2026-09-08,2,variavel,76810.37,E_RS-SS-185_080926.pdf
355190,Severínia,2024,Res SS 18/2024,2024-02-08,1,fixo,106920.0,E_R-SS-18_080224.pdf
355190,Severínia,2024,Res SS 140/2024,2024-06-20,2,fixo,106920.0,E_R-SS-140_200624.pdf
355190,Severínia,2024,Res SS 140/2024,2024-06-20,2,variavel,66450.78,E_R-SS-140_200624.pdf
355190,Severínia,2024,Res SS 140/2024,2024-06-20,3,fixo,106920.0,E_R-SS-140_200624.pdf
355190,Severínia,2024,Res SS 140/2024,2024-06-20,3,variavel,66450.78,E_R-SS-140_200624.pdf
355190,Severínia,2025,Res SS 13/2025,2025-01-24,1,fixo,89100.0,E_R-SS-13_240125.pdf
355190,Severínia,2025,Res SS 97/2025,2025-05-30,2,fixo,89100.0,E_R-SS-97_300525.pdf
355190,Severínia,2025,Res SS 180/2025,2025-10-08,1+2,variavel,101574.0,E_RS-SS-180_081025.pdf
355190,Severínia,2025,Res SS 230/2025,2025-12-09,2,ajuste,27621.0,E_RS-SS-230_091225.pdf
355190,Severínia,2025,Res SS 230/2025,2025-12-09,2025,bonus,0.0,E_RS-SS-230_091225.pdf
355190,Severínia,2025,Res SS 230/2025,2025-12-09,3,fixo,89100.0,E_RS-SS-230_091225.pdf
355190,Severínia,2025,Res SS 230/2025,2025-12-09,3,variavel,50341.5,E_RS-SS-230_091225.pdf
355190,Severínia,2026,Res SS 111/2026,2026-06-09,1,fixo,89100.0,E_RS-SS-111_090626.pdf
355190,Severínia,2026,Res SS 111/2026,2026-06-09,1,variavel,87318.0,E_RS-SS-111_090626.pdf
355190,Severínia,2026,Res SS 185/2026,2026-09-08,2,fixo,89100.0,E_RS-SS-185_080926.pdf
355190,Severínia,2026,Res SS 185/2026,2026-09-08,2,variavel,87986.25,E_RS-SS-185_080926.pdf
355200,Silveiras,2024,Res SS 18/2024,2024-02-08,1,fixo,51000.0,E_R-SS-18_080224.pdf
355200,Silveiras,2024,Res SS 140/2024,2024-06-20,2,fixo,51000.0,E_R-SS-140_200624.pdf
355200,Silveiras,2024,Res SS 140/2024,2024-06-20,2,variavel,23375.0,E_R-SS-140_200624.pdf
355200,Silveiras,2024,Res SS 140/2024,2024-06-20,3,fixo,51000.0,E_R-SS-140_200624.pdf
355200,Silveiras,2024,Res SS 140/2024,2024-06-20,3,variavel,23375.0,E_R-SS-140_200624.pdf
355200,Silveiras,2025,Res SS 13/2025,2025-01-24,1,fixo,42500.0,E_R-SS-13_240125.pdf
355200,Silveiras,2025,Res SS 97/2025,2025-05-30,2,fixo,42500.0,E_R-SS-97_300525.pdf
355200,Silveiras,2025,Res SS 180/2025,2025-10-08,1+2,variavel,30600.0,E_RS-SS-180_081025.pdf
355200,Silveiras,2025,Res SS 230/2025,2025-12-09,2,ajuste,16490.0,E_RS-SS-230_091225.pdf
355200,Silveiras,2025,Res SS 230/2025,2025-12-09,2025,bonus,0.0,E_RS-SS-230_091225.pdf
355200,Silveiras,2025,Res SS 230/2025,2025-12-09,3,fixo,42500.0,E_RS-SS-230_091225.pdf
355200,Silveiras,2025,Res SS 230/2025,2025-12-09,3,variavel,36125.0,E_RS-SS-230_091225.pdf
355200,Silveiras,2026,Res SS 111/2026,2026-06-09,1,fixo,42500.0,E_RS-SS-111_090626.pdf
355200,Silveiras,2026,Res SS 111/2026,2026-06-09,1,variavel,42500.0,E_RS-SS-111_090626.pdf
355200,Silveiras,2026,Res SS 185/2026,2026-09-08,2,fixo,42500.0,E_RS-SS-185_080926.pdf
355200,Silveiras,2026,Res SS 185/2026,2026-09-08,2,variavel,42500.0,E_RS-SS-185_080926.pdf
355210,Socorro,2024,Res SS 18/2024,2024-02-08,1,fixo,250140.0,E_R-SS-18_080224.pdf
355210,Socorro,2024,Res SS 140/2024,2024-06-20,2,fixo,250140.0,E_R-SS-140_200624.pdf
355210,Socorro,2024,Res SS 140/2024,2024-06-20,2,variavel,155462.01,E_R-SS-140_200624.pdf
355210,Socorro,2024,Res SS 140/2024,2024-06-20,3,fixo,250140.0,E_R-SS-140_200624.pdf
355210,Socorro,2024,Res SS 140/2024,2024-06-20,3,variavel,155462.01,E_R-SS-140_200624.pdf
355210,Socorro,2025,Res SS 13/2025,2025-01-24,1,fixo,208450.0,E_R-SS-13_240125.pdf
355210,Socorro,2025,Res SS 97/2025,2025-05-30,2,fixo,208450.0,E_R-SS-97_300525.pdf
355210,Socorro,2025,Res SS 180/2025,2025-10-08,1+2,variavel,204281.0,E_RS-SS-180_081025.pdf
355210,Socorro,2025,Res SS 230/2025,2025-12-09,2,ajuste,81295.5,E_RS-SS-230_091225.pdf
355210,Socorro,2025,Res SS 230/2025,2025-12-09,2025,bonus,0.0,E_RS-SS-230_091225.pdf
355210,Socorro,2025,Res SS 230/2025,2025-12-09,3,fixo,208450.0,E_RS-SS-230_091225.pdf
355210,Socorro,2025,Res SS 230/2025,2025-12-09,3,variavel,199069.75,E_RS-SS-230_091225.pdf
355210,Socorro,2026,Res SS 111/2026,2026-06-09,1,fixo,208450.0,E_RS-SS-111_090626.pdf
355210,Socorro,2026,Res SS 111/2026,2026-06-09,1,variavel,203238.75,E_RS-SS-111_090626.pdf
355210,Socorro,2026,Res SS 185/2026,2026-09-08,2,fixo,208450.0,E_RS-SS-185_080926.pdf
355210,Socorro,2026,Res SS 185/2026,2026-09-08,2,variavel,135492.5,E_RS-SS-185_080926.pdf
355220,Sorocaba,2024,Res SS 18/2024,2024-02-08,1,fixo,2085984.0,E_R-SS-18_080224.pdf
355220,Sorocaba,2024,Res SS 140/2024,2024-06-20,2,fixo,2085984.0,E_R-SS-140_200624.pdf
355220,Sorocaba,2024,Res SS 140/2024,2024-06-20,2,variavel,890019.84,E_R-SS-140_200624.pdf
355220,Sorocaba,2024,Res SS 140/2024,2024-06-20,3,fixo,2085984.0,E_R-SS-140_200624.pdf
355220,Sorocaba,2024,Res SS 140/2024,2024-06-20,3,variavel,890019.84,E_R-SS-140_200624.pdf
355220,Sorocaba,2025,Res SS 13/2025,2025-01-24,1,fixo,1738320.0,E_R-SS-13_240125.pdf
355220,Sorocaba,2025,Res SS 97/2025,2025-05-30,2,fixo,1738320.0,E_R-SS-97_300525.pdf
355220,Sorocaba,2025,Res SS 180/2025,2025-10-08,1+2,variavel,1042992.0,E_RS-SS-180_081025.pdf
355220,Sorocaba,2025,Res SS 230/2025,2025-12-09,2,ajuste,599720.4,E_RS-SS-230_091225.pdf
355220,Sorocaba,2025,Res SS 230/2025,2025-12-09,2025,bonus,0.0,E_RS-SS-230_091225.pdf
355220,Sorocaba,2025,Res SS 230/2025,2025-12-09,3,fixo,1738320.0,E_RS-SS-230_091225.pdf
355220,Sorocaba,2025,Res SS 230/2025,2025-12-09,3,variavel,1373272.8,E_RS-SS-230_091225.pdf
355220,Sorocaba,2026,Res SS 111/2026,2026-06-09,1,fixo,1738320.0,E_RS-SS-111_090626.pdf
355220,Sorocaba,2026,Res SS 111/2026,2026-06-09,1,variavel,1564488.0,E_RS-SS-111_090626.pdf
355220,Sorocaba,2026,Res SS 185/2026,2026-09-08,2,fixo,1738320.0,E_RS-SS-185_080926.pdf
355220,Sorocaba,2026,Res SS 185/2026,2026-09-08,2,variavel,1381964.4,E_RS-SS-185_080926.pdf
355230,Sud Mennucci,2024,Res SS 18/2024,2024-02-08,1,fixo,46428.0,E_R-SS-18_080224.pdf
355230,Sud Mennucci,2024,Res SS 140/2024,2024-06-20,2,fixo,46428.0,E_R-SS-140_200624.pdf
355230,Sud Mennucci,2024,Res SS 140/2024,2024-06-20,2,variavel,25280.05,E_R-SS-140_200624.pdf
355230,Sud Mennucci,2024,Res SS 140/2024,2024-06-20,3,fixo,46428.0,E_R-SS-140_200624.pdf
355230,Sud Mennucci,2024,Res SS 140/2024,2024-06-20,3,variavel,25280.05,E_R-SS-140_200624.pdf
355230,Sud Mennucci,2025,Res SS 13/2025,2025-01-24,1,fixo,38690.0,E_R-SS-13_240125.pdf
355230,Sud Mennucci,2025,Res SS 97/2025,2025-05-30,2,fixo,38690.0,E_R-SS-97_300525.pdf
355230,Sud Mennucci,2025,Res SS 180/2025,2025-10-08,1+2,variavel,35594.8,E_RS-SS-180_081025.pdf
355230,Sud Mennucci,2025,Res SS 230/2025,2025-12-09,2,ajuste,17952.16,E_RS-SS-230_091225.pdf
355230,Sud Mennucci,2025,Res SS 230/2025,2025-12-09,2025,bonus,0.0,E_RS-SS-230_091225.pdf
355230,Sud Mennucci,2025,Res SS 230/2025,2025-12-09,3,fixo,38690.0,E_RS-SS-230_091225.pdf
355230,Sud Mennucci,2025,Res SS 230/2025,2025-12-09,3,variavel,28437.15,E_RS-SS-230_091225.pdf
355230,Sud Mennucci,2026,Res SS 111/2026,2026-06-09,1,fixo,38690.0,E_RS-SS-111_090626.pdf
355230,Sud Mennucci,2026,Res SS 111/2026,2026-06-09,1,variavel,16249.8,E_RS-SS-111_090626.pdf
355230,Sud Mennucci,2026,Res SS 185/2026,2026-09-08,2,fixo,38690.0,E_RS-SS-185_080926.pdf
355230,Sud Mennucci,2026,Res SS 185/2026,2026-09-08,2,variavel,16249.8,E_RS-SS-185_080926.pdf
355240,Sumaré,2024,Res SS 18/2024,2024-02-08,1,fixo,869625.0,E_R-SS-18_080224.pdf
355240,Sumaré,2024,Res SS 140/2024,2024-06-20,2,fixo,869625.0,E_R-SS-140_200624.pdf
355240,Sumaré,2024,Res SS 140/2024,2024-06-20,2,variavel,468727.88,E_R-SS-140_200624.pdf
355240,Sumaré,2024,Res SS 140/2024,2024-06-20,3,fixo,869625.0,E_R-SS-140_200624.pdf
355240,Sumaré,2024,Res SS 140/2024,2024-06-20,3,variavel,468727.88,E_R-SS-140_200624.pdf
355240,Sumaré,2025,Res SS 13/2025,2025-01-24,1,fixo,724687.5,E_R-SS-13_240125.pdf
355240,Sumaré,2025,Res SS 97/2025,2025-05-30,2,fixo,724687.5,E_R-SS-97_300525.pdf
355240,Sumaré,2025,Res SS 180/2025,2025-10-08,1+2,variavel,463800.0,E_RS-SS-180_081025.pdf
355240,Sumaré,2025,Res SS 230/2025,2025-12-09,2,ajuste,389881.88,E_RS-SS-230_091225.pdf
355240,Sumaré,2025,Res SS 230/2025,2025-12-09,2025,bonus,0.0,E_RS-SS-230_091225.pdf
355240,Sumaré,2025,Res SS 230/2025,2025-12-09,3,fixo,724687.5,E_RS-SS-230_091225.pdf
355240,Sumaré,2025,Res SS 230/2025,2025-12-09,3,variavel,492787.5,E_RS-SS-230_091225.pdf
355240,Sumaré,2026,Res SS 111/2026,2026-06-09,1,fixo,724687.5,E_RS-SS-111_090626.pdf
355240,Sumaré,2026,Res SS 111/2026,2026-06-09,1,variavel,474670.31,E_RS-SS-111_090626.pdf
355240,Sumaré,2026,Res SS 185/2026,2026-09-08,2,fixo,724687.5,E_RS-SS-185_080926.pdf
355240,Sumaré,2026,Res SS 185/2026,2026-09-08,2,variavel,380460.94,E_RS-SS-185_080926.pdf
355250,Suzano,2024,Res SS 18/2024,2024-02-08,1,fixo,910191.0,E_R-SS-18_080224.pdf
355250,Suzano,2024,Res SS 140/2024,2024-06-20,2,fixo,910191.0,E_R-SS-140_200624.pdf
355250,Suzano,2024,Res SS 140/2024,2024-06-20,2,variavel,521842.84,E_R-SS-140_200624.pdf
355250,Suzano,2024,Res SS 140/2024,2024-06-20,3,fixo,910191.0,E_R-SS-140_200624.pdf
355250,Suzano,2024,Res SS 140/2024,2024-06-20,3,variavel,521842.84,E_R-SS-140_200624.pdf
355250,Suzano,2025,Res SS 13/2025,2025-01-24,1,fixo,758492.5,E_R-SS-13_240125.pdf
355250,Suzano,2025,Res SS 97/2025,2025-05-30,2,fixo,758492.5,E_R-SS-97_300525.pdf
355250,Suzano,2025,Res SS 180/2025,2025-10-08,1+2,variavel,455095.5,E_RS-SS-180_081025.pdf
355250,Suzano,2025,Res SS 230/2025,2025-12-09,2,ajuste,182038.2,E_RS-SS-230_091225.pdf
355250,Suzano,2025,Res SS 230/2025,2025-12-09,2025,bonus,0.0,E_RS-SS-230_091225.pdf
355250,Suzano,2025,Res SS 230/2025,2025-12-09,3,fixo,758492.5,E_RS-SS-230_091225.pdf
355250,Suzano,2025,Res SS 230/2025,2025-12-09,3,variavel,417170.88,E_RS-SS-230_091225.pdf
355250,Suzano,2026,Res SS 111/2026,2026-06-09,1,fixo,758492.5,E_RS-SS-111_090626.pdf
355250,Suzano,2026,Res SS 111/2026,2026-06-09,1,variavel,439925.65,E_RS-SS-111_090626.pdf
355250,Suzano,2026,Res SS 185/2026,2026-09-08,2,fixo,758492.5,E_RS-SS-185_080926.pdf
355250,Suzano,2026,Res SS 185/2026,2026-09-08,2,variavel,242717.6,E_RS-SS-185_080926.pdf
355255,Suzanápolis,2024,Res SS 18/2024,2024-02-08,1,fixo,20315.0,E_R-SS-18_080224.pdf
355255,Suzanápolis,2024,Res SS 140/2024,2024-06-20,2,fixo,20315.0,E_R-SS-140_200624.pdf
355255,Suzanápolis,2024,Res SS 140/2024,2024-06-20,2,variavel,12216.09,E_R-SS-140_200624.pdf
355255,Suzanápolis,2024,Res SS 140/2024,2024-06-20,3,fixo,20315.0,E_R-SS-140_200624.pdf
355255,Suzanápolis,2024,Res SS 140/2024,2024-06-20,3,variavel,12216.09,E_R-SS-140_200624.pdf
355255,Suzanápolis,2025,Res SS 13/2025,2025-01-24,1,fixo,16929.17,E_R-SS-13_240125.pdf
355255,Suzanápolis,2025,Res SS 97/2025,2025-05-30,2,fixo,16929.17,E_R-SS-97_300525.pdf
355255,Suzanápolis,2025,Res SS 180/2025,2025-10-08,1+2,variavel,15574.83,E_RS-SS-180_081025.pdf
355255,Suzanápolis,2025,Res SS 230/2025,2025-12-09,2,ajuste,2547.84,E_RS-SS-230_091225.pdf
355255,Suzanápolis,2025,Res SS 230/2025,2025-12-09,2025,bonus,0.0,E_RS-SS-230_091225.pdf
355255,Suzanápolis,2025,Res SS 230/2025,2025-12-09,3,fixo,16929.17,E_RS-SS-230_091225.pdf
355255,Suzanápolis,2025,Res SS 230/2025,2025-12-09,3,variavel,13120.1,E_RS-SS-230_091225.pdf
355255,Suzanápolis,2026,Res SS 111/2026,2026-06-09,1,fixo,16929.17,E_RS-SS-111_090626.pdf
355255,Suzanápolis,2026,Res SS 111/2026,2026-06-09,1,variavel,7787.42,E_RS-SS-111_090626.pdf
355255,Suzanápolis,2026,Res SS 185/2026,2026-09-08,2,fixo,16929.17,E_RS-SS-185_080926.pdf
355255,Suzanápolis,2026,Res SS 185/2026,2026-09-08,2,variavel,13966.56,E_RS-SS-185_080926.pdf
355260,Tabapuã,2024,Res SS 18/2024,2024-02-08,1,fixo,87927.0,E_R-SS-18_080224.pdf
355260,Tabapuã,2024,Res SS 140/2024,2024-06-20,2,fixo,87927.0,E_R-SS-140_200624.pdf
355260,Tabapuã,2024,Res SS 140/2024,2024-06-20,2,variavel,52551.04,E_R-SS-140_200624.pdf
355260,Tabapuã,2024,Res SS 140/2024,2024-06-20,3,fixo,87927.0,E_R-SS-140_200624.pdf
355260,Tabapuã,2024,Res SS 140/2024,2024-06-20,3,variavel,52551.04,E_R-SS-140_200624.pdf
355260,Tabapuã,2025,Res SS 13/2025,2025-01-24,1,fixo,73272.5,E_R-SS-13_240125.pdf
355260,Tabapuã,2025,Res SS 97/2025,2025-05-30,2,fixo,73272.5,E_R-SS-97_300525.pdf
355260,Tabapuã,2025,Res SS 180/2025,2025-10-08,1+2,variavel,73272.5,E_RS-SS-180_081025.pdf
355260,Tabapuã,2025,Res SS 230/2025,2025-12-09,2,ajuste,3260.63,E_RS-SS-230_091225.pdf
355260,Tabapuã,2025,Res SS 230/2025,2025-12-09,2025,bonus,0.0,E_RS-SS-230_091225.pdf
355260,Tabapuã,2025,Res SS 230/2025,2025-12-09,3,fixo,73272.5,E_RS-SS-230_091225.pdf
355260,Tabapuã,2025,Res SS 230/2025,2025-12-09,3,variavel,68143.43,E_RS-SS-230_091225.pdf
355260,Tabapuã,2026,Res SS 111/2026,2026-06-09,1,fixo,73272.5,E_RS-SS-111_090626.pdf
355260,Tabapuã,2026,Res SS 111/2026,2026-06-09,1,variavel,67044.34,E_RS-SS-111_090626.pdf
355260,Tabapuã,2026,Res SS 185/2026,2026-09-08,2,fixo,73272.5,E_RS-SS-185_080926.pdf
355260,Tabapuã,2026,Res SS 185/2026,2026-09-08,2,variavel,71807.05,E_RS-SS-185_080926.pdf
355270,Tabatinga,2024,Res SS 18/2024,2024-02-08,1,fixo,100722.0,E_R-SS-18_080224.pdf
355270,Tabatinga,2024,Res SS 140/2024,2024-06-20,2,fixo,100722.0,E_R-SS-140_200624.pdf
355270,Tabatinga,2024,Res SS 140/2024,2024-06-20,2,variavel,59090.24,E_R-SS-140_200624.pdf
355270,Tabatinga,2024,Res SS 140/2024,2024-06-20,3,fixo,100722.0,E_R-SS-140_200624.pdf
355270,Tabatinga,2024,Res SS 140/2024,2024-06-20,3,variavel,59090.24,E_R-SS-140_200624.pdf
355270,Tabatinga,2025,Res SS 13/2025,2025-01-24,1,fixo,83935.0,E_R-SS-13_240125.pdf
355270,Tabatinga,2025,Res SS 97/2025,2025-05-30,2,fixo,83935.0,E_R-SS-97_300525.pdf
355270,Tabatinga,2025,Res SS 180/2025,2025-10-08,1+2,variavel,100722.0,E_RS-SS-180_081025.pdf
355270,Tabatinga,2025,Res SS 230/2025,2025-12-09,2,ajuste,14730.59,E_RS-SS-230_091225.pdf
355270,Tabatinga,2025,Res SS 230/2025,2025-12-09,2025,bonus,0.0,E_RS-SS-230_091225.pdf
355270,Tabatinga,2025,Res SS 230/2025,2025-12-09,3,fixo,83935.0,E_RS-SS-230_091225.pdf
355270,Tabatinga,2025,Res SS 230/2025,2025-12-09,3,variavel,52879.05,E_RS-SS-230_091225.pdf
355270,Tabatinga,2026,Res SS 111/2026,2026-06-09,1,fixo,83935.0,E_RS-SS-111_090626.pdf
355270,Tabatinga,2026,Res SS 111/2026,2026-06-09,1,variavel,69246.38,E_RS-SS-111_090626.pdf
355270,Tabatinga,2026,Res SS 185/2026,2026-09-08,2,fixo,83935.0,E_RS-SS-185_080926.pdf
355270,Tabatinga,2026,Res SS 185/2026,2026-09-08,2,variavel,41967.5,E_RS-SS-185_080926.pdf
355280,Taboão Da Serra,2024,Res SS 18/2024,2024-02-08,1,fixo,892584.0,E_R-SS-18_080224.pdf
355280,Taboão Da Serra,2024,Res SS 140/2024,2024-06-20,2,fixo,892584.0,E_R-SS-140_200624.pdf
355280,Taboão Da Serra,2024,Res SS 140/2024,2024-06-20,2,variavel,510558.05,E_R-SS-140_200624.pdf
355280,Taboão Da Serra,2024,Res SS 140/2024,2024-06-20,3,fixo,892584.0,E_R-SS-140_200624.pdf
355280,Taboão Da Serra,2024,Res SS 140/2024,2024-06-20,3,variavel,510558.05,E_R-SS-140_200624.pdf
355280,Taboão Da Serra,2025,Res SS 13/2025,2025-01-24,1,fixo,743820.0,E_R-SS-13_240125.pdf
355280,Taboão Da Serra,2025,Res SS 97/2025,2025-05-30,2,fixo,743820.0,E_R-SS-97_300525.pdf
355280,Taboão Da Serra,2025,Res SS 180/2025,2025-10-08,1+2,variavel,1264494.0,E_RS-SS-180_081025.pdf
355280,Taboão Da Serra,2025,Res SS 230/2025,2025-12-09,2,ajuste,0.0,E_RS-SS-230_091225.pdf
355280,Taboão Da Serra,2025,Res SS 230/2025,2025-12-09,2025,bonus,0.0,E_RS-SS-230_091225.pdf
355280,Taboão Da Serra,2025,Res SS 230/2025,2025-12-09,3,fixo,743820.0,E_RS-SS-230_091225.pdf
355280,Taboão Da Serra,2025,Res SS 230/2025,2025-12-09,3,variavel,730803.15,E_RS-SS-230_091225.pdf
355280,Taboão Da Serra,2026,Res SS 111/2026,2026-06-09,1,fixo,743820.0,E_RS-SS-111_090626.pdf
355280,Taboão Da Serra,2026,Res SS 111/2026,2026-06-09,1,variavel,442572.9,E_RS-SS-111_090626.pdf
355280,Taboão Da Serra,2026,Res SS 185/2026,2026-09-08,2,fixo,743820.0,E_RS-SS-185_080926.pdf
355280,Taboão Da Serra,2026,Res SS 185/2026,2026-09-08,2,variavel,297528.0,E_RS-SS-185_080926.pdf
355290,Taciba,2024,Res SS 18/2024,2024-02-08,1,fixo,44597.0,E_R-SS-18_080224.pdf
355290,Taciba,2024,Res SS 140/2024,2024-06-20,2,fixo,44597.0,E_R-SS-140_200624.pdf
355290,Taciba,2024,Res SS 140/2024,2024-06-20,2,variavel,24528.35,E_R-SS-140_200624.pdf
355290,Taciba,2024,Res SS 140/2024,2024-06-20,3,fixo,44597.0,E_R-SS-140_200624.pdf
355290,Taciba,2024,Res SS 140/2024,2024-06-20,3,variavel,24528.35,E_R-SS-140_200624.pdf
355290,Taciba,2025,Res SS 13/2025,2025-01-24,1,fixo,37164.17,E_R-SS-13_240125.pdf
355290,Taciba,2025,Res SS 97/2025,2025-05-30,2,fixo,37164.17,E_R-SS-97_300525.pdf
355290,Taciba,2025,Res SS 180/2025,2025-10-08,1+2,variavel,66152.22,E_RS-SS-180_081025.pdf
355290,Taciba,2025,Res SS 230/2025,2025-12-09,2,ajuste,4088.06,E_RS-SS-230_091225.pdf
355290,Taciba,2025,Res SS 230/2025,2025-12-09,2025,bonus,0.0,E_RS-SS-230_091225.pdf
355290,Taciba,2025,Res SS 230/2025,2025-12-09,3,fixo,37164.17,E_RS-SS-230_091225.pdf
355290,Taciba,2025,Res SS 230/2025,2025-12-09,3,variavel,23413.43,E_RS-SS-230_091225.pdf
355290,Taciba,2026,Res SS 111/2026,2026-06-09,1,fixo,37164.17,E_RS-SS-111_090626.pdf
355290,Taciba,2026,Res SS 111/2026,2026-06-09,1,variavel,35491.78,E_RS-SS-111_090626.pdf
355290,Taciba,2026,Res SS 185/2026,2026-09-08,2,fixo,37164.17,E_RS-SS-185_080926.pdf
355290,Taciba,2026,Res SS 185/2026,2026-09-08,2,variavel,33076.11,E_RS-SS-185_080926.pdf
355300,Taguaí,2024,Res SS 18/2024,2024-02-08,1,fixo,100905.0,E_R-SS-18_080224.pdf
355300,Taguaí,2024,Res SS 140/2024,2024-06-20,2,fixo,100905.0,E_R-SS-140_200624.pdf
355300,Taguaí,2024,Res SS 140/2024,2024-06-20,2,variavel,58457.63,E_R-SS-140_200624.pdf
355300,Taguaí,2024,Res SS 140/2024,2024-06-20,3,fixo,100905.0,E_R-SS-140_200624.pdf
355300,Taguaí,2024,Res SS 140/2024,2024-06-20,3,variavel,58457.63,E_R-SS-140_200624.pdf
355300,Taguaí,2025,Res SS 13/2025,2025-01-24,1,fixo,84087.5,E_R-SS-13_240125.pdf
355300,Taguaí,2025,Res SS 97/2025,2025-05-30,2,fixo,84087.5,E_R-SS-97_300525.pdf
355300,Taguaí,2025,Res SS 180/2025,2025-10-08,1+2,variavel,109313.75,E_RS-SS-180_081025.pdf
355300,Taguaí,2025,Res SS 230/2025,2025-12-09,2,ajuste,26277.34,E_RS-SS-230_091225.pdf
355300,Taguaí,2025,Res SS 230/2025,2025-12-09,2025,bonus,0.0,E_RS-SS-230_091225.pdf
355300,Taguaí,2025,Res SS 230/2025,2025-12-09,3,fixo,84087.5,E_RS-SS-230_091225.pdf
355300,Taguaí,2025,Res SS 230/2025,2025-12-09,3,variavel,72735.69,E_RS-SS-230_091225.pdf
355300,Taguaí,2026,Res SS 111/2026,2026-06-09,1,fixo,84087.5,E_RS-SS-111_090626.pdf
355300,Taguaí,2026,Res SS 111/2026,2026-06-09,1,variavel,84087.5,E_RS-SS-111_090626.pdf
355300,Taguaí,2026,Res SS 185/2026,2026-09-08,2,fixo,84087.5,E_RS-SS-185_080926.pdf
355300,Taguaí,2026,Res SS 185/2026,2026-09-08,2,variavel,45407.25,E_RS-SS-185_080926.pdf
355310,Taiaçu,2024,Res SS 18/2024,2024-02-08,1,fixo,50768.0,E_R-SS-18_080224.pdf
355310,Taiaçu,2024,Res SS 140/2024,2024-06-20,2,fixo,50768.0,E_R-SS-140_200624.pdf
355310,Taiaçu,2024,Res SS 140/2024,2024-06-20,2,variavel,29411.59,E_R-SS-140_200624.pdf
355310,Taiaçu,2024,Res SS 140/2024,2024-06-20,3,fixo,50768.0,E_R-SS-140_200624.pdf
355310,Taiaçu,2024,Res SS 140/2024,2024-06-20,3,variavel,29411.59,E_R-SS-140_200624.pdf
355310,Taiaçu,2025,Res SS 13/2025,2025-01-24,1,fixo,42306.67,E_R-SS-13_240125.pdf
355310,Taiaçu,2025,Res SS 97/2025,2025-05-30,2,fixo,42306.67,E_R-SS-97_300525.pdf
355310,Taiaçu,2025,Res SS 180/2025,2025-10-08,1+2,variavel,57537.07,E_RS-SS-180_081025.pdf
355310,Taiaçu,2025,Res SS 230/2025,2025-12-09,2,ajuste,11020.89,E_RS-SS-230_091225.pdf
355310,Taiaçu,2025,Res SS 230/2025,2025-12-09,2025,bonus,0.0,E_RS-SS-230_091225.pdf
355310,Taiaçu,2025,Res SS 230/2025,2025-12-09,3,fixo,42306.67,E_RS-SS-230_091225.pdf
355310,Taiaçu,2025,Res SS 230/2025,2025-12-09,3,variavel,39345.2,E_RS-SS-230_091225.pdf
355310,Taiaçu,2026,Res SS 111/2026,2026-06-09,1,fixo,42306.67,E_RS-SS-111_090626.pdf
355310,Taiaçu,2026,Res SS 111/2026,2026-06-09,1,variavel,42306.67,E_RS-SS-111_090626.pdf
355310,Taiaçu,2026,Res SS 185/2026,2026-09-08,2,fixo,42306.67,E_RS-SS-185_080926.pdf
355310,Taiaçu,2026,Res SS 185/2026,2026-09-08,2,variavel,42306.67,E_RS-SS-185_080926.pdf
355320,Taiúva,2024,Res SS 18/2024,2024-02-08,1,fixo,33372.0,E_R-SS-18_080224.pdf
355320,Taiúva,2024,Res SS 140/2024,2024-06-20,2,fixo,33372.0,E_R-SS-140_200624.pdf
355320,Taiúva,2024,Res SS 140/2024,2024-06-20,2,variavel,22025.52,E_R-SS-140_200624.pdf
355320,Taiúva,2024,Res SS 140/2024,2024-06-20,3,fixo,33372.0,E_R-SS-140_200624.pdf
355320,Taiúva,2024,Res SS 140/2024,2024-06-20,3,variavel,22025.52,E_R-SS-140_200624.pdf
355320,Taiúva,2025,Res SS 13/2025,2025-01-24,1,fixo,27810.0,E_R-SS-13_240125.pdf
355320,Taiúva,2025,Res SS 97/2025,2025-05-30,2,fixo,27810.0,E_R-SS-97_300525.pdf
355320,Taiúva,2025,Res SS 180/2025,2025-10-08,1+2,variavel,35040.6,E_RS-SS-180_081025.pdf
355320,Taiúva,2025,Res SS 230/2025,2025-12-09,2,ajuste,9399.78,E_RS-SS-230_091225.pdf
355320,Taiúva,2025,Res SS 230/2025,2025-12-09,2025,bonus,0.0,E_RS-SS-230_091225.pdf
355320,Taiúva,2025,Res SS 230/2025,2025-12-09,3,fixo,27810.0,E_RS-SS-230_091225.pdf
355320,Taiúva,2025,Res SS 230/2025,2025-12-09,3,variavel,20440.35,E_RS-SS-230_091225.pdf
355320,Taiúva,2026,Res SS 111/2026,2026-06-09,1,fixo,27810.0,E_RS-SS-111_090626.pdf
355320,Taiúva,2026,Res SS 111/2026,2026-06-09,1,variavel,27810.0,E_RS-SS-111_090626.pdf
355320,Taiúva,2026,Res SS 185/2026,2026-09-08,2,fixo,27810.0,E_RS-SS-185_080926.pdf
355320,Taiúva,2026,Res SS 185/2026,2026-09-08,2,variavel,27810.0,E_RS-SS-185_080926.pdf
355330,Tambaú,2024,Res SS 18/2024,2024-02-08,1,fixo,139530.0,E_R-SS-18_080224.pdf
355330,Tambaú,2024,Res SS 140/2024,2024-06-20,2,fixo,139530.0,E_R-SS-140_200624.pdf
355330,Tambaú,2024,Res SS 140/2024,2024-06-20,2,variavel,77253.11,E_R-SS-140_200624.pdf
355330,Tambaú,2024,Res SS 140/2024,2024-06-20,3,fixo,139530.0,E_R-SS-140_200624.pdf
355330,Tambaú,2024,Res SS 140/2024,2024-06-20,3,variavel,77253.11,E_R-SS-140_200624.pdf
355330,Tambaú,2025,Res SS 13/2025,2025-01-24,1,fixo,116275.0,E_R-SS-13_240125.pdf
355330,Tambaú,2025,Res SS 97/2025,2025-05-30,2,fixo,116275.0,E_R-SS-97_300525.pdf
355330,Tambaú,2025,Res SS 180/2025,2025-10-08,1+2,variavel,232550.0,E_RS-SS-180_081025.pdf
355330,Tambaú,2025,Res SS 230/2025,2025-12-09,2,ajuste,0.0,E_RS-SS-230_091225.pdf
355330,Tambaú,2025,Res SS 230/2025,2025-12-09,2025,bonus,0.0,E_RS-SS-230_091225.pdf
355330,Tambaú,2025,Res SS 230/2025,2025-12-09,3,fixo,116275.0,E_RS-SS-230_091225.pdf
355330,Tambaú,2025,Res SS 230/2025,2025-12-09,3,variavel,96798.94,E_RS-SS-230_091225.pdf
355330,Tambaú,2026,Res SS 111/2026,2026-06-09,1,fixo,116275.0,E_RS-SS-111_090626.pdf
355330,Tambaú,2026,Res SS 111/2026,2026-06-09,1,variavel,115693.63,E_RS-SS-111_090626.pdf
355330,Tambaú,2026,Res SS 185/2026,2026-09-08,2,fixo,116275.0,E_RS-SS-185_080926.pdf
355330,Tambaú,2026,Res SS 185/2026,2026-09-08,2,variavel,90113.13,E_RS-SS-185_080926.pdf
355340,Tanabi,2024,Res SS 18/2024,2024-02-08,1,fixo,157386.0,E_R-SS-18_080224.pdf
355340,Tanabi,2024,Res SS 140/2024,2024-06-20,2,fixo,157386.0,E_R-SS-140_200624.pdf
355340,Tanabi,2024,Res SS 140/2024,2024-06-20,2,variavel,94641.45,E_R-SS-140_200624.pdf
355340,Tanabi,2024,Res SS 140/2024,2024-06-20,3,fixo,157386.0,E_R-SS-140_200624.pdf
355340,Tanabi,2024,Res SS 140/2024,2024-06-20,3,variavel,94641.45,E_R-SS-140_200624.pdf
355340,Tanabi,2025,Res SS 13/2025,2025-01-24,1,fixo,131155.0,E_R-SS-13_240125.pdf
355340,Tanabi,2025,Res SS 97/2025,2025-05-30,2,fixo,131155.0,E_R-SS-97_300525.pdf
355340,Tanabi,2025,Res SS 180/2025,2025-10-08,1+2,variavel,99677.8,E_RS-SS-180_081025.pdf
355340,Tanabi,2025,Res SS 230/2025,2025-12-09,2,ajuste,52593.16,E_RS-SS-230_091225.pdf
355340,Tanabi,2025,Res SS 230/2025,2025-12-09,2025,bonus,0.0,E_RS-SS-230_091225.pdf
355340,Tanabi,2025,Res SS 230/2025,2025-12-09,3,fixo,131155.0,E_RS-SS-230_091225.pdf
355340,Tanabi,2025,Res SS 230/2025,2025-12-09,3,variavel,131155.0,E_RS-SS-230_091225.pdf
355340,Tanabi,2026,Res SS 111/2026,2026-06-09,1,fixo,131155.0,E_RS-SS-111_090626.pdf
355340,Tanabi,2026,Res SS 111/2026,2026-06-09,1,variavel,131155.0,E_RS-SS-111_090626.pdf
355340,Tanabi,2026,Res SS 185/2026,2026-09-08,2,fixo,131155.0,E_RS-SS-185_080926.pdf
355340,Tanabi,2026,Res SS 185/2026,2026-09-08,2,variavel,87873.85,E_RS-SS-185_080926.pdf
355350,Tapiraí,2024,Res SS 18/2024,2024-02-08,1,fixo,61800.0,E_R-SS-18_080224.pdf
355350,Tapiraí,2024,Res SS 140/2024,2024-06-20,2,fixo,61800.0,E_R-SS-140_200624.pdf
355350,Tapiraí,2024,Res SS 140/2024,2024-06-20,2,variavel,18128.0,E_R-SS-140_200624.pdf
355350,Tapiraí,2024,Res SS 140/2024,2024-06-20,3,fixo,61800.0,E_R-SS-140_200624.pdf
355350,Tapiraí,2024,Res SS 140/2024,2024-06-20,3,variavel,18128.0,E_R-SS-140_200624.pdf
355350,Tapiraí,2025,Res SS 13/2025,2025-01-24,1,fixo,51500.0,E_R-SS-13_240125.pdf
355350,Tapiraí,2025,Res SS 97/2025,2025-05-30,2,fixo,51500.0,E_R-SS-97_300525.pdf
355350,Tapiraí,2025,Res SS 180/2025,2025-10-08,1+2,variavel,95790.0,E_RS-SS-180_081025.pdf
355350,Tapiraí,2025,Res SS 230/2025,2025-12-09,2,ajuste,3605.0,E_RS-SS-230_091225.pdf
355350,Tapiraí,2025,Res SS 230/2025,2025-12-09,2025,bonus,0.0,E_RS-SS-230_091225.pdf
355350,Tapiraí,2025,Res SS 230/2025,2025-12-09,3,fixo,51500.0,E_RS-SS-230_091225.pdf
355350,Tapiraí,2025,Res SS 230/2025,2025-12-09,3,variavel,45835.0,E_RS-SS-230_091225.pdf
355350,Tapiraí,2026,Res SS 111/2026,2026-06-09,1,fixo,51500.0,E_RS-SS-111_090626.pdf
355350,Tapiraí,2026,Res SS 111/2026,2026-06-09,1,variavel,51500.0,E_RS-SS-111_090626.pdf
355350,Tapiraí,2026,Res SS 185/2026,2026-09-08,2,fixo,51500.0,E_RS-SS-185_080926.pdf
355350,Tapiraí,2026,Res SS 185/2026,2026-09-08,2,variavel,41200.0,E_RS-SS-185_080926.pdf
355360,Tapiratiba,2024,Res SS 18/2024,2024-02-08,1,fixo,90580.0,E_R-SS-18_080224.pdf
355360,Tapiratiba,2024,Res SS 140/2024,2024-06-20,2,fixo,90580.0,E_R-SS-140_200624.pdf
355360,Tapiratiba,2024,Res SS 140/2024,2024-06-20,2,variavel,39704.23,E_R-SS-140_200624.pdf
355360,Tapiratiba,2024,Res SS 140/2024,2024-06-20,3,fixo,90580.0,E_R-SS-140_200624.pdf
355360,Tapiratiba,2024,Res SS 140/2024,2024-06-20,3,variavel,39704.23,E_R-SS-140_200624.pdf
355360,Tapiratiba,2025,Res SS 13/2025,2025-01-24,1,fixo,75483.33,E_R-SS-13_240125.pdf
355360,Tapiratiba,2025,Res SS 97/2025,2025-05-30,2,fixo,75483.33,E_R-SS-97_300525.pdf
355360,Tapiratiba,2025,Res SS 180/2025,2025-10-08,1+2,variavel,84541.33,E_RS-SS-180_081025.pdf
355360,Tapiratiba,2025,Res SS 230/2025,2025-12-09,2,ajuste,25815.3,E_RS-SS-230_091225.pdf
355360,Tapiratiba,2025,Res SS 230/2025,2025-12-09,2025,bonus,0.0,E_RS-SS-230_091225.pdf
355360,Tapiratiba,2025,Res SS 230/2025,2025-12-09,3,fixo,75483.33,E_RS-SS-230_091225.pdf
355360,Tapiratiba,2025,Res SS 230/2025,2025-12-09,3,variavel,67935.0,E_RS-SS-230_091225.pdf
355360,Tapiratiba,2026,Res SS 111/2026,2026-06-09,1,fixo,75483.33,E_RS-SS-111_090626.pdf
355360,Tapiratiba,2026,Res SS 111/2026,2026-06-09,1,variavel,75483.33,E_RS-SS-111_090626.pdf
355360,Tapiratiba,2026,Res SS 185/2026,2026-09-08,2,fixo,75483.33,E_RS-SS-185_080926.pdf
355360,Tapiratiba,2026,Res SS 185/2026,2026-09-08,2,variavel,50385.13,E_RS-SS-185_080926.pdf
355365,Taquaral,2024,Res SS 18/2024,2024-02-08,1,fixo,16890.0,E_R-SS-18_080224.pdf
355365,Taquaral,2024,Res SS 140/2024,2024-06-20,2,fixo,16890.0,E_R-SS-140_200624.pdf
355365,Taquaral,2024,Res SS 140/2024,2024-06-20,2,variavel,7183.88,E_R-SS-140_200624.pdf
355365,Taquaral,2024,Res SS 140/2024,2024-06-20,3,fixo,16890.0,E_R-SS-140_200624.pdf
355365,Taquaral,2024,Res SS 140/2024,2024-06-20,3,variavel,7183.88,E_R-SS-140_200624.pdf
355365,Taquaral,2025,Res SS 13/2025,2025-01-24,1,fixo,14075.0,E_R-SS-13_240125.pdf
355365,Taquaral,2025,Res SS 97/2025,2025-05-30,2,fixo,14075.0,E_R-SS-97_300525.pdf
355365,Taquaral,2025,Res SS 180/2025,2025-10-08,1+2,variavel,22801.5,E_RS-SS-180_081025.pdf
355365,Taquaral,2025,Res SS 230/2025,2025-12-09,2,ajuste,365.95,E_RS-SS-230_091225.pdf
355365,Taquaral,2025,Res SS 230/2025,2025-12-09,2025,bonus,0.0,E_RS-SS-230_091225.pdf
355365,Taquaral,2025,Res SS 230/2025,2025-12-09,3,fixo,14075.0,E_RS-SS-230_091225.pdf
355365,Taquaral,2025,Res SS 230/2025,2025-12-09,3,variavel,5911.5,E_RS-SS-230_091225.pdf
355365,Taquaral,2026,Res SS 111/2026,2026-06-09,1,fixo,14075.0,E_RS-SS-111_090626.pdf
355365,Taquaral,2026,Res SS 111/2026,2026-06-09,1,variavel,14075.0,E_RS-SS-111_090626.pdf
355365,Taquaral,2026,Res SS 185/2026,2026-09-08,2,fixo,14075.0,E_RS-SS-185_080926.pdf
355365,Taquaral,2026,Res SS 185/2026,2026-09-08,2,variavel,10134.0,E_RS-SS-185_080926.pdf
355370,Taquaritinga,2024,Res SS 18/2024,2024-02-08,1,fixo,172641.0,E_R-SS-18_080224.pdf
355370,Taquaritinga,2024,Res SS 140/2024,2024-06-20,2,fixo,172641.0,E_R-SS-140_200624.pdf
355370,Taquaritinga,2024,Res SS 140/2024,2024-06-20,2,variavel,55072.48,E_R-SS-140_200624.pdf
355370,Taquaritinga,2024,Res SS 140/2024,2024-06-20,3,fixo,172641.0,E_R-SS-140_200624.pdf
355370,Taquaritinga,2024,Res SS 140/2024,2024-06-20,3,variavel,55072.48,E_R-SS-140_200624.pdf
355370,Taquaritinga,2025,Res SS 13/2025,2025-01-24,1,fixo,143867.5,E_R-SS-13_240125.pdf
355370,Taquaritinga,2025,Res SS 97/2025,2025-05-30,2,fixo,143867.5,E_R-SS-97_300525.pdf
355370,Taquaritinga,2025,Res SS 180/2025,2025-10-08,1+2,variavel,92075.2,E_RS-SS-180_081025.pdf
355370,Taquaritinga,2025,Res SS 230/2025,2025-12-09,2,ajuste,19637.91,E_RS-SS-230_091225.pdf
355370,Taquaritinga,2025,Res SS 230/2025,2025-12-09,2025,bonus,0.0,E_RS-SS-230_091225.pdf
355370,Taquaritinga,2025,Res SS 230/2025,2025-12-09,3,fixo,143867.5,E_RS-SS-230_091225.pdf
355370,Taquaritinga,2025,Res SS 230/2025,2025-12-09,3,variavel,103584.6,E_RS-SS-230_091225.pdf
355370,Taquaritinga,2026,Res SS 111/2026,2026-06-09,1,fixo,143867.5,E_RS-SS-111_090626.pdf
355370,Taquaritinga,2026,Res SS 111/2026,2026-06-09,1,variavel,100707.25,E_RS-SS-111_090626.pdf
355370,Taquaritinga,2026,Res SS 185/2026,2026-09-08,2,fixo,143867.5,E_RS-SS-185_080926.pdf
355370,Taquaritinga,2026,Res SS 185/2026,2026-09-08,2,variavel,76249.78,E_RS-SS-185_080926.pdf
355380,Taquarituba,2024,Res SS 18/2024,2024-02-08,1,fixo,139752.0,E_R-SS-18_080224.pdf
355380,Taquarituba,2024,Res SS 140/2024,2024-06-20,2,fixo,139752.0,E_R-SS-140_200624.pdf
355380,Taquarituba,2024,Res SS 140/2024,2024-06-20,2,variavel,72251.78,E_R-SS-140_200624.pdf
355380,Taquarituba,2024,Res SS 140/2024,2024-06-20,3,fixo,139752.0,E_R-SS-140_200624.pdf
355380,Taquarituba,2024,Res SS 140/2024,2024-06-20,3,variavel,72251.78,E_R-SS-140_200624.pdf
355380,Taquarituba,2025,Res SS 13/2025,2025-01-24,1,fixo,116460.0,E_R-SS-13_240125.pdf
355380,Taquarituba,2025,Res SS 97/2025,2025-05-30,2,fixo,116460.0,E_R-SS-97_300525.pdf
355380,Taquarituba,2025,Res SS 180/2025,2025-10-08,1+2,variavel,172360.8,E_RS-SS-180_081025.pdf
355380,Taquarituba,2025,Res SS 230/2025,2025-12-09,2,ajuste,0.0,E_RS-SS-230_091225.pdf
355380,Taquarituba,2025,Res SS 230/2025,2025-12-09,2025,bonus,0.0,E_RS-SS-230_091225.pdf
355380,Taquarituba,2025,Res SS 230/2025,2025-12-09,3,fixo,116460.0,E_RS-SS-230_091225.pdf
355380,Taquarituba,2025,Res SS 230/2025,2025-12-09,3,variavel,111219.3,E_RS-SS-230_091225.pdf
355380,Taquarituba,2026,Res SS 111/2026,2026-06-09,1,fixo,116460.0,E_RS-SS-111_090626.pdf
355380,Taquarituba,2026,Res SS 111/2026,2026-06-09,1,variavel,100737.9,E_RS-SS-111_090626.pdf
355380,Taquarituba,2026,Res SS 185/2026,2026-09-08,2,fixo,116460.0,E_RS-SS-185_080926.pdf
355380,Taquarituba,2026,Res SS 185/2026,2026-09-08,2,variavel,78028.2,E_RS-SS-185_080926.pdf
355385,Taquarivaí,2024,Res SS 18/2024,2024-02-08,1,fixo,41776.0,E_R-SS-18_080224.pdf
355385,Taquarivaí,2024,Res SS 140/2024,2024-06-20,2,fixo,41776.0,E_R-SS-140_200624.pdf
355385,Taquarivaí,2024,Res SS 140/2024,2024-06-20,2,variavel,27850.67,E_R-SS-140_200624.pdf
355385,Taquarivaí,2024,Res SS 140/2024,2024-06-20,3,fixo,41776.0,E_R-SS-140_200624.pdf
355385,Taquarivaí,2024,Res SS 140/2024,2024-06-20,3,variavel,27850.67,E_R-SS-140_200624.pdf
355385,Taquarivaí,2025,Res SS 13/2025,2025-01-24,1,fixo,34813.33,E_R-SS-13_240125.pdf
355385,Taquarivaí,2025,Res SS 97/2025,2025-05-30,2,fixo,34813.33,E_R-SS-97_300525.pdf
355385,Taquarivaí,2025,Res SS 180/2025,2025-10-08,1+2,variavel,68234.13,E_RS-SS-180_081025.pdf
355385,Taquarivaí,2025,Res SS 230/2025,2025-12-09,2,ajuste,0.0,E_RS-SS-230_091225.pdf
355385,Taquarivaí,2025,Res SS 230/2025,2025-12-09,2025,bonus,104440.0,E_RS-SS-230_091225.pdf
355385,Taquarivaí,2025,Res SS 230/2025,2025-12-09,3,fixo,34813.33,E_RS-SS-230_091225.pdf
355385,Taquarivaí,2025,Res SS 230/2025,2025-12-09,3,variavel,33246.73,E_RS-SS-230_091225.pdf
355385,Taquarivaí,2026,Res SS 111/2026,2026-06-09,1,fixo,34813.33,E_RS-SS-111_090626.pdf
355385,Taquarivaí,2026,Res SS 111/2026,2026-06-09,1,variavel,34813.33,E_RS-SS-111_090626.pdf
355385,Taquarivaí,2026,Res SS 185/2026,2026-09-08,2,fixo,34813.33,E_RS-SS-185_080926.pdf
355385,Taquarivaí,2026,Res SS 185/2026,2026-09-08,2,variavel,33246.73,E_RS-SS-185_080926.pdf
355390,Tarabai,2024,Res SS 18/2024,2024-02-08,1,fixo,60872.0,E_R-SS-18_080224.pdf
355390,Tarabai,2024,Res SS 140/2024,2024-06-20,2,fixo,60872.0,E_R-SS-140_200624.pdf
355390,Tarabai,2024,Res SS 140/2024,2024-06-20,2,variavel,25890.89,E_R-SS-140_200624.pdf
355390,Tarabai,2024,Res SS 140/2024,2024-06-20,3,fixo,60872.0,E_R-SS-140_200624.pdf
355390,Tarabai,2024,Res SS 140/2024,2024-06-20,3,variavel,25890.89,E_R-SS-140_200624.pdf
355390,Tarabai,2025,Res SS 13/2025,2025-01-24,1,fixo,50726.67,E_R-SS-13_240125.pdf
355390,Tarabai,2025,Res SS 97/2025,2025-05-30,2,fixo,50726.67,E_R-SS-97_300525.pdf
355390,Tarabai,2025,Res SS 180/2025,2025-10-08,1+2,variavel,91308.0,E_RS-SS-180_081025.pdf
355390,Tarabai,2025,Res SS 230/2025,2025-12-09,2,ajuste,0.0,E_RS-SS-230_091225.pdf
355390,Tarabai,2025,Res SS 230/2025,2025-12-09,2025,bonus,0.0,E_RS-SS-230_091225.pdf
355390,Tarabai,2025,Res SS 230/2025,2025-12-09,3,fixo,50726.67,E_RS-SS-230_091225.pdf
355390,Tarabai,2025,Res SS 230/2025,2025-12-09,3,variavel,41849.5,E_RS-SS-230_091225.pdf
355390,Tarabai,2026,Res SS 111/2026,2026-06-09,1,fixo,50726.67,E_RS-SS-111_090626.pdf
355390,Tarabai,2026,Res SS 111/2026,2026-06-09,1,variavel,47429.43,E_RS-SS-111_090626.pdf
355390,Tarabai,2026,Res SS 185/2026,2026-09-08,2,fixo,50726.67,E_RS-SS-185_080926.pdf
355390,Tarabai,2026,Res SS 185/2026,2026-09-08,2,variavel,50726.67,E_RS-SS-185_080926.pdf
355395,Tarumã,2024,Res SS 18/2024,2024-02-08,1,fixo,46083.0,E_R-SS-18_080224.pdf
355395,Tarumã,2024,Res SS 140/2024,2024-06-20,2,fixo,46083.0,E_R-SS-140_200624.pdf
355395,Tarumã,2024,Res SS 140/2024,2024-06-20,2,variavel,29738.9,E_R-SS-140_200624.pdf
355395,Tarumã,2024,Res SS 140/2024,2024-06-20,3,fixo,46083.0,E_R-SS-140_200624.pdf
355395,Tarumã,2024,Res SS 140/2024,2024-06-20,3,variavel,29738.9,E_R-SS-140_200624.pdf
355395,Tarumã,2025,Res SS 13/2025,2025-01-24,1,fixo,38402.5,E_R-SS-13_240125.pdf
355395,Tarumã,2025,Res SS 97/2025,2025-05-30,2,fixo,38402.5,E_R-SS-97_300525.pdf
355395,Tarumã,2025,Res SS 180/2025,2025-10-08,1+2,variavel,49155.2,E_RS-SS-180_081025.pdf
355395,Tarumã,2025,Res SS 230/2025,2025-12-09,2,ajuste,10906.31,E_RS-SS-230_091225.pdf
355395,Tarumã,2025,Res SS 230/2025,2025-12-09,2025,bonus,0.0,E_RS-SS-230_091225.pdf
355395,Tarumã,2025,Res SS 230/2025,2025-12-09,3,fixo,38402.5,E_RS-SS-230_091225.pdf
355395,Tarumã,2025,Res SS 230/2025,2025-12-09,3,variavel,38402.5,E_RS-SS-230_091225.pdf
355395,Tarumã,2026,Res SS 111/2026,2026-06-09,1,fixo,38402.5,E_RS-SS-111_090626.pdf
355395,Tarumã,2026,Res SS 111/2026,2026-06-09,1,variavel,26305.71,E_RS-SS-111_090626.pdf
355395,Tarumã,2026,Res SS 185/2026,2026-09-08,2,fixo,38402.5,E_RS-SS-185_080926.pdf
355395,Tarumã,2026,Res SS 185/2026,2026-09-08,2,variavel,18817.23,E_RS-SS-185_080926.pdf
355400,Tatuí,2024,Res SS 18/2024,2024-02-08,1,fixo,372402.0,E_R-SS-18_080224.pdf
355400,Tatuí,2024,Res SS 140/2024,2024-06-20,2,fixo,372402.0,E_R-SS-140_200624.pdf
355400,Tatuí,2024,Res SS 140/2024,2024-06-20,2,variavel,170684.25,E_R-SS-140_200624.pdf
355400,Tatuí,2024,Res SS 140/2024,2024-06-20,3,fixo,372402.0,E_R-SS-140_200624.pdf
355400,Tatuí,2024,Res SS 140/2024,2024-06-20,3,variavel,170684.25,E_R-SS-140_200624.pdf
355400,Tatuí,2025,Res SS 13/2025,2025-01-24,1,fixo,310335.0,E_R-SS-13_240125.pdf
355400,Tatuí,2025,Res SS 97/2025,2025-05-30,2,fixo,310335.0,E_R-SS-97_300525.pdf
355400,Tatuí,2025,Res SS 180/2025,2025-10-08,1+2,variavel,304128.3,E_RS-SS-180_081025.pdf
355400,Tatuí,2025,Res SS 230/2025,2025-12-09,2,ajuste,66411.69,E_RS-SS-230_091225.pdf
355400,Tatuí,2025,Res SS 230/2025,2025-12-09,2025,bonus,0.0,E_RS-SS-230_091225.pdf
355400,Tatuí,2025,Res SS 230/2025,2025-12-09,3,fixo,310335.0,E_RS-SS-230_091225.pdf
355400,Tatuí,2025,Res SS 230/2025,2025-12-09,3,variavel,310335.0,E_RS-SS-230_091225.pdf
355400,Tatuí,2026,Res SS 111/2026,2026-06-09,1,fixo,310335.0,E_RS-SS-111_090626.pdf
355400,Tatuí,2026,Res SS 111/2026,2026-06-09,1,variavel,276198.15,E_RS-SS-111_090626.pdf
355400,Tatuí,2026,Res SS 185/2026,2026-09-08,2,fixo,310335.0,E_RS-SS-185_080926.pdf
355400,Tatuí,2026,Res SS 185/2026,2026-09-08,2,variavel,155167.5,E_RS-SS-185_080926.pdf
355410,Taubaté,2024,Res SS 18/2024,2024-02-08,1,fixo,962460.0,E_R-SS-18_080224.pdf
355410,Taubaté,2024,Res SS 140/2024,2024-06-20,2,fixo,962460.0,E_R-SS-140_200624.pdf
355410,Taubaté,2024,Res SS 140/2024,2024-06-20,2,variavel,427011.42,E_R-SS-140_200624.pdf
355410,Taubaté,2024,Res SS 140/2024,2024-06-20,3,fixo,962460.0,E_R-SS-140_200624.pdf
355410,Taubaté,2024,Res SS 140/2024,2024-06-20,3,variavel,427011.42,E_R-SS-140_200624.pdf
355410,Taubaté,2025,Res SS 13/2025,2025-01-24,1,fixo,802050.0,E_R-SS-13_240125.pdf
355410,Taubaté,2025,Res SS 97/2025,2025-05-30,2,fixo,802050.0,E_R-SS-97_300525.pdf
355410,Taubaté,2025,Res SS 180/2025,2025-10-08,1+2,variavel,753927.0,E_RS-SS-180_081025.pdf
355410,Taubaté,2025,Res SS 230/2025,2025-12-09,2,ajuste,144369.0,E_RS-SS-230_091225.pdf
355410,Taubaté,2025,Res SS 230/2025,2025-12-09,2025,bonus,0.0,E_RS-SS-230_091225.pdf
355410,Taubaté,2025,Res SS 230/2025,2025-12-09,3,fixo,802050.0,E_RS-SS-230_091225.pdf
355410,Taubaté,2025,Res SS 230/2025,2025-12-09,3,variavel,425086.5,E_RS-SS-230_091225.pdf
355410,Taubaté,2026,Res SS 111/2026,2026-06-09,1,fixo,802050.0,E_RS-SS-111_090626.pdf
355410,Taubaté,2026,Res SS 111/2026,2026-06-09,1,variavel,565445.25,E_RS-SS-111_090626.pdf
355410,Taubaté,2026,Res SS 185/2026,2026-09-08,2,fixo,802050.0,E_RS-SS-185_080926.pdf
355410,Taubaté,2026,Res SS 185/2026,2026-09-08,2,variavel,695778.38,E_RS-SS-185_080926.pdf
355420,Tejupá,2024,Res SS 18/2024,2024-02-08,1,fixo,31164.0,E_R-SS-18_080224.pdf
355420,Tejupá,2024,Res SS 140/2024,2024-06-20,2,fixo,31164.0,E_R-SS-140_200624.pdf
355420,Tejupá,2024,Res SS 140/2024,2024-06-20,2,variavel,20776.0,E_R-SS-140_200624.pdf
355420,Tejupá,2024,Res SS 140/2024,2024-06-20,3,fixo,31164.0,E_R-SS-140_200624.pdf
355420,Tejupá,2024,Res SS 140/2024,2024-06-20,3,variavel,20776.0,E_R-SS-140_200624.pdf
355420,Tejupá,2025,Res SS 13/2025,2025-01-24,1,fixo,25970.0,E_R-SS-13_240125.pdf
355420,Tejupá,2025,Res SS 97/2025,2025-05-30,2,fixo,25970.0,E_R-SS-97_300525.pdf
355420,Tejupá,2025,Res SS 180/2025,2025-10-08,1+2,variavel,48304.2,E_RS-SS-180_081025.pdf
355420,Tejupá,2025,Res SS 230/2025,2025-12-09,2,ajuste,0.0,E_RS-SS-230_091225.pdf
355420,Tejupá,2025,Res SS 230/2025,2025-12-09,2025,bonus,0.0,E_RS-SS-230_091225.pdf
355420,Tejupá,2025,Res SS 230/2025,2025-12-09,3,fixo,25970.0,E_RS-SS-230_091225.pdf
355420,Tejupá,2025,Res SS 230/2025,2025-12-09,3,variavel,18049.15,E_RS-SS-230_091225.pdf
355420,Tejupá,2026,Res SS 111/2026,2026-06-09,1,fixo,25970.0,E_RS-SS-111_090626.pdf
355420,Tejupá,2026,Res SS 111/2026,2026-06-09,1,variavel,22204.35,E_RS-SS-111_090626.pdf
355420,Tejupá,2026,Res SS 185/2026,2026-09-08,2,fixo,25970.0,E_RS-SS-185_080926.pdf
355420,Tejupá,2026,Res SS 185/2026,2026-09-08,2,variavel,23892.4,E_RS-SS-185_080926.pdf
355430,Teodoro Sampaio,2024,Res SS 18/2024,2024-02-08,1,fixo,187160.0,E_R-SS-18_080224.pdf
355430,Teodoro Sampaio,2024,Res SS 140/2024,2024-06-20,2,fixo,187160.0,E_R-SS-140_200624.pdf
355430,Teodoro Sampaio,2024,Res SS 140/2024,2024-06-20,2,variavel,106369.27,E_R-SS-140_200624.pdf
355430,Teodoro Sampaio,2024,Res SS 140/2024,2024-06-20,3,fixo,187160.0,E_R-SS-140_200624.pdf
355430,Teodoro Sampaio,2024,Res SS 140/2024,2024-06-20,3,variavel,106369.27,E_R-SS-140_200624.pdf
355430,Teodoro Sampaio,2025,Res SS 13/2025,2025-01-24,1,fixo,155966.67,E_R-SS-13_240125.pdf
355430,Teodoro Sampaio,2025,Res SS 97/2025,2025-05-30,2,fixo,155966.67,E_R-SS-97_300525.pdf
355430,Teodoro Sampaio,2025,Res SS 180/2025,2025-10-08,1+2,variavel,131012.0,E_RS-SS-180_081025.pdf
355430,Teodoro Sampaio,2025,Res SS 230/2025,2025-12-09,2,ajuste,75175.93,E_RS-SS-230_091225.pdf
355430,Teodoro Sampaio,2025,Res SS 230/2025,2025-12-09,2025,bonus,0.0,E_RS-SS-230_091225.pdf
355430,Teodoro Sampaio,2025,Res SS 230/2025,2025-12-09,3,fixo,155966.67,E_RS-SS-230_091225.pdf
355430,Teodoro Sampaio,2025,Res SS 230/2025,2025-12-09,3,variavel,138810.33,E_RS-SS-230_091225.pdf
355430,Teodoro Sampaio,2026,Res SS 111/2026,2026-06-09,1,fixo,155966.67,E_RS-SS-111_090626.pdf
355430,Teodoro Sampaio,2026,Res SS 111/2026,2026-06-09,1,variavel,155966.67,E_RS-SS-111_090626.pdf
355430,Teodoro Sampaio,2026,Res SS 185/2026,2026-09-08,2,fixo,155966.67,E_RS-SS-185_080926.pdf
355430,Teodoro Sampaio,2026,Res SS 185/2026,2026-09-08,2,variavel,133351.5,E_RS-SS-185_080926.pdf
355440,Terra Roxa,2024,Res SS 18/2024,2024-02-08,1,fixo,66514.0,E_R-SS-18_080224.pdf
355440,Terra Roxa,2024,Res SS 140/2024,2024-06-20,2,fixo,66514.0,E_R-SS-140_200624.pdf
355440,Terra Roxa,2024,Res SS 140/2024,2024-06-20,2,variavel,27935.88,E_R-SS-140_200624.pdf
355440,Terra Roxa,2024,Res SS 140/2024,2024-06-20,3,fixo,66514.0,E_R-SS-140_200624.pdf
355440,Terra Roxa,2024,Res SS 140/2024,2024-06-20,3,variavel,27935.88,E_R-SS-140_200624.pdf
355440,Terra Roxa,2025,Res SS 13/2025,2025-01-24,1,fixo,55428.33,E_R-SS-13_240125.pdf
355440,Terra Roxa,2025,Res SS 97/2025,2025-05-30,2,fixo,55428.33,E_R-SS-97_300525.pdf
355440,Terra Roxa,2025,Res SS 180/2025,2025-10-08,1+2,variavel,59862.6,E_RS-SS-180_081025.pdf
355440,Terra Roxa,2025,Res SS 230/2025,2025-12-09,2,ajuste,13967.94,E_RS-SS-230_091225.pdf
355440,Terra Roxa,2025,Res SS 230/2025,2025-12-09,2025,bonus,0.0,E_RS-SS-230_091225.pdf
355440,Terra Roxa,2025,Res SS 230/2025,2025-12-09,3,fixo,55428.33,E_RS-SS-230_091225.pdf
355440,Terra Roxa,2025,Res SS 230/2025,2025-12-09,3,variavel,30485.58,E_RS-SS-230_091225.pdf
355440,Terra Roxa,2026,Res SS 111/2026,2026-06-09,1,fixo,55428.33,E_RS-SS-111_090626.pdf
355440,Terra Roxa,2026,Res SS 111/2026,2026-06-09,1,variavel,55428.33,E_RS-SS-111_090626.pdf
355440,Terra Roxa,2026,Res SS 185/2026,2026-09-08,2,fixo,55428.33,E_RS-SS-185_080926.pdf
355440,Terra Roxa,2026,Res SS 185/2026,2026-09-08,2,variavel,47945.51,E_RS-SS-185_080926.pdf
355450,Tietê,2024,Res SS 18/2024,2024-02-08,1,fixo,128838.0,E_R-SS-18_080224.pdf
355450,Tietê,2024,Res SS 140/2024,2024-06-20,2,fixo,128838.0,E_R-SS-140_200624.pdf
355450,Tietê,2024,Res SS 140/2024,2024-06-20,2,variavel,71805.71,E_R-SS-140_200624.pdf
355450,Tietê,2024,Res SS 140/2024,2024-06-20,3,fixo,128838.0,E_R-SS-140_200624.pdf
355450,Tietê,2024,Res SS 140/2024,2024-06-20,3,variavel,71805.71,E_R-SS-140_200624.pdf
355450,Tietê,2025,Res SS 13/2025,2025-01-24,1,fixo,107365.0,E_R-SS-13_240125.pdf
355450,Tietê,2025,Res SS 97/2025,2025-05-30,2,fixo,107365.0,E_R-SS-97_300525.pdf
355450,Tietê,2025,Res SS 180/2025,2025-10-08,1+2,variavel,137427.2,E_RS-SS-180_081025.pdf
355450,Tietê,2025,Res SS 230/2025,2025-12-09,2,ajuste,0.0,E_RS-SS-230_091225.pdf
355450,Tietê,2025,Res SS 230/2025,2025-12-09,2025,bonus,0.0,E_RS-SS-230_091225.pdf
355450,Tietê,2025,Res SS 230/2025,2025-12-09,3,fixo,107365.0,E_RS-SS-230_091225.pdf
355450,Tietê,2025,Res SS 230/2025,2025-12-09,3,variavel,103338.81,E_RS-SS-230_091225.pdf
355450,Tietê,2026,Res SS 111/2026,2026-06-09,1,fixo,107365.0,E_RS-SS-111_090626.pdf
355450,Tietê,2026,Res SS 111/2026,2026-06-09,1,variavel,63882.18,E_RS-SS-111_090626.pdf
355450,Tietê,2026,Res SS 185/2026,2026-09-08,2,fixo,107365.0,E_RS-SS-185_080926.pdf
355450,Tietê,2026,Res SS 185/2026,2026-09-08,2,variavel,42946.0,E_RS-SS-185_080926.pdf
355460,Timburi,2024,Res SS 18/2024,2024-02-08,1,fixo,18529.0,E_R-SS-18_080224.pdf
355460,Timburi,2024,Res SS 140/2024,2024-06-20,2,fixo,18529.0,E_R-SS-140_200624.pdf
355460,Timburi,2024,Res SS 140/2024,2024-06-20,2,variavel,12352.67,E_R-SS-140_200624.pdf
355460,Timburi,2024,Res SS 140/2024,2024-06-20,3,fixo,18529.0,E_R-SS-140_200624.pdf
355460,Timburi,2024,Res SS 140/2024,2024-06-20,3,variavel,12352.67,E_R-SS-140_200624.pdf
355460,Timburi,2025,Res SS 13/2025,2025-01-24,1,fixo,15440.83,E_R-SS-13_240125.pdf
355460,Timburi,2025,Res SS 97/2025,2025-05-30,2,fixo,15440.83,E_R-SS-97_300525.pdf
355460,Timburi,2025,Res SS 180/2025,2025-10-08,1+2,variavel,28719.95,E_RS-SS-180_081025.pdf
355460,Timburi,2025,Res SS 230/2025,2025-12-09,2,ajuste,0.0,E_RS-SS-230_091225.pdf
355460,Timburi,2025,Res SS 230/2025,2025-12-09,2025,bonus,0.0,E_RS-SS-230_091225.pdf
355460,Timburi,2025,Res SS 230/2025,2025-12-09,3,fixo,15440.83,E_RS-SS-230_091225.pdf
355460,Timburi,2025,Res SS 230/2025,2025-12-09,3,variavel,13973.95,E_RS-SS-230_091225.pdf
355460,Timburi,2026,Res SS 111/2026,2026-06-09,1,fixo,15440.83,E_RS-SS-111_090626.pdf
355460,Timburi,2026,Res SS 111/2026,2026-06-09,1,variavel,15440.83,E_RS-SS-111_090626.pdf
355460,Timburi,2026,Res SS 185/2026,2026-09-08,2,fixo,15440.83,E_RS-SS-185_080926.pdf
355460,Timburi,2026,Res SS 185/2026,2026-09-08,2,variavel,15440.83,E_RS-SS-185_080926.pdf
355465,Torre De Pedra,2024,Res SS 18/2024,2024-02-08,1,fixo,14592.0,E_R-SS-18_080224.pdf
355465,Torre De Pedra,2024,Res SS 140/2024,2024-06-20,2,fixo,14592.0,E_R-SS-140_200624.pdf
355465,Torre De Pedra,2024,Res SS 140/2024,2024-06-20,2,variavel,9728.0,E_R-SS-140_200624.pdf
355465,Torre De Pedra,2024,Res SS 140/2024,2024-06-20,3,fixo,14592.0,E_R-SS-140_200624.pdf
355465,Torre De Pedra,2024,Res SS 140/2024,2024-06-20,3,variavel,9728.0,E_R-SS-140_200624.pdf
355465,Torre De Pedra,2025,Res SS 13/2025,2025-01-24,1,fixo,12160.0,E_R-SS-13_240125.pdf
355465,Torre De Pedra,2025,Res SS 97/2025,2025-05-30,2,fixo,12160.0,E_R-SS-97_300525.pdf
355465,Torre De Pedra,2025,Res SS 180/2025,2025-10-08,1+2,variavel,10700.8,E_RS-SS-180_081025.pdf
355465,Torre De Pedra,2025,Res SS 230/2025,2025-12-09,2,ajuste,1404.48,E_RS-SS-230_091225.pdf
355465,Torre De Pedra,2025,Res SS 230/2025,2025-12-09,2025,bonus,0.0,E_RS-SS-230_091225.pdf
355465,Torre De Pedra,2025,Res SS 230/2025,2025-12-09,3,fixo,12160.0,E_RS-SS-230_091225.pdf
355465,Torre De Pedra,2025,Res SS 230/2025,2025-12-09,3,variavel,12160.0,E_RS-SS-230_091225.pdf
355465,Torre De Pedra,2026,Res SS 111/2026,2026-06-09,1,fixo,12160.0,E_RS-SS-111_090626.pdf
355465,Torre De Pedra,2026,Res SS 111/2026,2026-06-09,1,variavel,12160.0,E_RS-SS-111_090626.pdf
355465,Torre De Pedra,2026,Res SS 185/2026,2026-09-08,2,fixo,12160.0,E_RS-SS-185_080926.pdf
355465,Torre De Pedra,2026,Res SS 185/2026,2026-09-08,2,variavel,7660.8,E_RS-SS-185_080926.pdf
355470,Torrinha,2024,Res SS 18/2024,2024-02-08,1,fixo,60600.0,E_R-SS-18_080224.pdf
355470,Torrinha,2024,Res SS 140/2024,2024-06-20,2,fixo,60600.0,E_R-SS-140_200624.pdf
355470,Torrinha,2024,Res SS 140/2024,2024-06-20,2,variavel,33330.0,E_R-SS-140_200624.pdf
355470,Torrinha,2024,Res SS 140/2024,2024-06-20,3,fixo,60600.0,E_R-SS-140_200624.pdf
355470,Torrinha,2024,Res SS 140/2024,2024-06-20,3,variavel,33330.0,E_R-SS-140_200624.pdf
355470,Torrinha,2025,Res SS 13/2025,2025-01-24,1,fixo,50500.0,E_R-SS-13_240125.pdf
355470,Torrinha,2025,Res SS 97/2025,2025-05-30,2,fixo,50500.0,E_R-SS-97_300525.pdf
355470,Torrinha,2025,Res SS 180/2025,2025-10-08,1+2,variavel,44440.0,E_RS-SS-180_081025.pdf
355470,Torrinha,2025,Res SS 230/2025,2025-12-09,2,ajuste,9165.75,E_RS-SS-230_091225.pdf
355470,Torrinha,2025,Res SS 230/2025,2025-12-09,2025,bonus,0.0,E_RS-SS-230_091225.pdf
355470,Torrinha,2025,Res SS 230/2025,2025-12-09,3,fixo,50500.0,E_RS-SS-230_091225.pdf
355470,Torrinha,2025,Res SS 230/2025,2025-12-09,3,variavel,41662.5,E_RS-SS-230_091225.pdf
355470,Torrinha,2026,Res SS 111/2026,2026-06-09,1,fixo,50500.0,E_RS-SS-111_090626.pdf
355470,Torrinha,2026,Res SS 111/2026,2026-06-09,1,variavel,50247.5,E_RS-SS-111_090626.pdf
355470,Torrinha,2026,Res SS 185/2026,2026-09-08,2,fixo,50500.0,E_RS-SS-185_080926.pdf
355470,Torrinha,2026,Res SS 185/2026,2026-09-08,2,variavel,33835.0,E_RS-SS-185_080926.pdf
355475,Trabiju,2024,Res SS 18/2024,2024-02-08,1,fixo,10512.0,E_R-SS-18_080224.pdf
355475,Trabiju,2024,Res SS 140/2024,2024-06-20,2,fixo,10512.0,E_R-SS-140_200624.pdf
355475,Trabiju,2024,Res SS 140/2024,2024-06-20,2,variavel,5550.34,E_R-SS-140_200624.pdf
355475,Trabiju,2024,Res SS 140/2024,2024-06-20,3,fixo,10512.0,E_R-SS-140_200624.pdf
355475,Trabiju,2024,Res SS 140/2024,2024-06-20,3,variavel,5550.34,E_R-SS-140_200624.pdf
355475,Trabiju,2025,Res SS 13/2025,2025-01-24,1,fixo,8760.0,E_R-SS-13_240125.pdf
355475,Trabiju,2025,Res SS 97/2025,2025-05-30,2,fixo,8760.0,E_R-SS-97_300525.pdf
355475,Trabiju,2025,Res SS 180/2025,2025-10-08,1+2,variavel,9811.2,E_RS-SS-180_081025.pdf
355475,Trabiju,2025,Res SS 230/2025,2025-12-09,2,ajuste,297.84,E_RS-SS-230_091225.pdf
355475,Trabiju,2025,Res SS 230/2025,2025-12-09,2025,bonus,0.0,E_RS-SS-230_091225.pdf
355475,Trabiju,2025,Res SS 230/2025,2025-12-09,3,fixo,8760.0,E_RS-SS-230_091225.pdf
355475,Trabiju,2025,Res SS 230/2025,2025-12-09,3,variavel,7533.6,E_RS-SS-230_091225.pdf
355475,Trabiju,2026,Res SS 111/2026,2026-06-09,1,fixo,8760.0,E_RS-SS-111_090626.pdf
355475,Trabiju,2026,Res SS 111/2026,2026-06-09,1,variavel,8760.0,E_RS-SS-111_090626.pdf
355475,Trabiju,2026,Res SS 185/2026,2026-09-08,2,fixo,8760.0,E_RS-SS-185_080926.pdf
355475,Trabiju,2026,Res SS 185/2026,2026-09-08,2,variavel,8409.6,E_RS-SS-185_080926.pdf
355480,Tremembé,2024,Res SS 18/2024,2024-02-08,1,fixo,289368.0,E_R-SS-18_080224.pdf
355480,Tremembé,2024,Res SS 140/2024,2024-06-20,2,fixo,289368.0,E_R-SS-140_200624.pdf
355480,Tremembé,2024,Res SS 140/2024,2024-06-20,2,variavel,161274.43,E_R-SS-140_200624.pdf
355480,Tremembé,2024,Res SS 140/2024,2024-06-20,3,fixo,289368.0,E_R-SS-140_200624.pdf
355480,Tremembé,2024,Res SS 140/2024,2024-06-20,3,variavel,161274.43,E_R-SS-140_200624.pdf
355480,Tremembé,2025,Res SS 13/2025,2025-01-24,1,fixo,241140.0,E_R-SS-13_240125.pdf
355480,Tremembé,2025,Res SS 97/2025,2025-05-30,2,fixo,241140.0,E_R-SS-97_300525.pdf
355480,Tremembé,2025,Res SS 180/2025,2025-10-08,1+2,variavel,289368.0,E_RS-SS-180_081025.pdf
355480,Tremembé,2025,Res SS 230/2025,2025-12-09,2,ajuste,78129.36,E_RS-SS-230_091225.pdf
355480,Tremembé,2025,Res SS 230/2025,2025-12-09,2025,bonus,0.0,E_RS-SS-230_091225.pdf
355480,Tremembé,2025,Res SS 230/2025,2025-12-09,3,fixo,241140.0,E_RS-SS-230_091225.pdf
355480,Tremembé,2025,Res SS 230/2025,2025-12-09,3,variavel,120570.0,E_RS-SS-230_091225.pdf
355480,Tremembé,2026,Res SS 111/2026,2026-06-09,1,fixo,241140.0,E_RS-SS-111_090626.pdf
355480,Tremembé,2026,Res SS 111/2026,2026-06-09,1,variavel,231494.4,E_RS-SS-111_090626.pdf
355480,Tremembé,2026,Res SS 185/2026,2026-09-08,2,fixo,241140.0,E_RS-SS-185_080926.pdf
355480,Tremembé,2026,Res SS 185/2026,2026-09-08,2,variavel,231494.4,E_RS-SS-185_080926.pdf
355490,Três Fronteiras,2024,Res SS 18/2024,2024-02-08,1,fixo,40992.0,E_R-SS-18_080224.pdf
355490,Três Fronteiras,2024,Res SS 140/2024,2024-06-20,2,fixo,40992.0,E_R-SS-140_200624.pdf
355490,Três Fronteiras,2024,Res SS 140/2024,2024-06-20,2,variavel,23672.88,E_R-SS-140_200624.pdf
355490,Três Fronteiras,2024,Res SS 140/2024,2024-06-20,3,fixo,40992.0,E_R-SS-140_200624.pdf
355490,Três Fronteiras,2024,Res SS 140/2024,2024-06-20,3,variavel,23672.88,E_R-SS-140_200624.pdf
355490,Três Fronteiras,2025,Res SS 13/2025,2025-01-24,1,fixo,34160.0,E_R-SS-13_240125.pdf
355490,Três Fronteiras,2025,Res SS 97/2025,2025-05-30,2,fixo,34160.0,E_R-SS-97_300525.pdf
355490,Três Fronteiras,2025,Res SS 180/2025,2025-10-08,1+2,variavel,24595.2,E_RS-SS-180_081025.pdf
355490,Três Fronteiras,2025,Res SS 230/2025,2025-12-09,2,ajuste,13254.08,E_RS-SS-230_091225.pdf
355490,Três Fronteiras,2025,Res SS 230/2025,2025-12-09,2025,bonus,0.0,E_RS-SS-230_091225.pdf
355490,Três Fronteiras,2025,Res SS 230/2025,2025-12-09,3,fixo,34160.0,E_RS-SS-230_091225.pdf
355490,Três Fronteiras,2025,Res SS 230/2025,2025-12-09,3,variavel,22374.8,E_RS-SS-230_091225.pdf
355490,Três Fronteiras,2026,Res SS 111/2026,2026-06-09,1,fixo,34160.0,E_RS-SS-111_090626.pdf
355490,Três Fronteiras,2026,Res SS 111/2026,2026-06-09,1,variavel,25278.4,E_RS-SS-111_090626.pdf
355490,Três Fronteiras,2026,Res SS 185/2026,2026-09-08,2,fixo,34160.0,E_RS-SS-185_080926.pdf
355490,Três Fronteiras,2026,Res SS 185/2026,2026-09-08,2,variavel,17763.2,E_RS-SS-185_080926.pdf
355495,Tuiuti,2024,Res SS 18/2024,2024-02-08,1,fixo,49406.0,E_R-SS-18_080224.pdf
355495,Tuiuti,2024,Res SS 140/2024,2024-06-20,2,fixo,49406.0,E_R-SS-140_200624.pdf
355495,Tuiuti,2024,Res SS 140/2024,2024-06-20,2,variavel,28984.85,E_R-SS-140_200624.pdf
355495,Tuiuti,2024,Res SS 140/2024,2024-06-20,3,fixo,49406.0,E_R-SS-140_200624.pdf
355495,Tuiuti,2024,Res SS 140/2024,2024-06-20,3,variavel,28984.85,E_R-SS-140_200624.pdf
355495,Tuiuti,2025,Res SS 13/2025,2025-01-24,1,fixo,41171.67,E_R-SS-13_240125.pdf
355495,Tuiuti,2025,Res SS 97/2025,2025-05-30,2,fixo,41171.67,E_R-SS-97_300525.pdf
355495,Tuiuti,2025,Res SS 180/2025,2025-10-08,1+2,variavel,48582.57,E_RS-SS-180_081025.pdf
355495,Tuiuti,2025,Res SS 230/2025,2025-12-09,2,ajuste,14657.11,E_RS-SS-230_091225.pdf
355495,Tuiuti,2025,Res SS 230/2025,2025-12-09,2025,bonus,0.0,E_RS-SS-230_091225.pdf
355495,Tuiuti,2025,Res SS 230/2025,2025-12-09,3,fixo,41171.67,E_RS-SS-230_091225.pdf
355495,Tuiuti,2025,Res SS 230/2025,2025-12-09,3,variavel,38289.65,E_RS-SS-230_091225.pdf
355495,Tuiuti,2026,Res SS 111/2026,2026-06-09,1,fixo,41171.67,E_RS-SS-111_090626.pdf
355495,Tuiuti,2026,Res SS 111/2026,2026-06-09,1,variavel,32937.33,E_RS-SS-111_090626.pdf
355495,Tuiuti,2026,Res SS 185/2026,2026-09-08,2,fixo,41171.67,E_RS-SS-185_080926.pdf
355495,Tuiuti,2026,Res SS 185/2026,2026-09-08,2,variavel,41171.67,E_RS-SS-185_080926.pdf
355500,Tupã,2024,Res SS 18/2024,2024-02-08,1,fixo,196845.0,E_R-SS-18_080224.pdf
355500,Tupã,2024,Res SS 140/2024,2024-06-20,2,fixo,196845.0,E_R-SS-140_200624.pdf
355500,Tupã,2024,Res SS 140/2024,2024-06-20,2,variavel,118107.0,E_R-SS-140_200624.pdf
355500,Tupã,2024,Res SS 140/2024,2024-06-20,3,fixo,196845.0,E_R-SS-140_200624.pdf
355500,Tupã,2024,Res SS 140/2024,2024-06-20,3,variavel,118107.0,E_R-SS-140_200624.pdf
355500,Tupã,2025,Res SS 13/2025,2025-01-24,1,fixo,164037.5,E_R-SS-13_240125.pdf
355500,Tupã,2025,Res SS 97/2025,2025-05-30,2,fixo,164037.5,E_R-SS-97_300525.pdf
355500,Tupã,2025,Res SS 180/2025,2025-10-08,1+2,variavel,118107.0,E_RS-SS-180_081025.pdf
355500,Tupã,2025,Res SS 230/2025,2025-12-09,2,ajuste,96125.98,E_RS-SS-230_091225.pdf
355500,Tupã,2025,Res SS 230/2025,2025-12-09,2025,bonus,0.0,E_RS-SS-230_091225.pdf
355500,Tupã,2025,Res SS 230/2025,2025-12-09,3,fixo,164037.5,E_RS-SS-230_091225.pdf
355500,Tupã,2025,Res SS 230/2025,2025-12-09,3,variavel,97602.31,E_RS-SS-230_091225.pdf
355500,Tupã,2026,Res SS 111/2026,2026-06-09,1,fixo,164037.5,E_RS-SS-111_090626.pdf
355500,Tupã,2026,Res SS 111/2026,2026-06-09,1,variavel,143532.81,E_RS-SS-111_090626.pdf
355500,Tupã,2026,Res SS 185/2026,2026-09-08,2,fixo,164037.5,E_RS-SS-185_080926.pdf
355500,Tupã,2026,Res SS 185/2026,2026-09-08,2,variavel,68895.75,E_RS-SS-185_080926.pdf
355510,Tupi Paulista,2024,Res SS 18/2024,2024-02-08,1,fixo,94020.0,E_R-SS-18_080224.pdf
355510,Tupi Paulista,2024,Res SS 140/2024,2024-06-20,2,fixo,94020.0,E_R-SS-140_200624.pdf
355510,Tupi Paulista,2024,Res SS 140/2024,2024-06-20,2,variavel,57054.47,E_R-SS-140_200624.pdf
355510,Tupi Paulista,2024,Res SS 140/2024,2024-06-20,3,fixo,94020.0,E_R-SS-140_200624.pdf
355510,Tupi Paulista,2024,Res SS 140/2024,2024-06-20,3,variavel,57054.47,E_R-SS-140_200624.pdf
355510,Tupi Paulista,2025,Res SS 13/2025,2025-01-24,1,fixo,78350.0,E_R-SS-13_240125.pdf
355510,Tupi Paulista,2025,Res SS 97/2025,2025-05-30,2,fixo,78350.0,E_R-SS-97_300525.pdf
355510,Tupi Paulista,2025,Res SS 180/2025,2025-10-08,1+2,variavel,112824.0,E_RS-SS-180_081025.pdf
355510,Tupi Paulista,2025,Res SS 230/2025,2025-12-09,2,ajuste,0.0,E_RS-SS-230_091225.pdf
355510,Tupi Paulista,2025,Res SS 230/2025,2025-12-09,2025,bonus,0.0,E_RS-SS-230_091225.pdf
355510,Tupi Paulista,2025,Res SS 230/2025,2025-12-09,3,fixo,78350.0,E_RS-SS-230_091225.pdf
355510,Tupi Paulista,2025,Res SS 230/2025,2025-12-09,3,variavel,78350.0,E_RS-SS-230_091225.pdf
355510,Tupi Paulista,2026,Res SS 111/2026,2026-06-09,1,fixo,78350.0,E_RS-SS-111_090626.pdf
355510,Tupi Paulista,2026,Res SS 111/2026,2026-06-09,1,variavel,60721.25,E_RS-SS-111_090626.pdf
355510,Tupi Paulista,2026,Res SS 185/2026,2026-09-08,2,fixo,78350.0,E_RS-SS-185_080926.pdf
355510,Tupi Paulista,2026,Res SS 185/2026,2026-09-08,2,variavel,62680.0,E_RS-SS-185_080926.pdf
355520,Turiúba,2024,Res SS 18/2024,2024-02-08,1,fixo,12144.0,E_R-SS-18_080224.pdf
355520,Turiúba,2024,Res SS 140/2024,2024-06-20,2,fixo,12144.0,E_R-SS-140_200624.pdf
355520,Turiúba,2024,Res SS 140/2024,2024-06-20,2,variavel,8096.0,E_R-SS-140_200624.pdf
355520,Turiúba,2024,Res SS 140/2024,2024-06-20,3,fixo,12144.0,E_R-SS-140_200624.pdf
355520,Turiúba,2024,Res SS 140/2024,2024-06-20,3,variavel,8096.0,E_R-SS-140_200624.pdf
355520,Turiúba,2025,Res SS 13/2025,2025-01-24,1,fixo,10120.0,E_R-SS-13_240125.pdf
355520,Turiúba,2025,Res SS 97/2025,2025-05-30,2,fixo,10120.0,E_R-SS-97_300525.pdf
355520,Turiúba,2025,Res SS 180/2025,2025-10-08,1+2,variavel,9108.0,E_RS-SS-180_081025.pdf
355520,Turiúba,2025,Res SS 230/2025,2025-12-09,2,ajuste,3461.04,E_RS-SS-230_091225.pdf
355520,Turiúba,2025,Res SS 230/2025,2025-12-09,2025,bonus,0.0,E_RS-SS-230_091225.pdf
355520,Turiúba,2025,Res SS 230/2025,2025-12-09,3,fixo,10120.0,E_RS-SS-230_091225.pdf
355520,Turiúba,2025,Res SS 230/2025,2025-12-09,3,variavel,7033.4,E_RS-SS-230_091225.pdf
355520,Turiúba,2026,Res SS 111/2026,2026-06-09,1,fixo,10120.0,E_RS-SS-111_090626.pdf
355520,Turiúba,2026,Res SS 111/2026,2026-06-09,1,variavel,8349.0,E_RS-SS-111_090626.pdf
355520,Turiúba,2026,Res SS 185/2026,2026-09-08,2,fixo,10120.0,E_RS-SS-185_080926.pdf
355520,Turiúba,2026,Res SS 185/2026,2026-09-08,2,variavel,4655.2,E_RS-SS-185_080926.pdf
355530,Turmalina,2024,Res SS 18/2024,2024-02-08,1,fixo,10002.0,E_R-SS-18_080224.pdf
355530,Turmalina,2024,Res SS 140/2024,2024-06-20,2,fixo,10002.0,E_R-SS-140_200624.pdf
355530,Turmalina,2024,Res SS 140/2024,2024-06-20,2,variavel,6668.0,E_R-SS-140_200624.pdf
355530,Turmalina,2024,Res SS 140/2024,2024-06-20,3,fixo,10002.0,E_R-SS-140_200624.pdf
355530,Turmalina,2024,Res SS 140/2024,2024-06-20,3,variavel,6668.0,E_R-SS-140_200624.pdf
355530,Turmalina,2025,Res SS 13/2025,2025-01-24,1,fixo,8335.0,E_R-SS-13_240125.pdf
355530,Turmalina,2025,Res SS 97/2025,2025-05-30,2,fixo,8335.0,E_R-SS-97_300525.pdf
355530,Turmalina,2025,Res SS 180/2025,2025-10-08,1+2,variavel,13669.4,E_RS-SS-180_081025.pdf
355530,Turmalina,2025,Res SS 230/2025,2025-12-09,2,ajuste,1416.95,E_RS-SS-230_091225.pdf
355530,Turmalina,2025,Res SS 230/2025,2025-12-09,2025,bonus,0.0,E_RS-SS-230_091225.pdf
355530,Turmalina,2025,Res SS 230/2025,2025-12-09,3,fixo,8335.0,E_RS-SS-230_091225.pdf
355530,Turmalina,2025,Res SS 230/2025,2025-12-09,3,variavel,8335.0,E_RS-SS-230_091225.pdf
355530,Turmalina,2026,Res SS 111/2026,2026-06-09,1,fixo,8335.0,E_RS-SS-111_090626.pdf
355530,Turmalina,2026,Res SS 111/2026,2026-06-09,1,variavel,8335.0,E_RS-SS-111_090626.pdf
355530,Turmalina,2026,Res SS 185/2026,2026-09-08,2,fixo,8335.0,E_RS-SS-185_080926.pdf
355530,Turmalina,2026,Res SS 185/2026,2026-09-08,2,variavel,8335.0,E_RS-SS-185_080926.pdf
355535,Ubarana,2024,Res SS 18/2024,2024-02-08,1,fixo,19464.0,E_R-SS-18_080224.pdf
355535,Ubarana,2024,Res SS 140/2024,2024-06-20,2,fixo,19464.0,E_R-SS-140_200624.pdf
355535,Ubarana,2024,Res SS 140/2024,2024-06-20,2,variavel,6708.59,E_R-SS-140_200624.pdf
355535,Ubarana,2024,Res SS 140/2024,2024-06-20,3,fixo,19464.0,E_R-SS-140_200624.pdf
355535,Ubarana,2024,Res SS 140/2024,2024-06-20,3,variavel,6708.59,E_R-SS-140_200624.pdf
355535,Ubarana,2025,Res SS 13/2025,2025-01-24,1,fixo,16220.0,E_R-SS-13_240125.pdf
355535,Ubarana,2025,Res SS 97/2025,2025-05-30,2,fixo,16220.0,E_R-SS-97_300525.pdf
355535,Ubarana,2025,Res SS 180/2025,2025-10-08,1+2,variavel,16544.4,E_RS-SS-180_081025.pdf
355535,Ubarana,2025,Res SS 230/2025,2025-12-09,2,ajuste,6269.03,E_RS-SS-230_091225.pdf
355535,Ubarana,2025,Res SS 230/2025,2025-12-09,2025,bonus,0.0,E_RS-SS-230_091225.pdf
355535,Ubarana,2025,Res SS 230/2025,2025-12-09,3,fixo,16220.0,E_RS-SS-230_091225.pdf
355535,Ubarana,2025,Res SS 230/2025,2025-12-09,3,variavel,15084.6,E_RS-SS-230_091225.pdf
355535,Ubarana,2026,Res SS 111/2026,2026-06-09,1,fixo,16220.0,E_RS-SS-111_090626.pdf
355535,Ubarana,2026,Res SS 111/2026,2026-06-09,1,variavel,16220.0,E_RS-SS-111_090626.pdf
355535,Ubarana,2026,Res SS 185/2026,2026-09-08,2,fixo,16220.0,E_RS-SS-185_080926.pdf
355535,Ubarana,2026,Res SS 185/2026,2026-09-08,2,variavel,13219.3,E_RS-SS-185_080926.pdf
355540,Ubatuba,2024,Res SS 18/2024,2024-02-08,1,fixo,464095.0,E_R-SS-18_080224.pdf
355540,Ubatuba,2024,Res SS 140/2024,2024-06-20,2,fixo,464095.0,E_R-SS-140_200624.pdf
355540,Ubatuba,2024,Res SS 140/2024,2024-06-20,2,variavel,233594.48,E_R-SS-140_200624.pdf
355540,Ubatuba,2024,Res SS 140/2024,2024-06-20,3,fixo,464095.0,E_R-SS-140_200624.pdf
355540,Ubatuba,2024,Res SS 140/2024,2024-06-20,3,variavel,233594.48,E_R-SS-140_200624.pdf
355540,Ubatuba,2025,Res SS 13/2025,2025-01-24,1,fixo,386745.83,E_R-SS-13_240125.pdf
355540,Ubatuba,2025,Res SS 97/2025,2025-05-30,2,fixo,386745.83,E_R-SS-97_300525.pdf
355540,Ubatuba,2025,Res SS 180/2025,2025-10-08,1+2,variavel,201107.83,E_RS-SS-180_081025.pdf
355540,Ubatuba,2025,Res SS 230/2025,2025-12-09,2,ajuste,193372.92,E_RS-SS-230_091225.pdf
355540,Ubatuba,2025,Res SS 230/2025,2025-12-09,2025,bonus,0.0,E_RS-SS-230_091225.pdf
355540,Ubatuba,2025,Res SS 230/2025,2025-12-09,3,fixo,386745.83,E_RS-SS-230_091225.pdf
355540,Ubatuba,2025,Res SS 230/2025,2025-12-09,3,variavel,262987.17,E_RS-SS-230_091225.pdf
355540,Ubatuba,2026,Res SS 111/2026,2026-06-09,1,fixo,386745.83,E_RS-SS-111_090626.pdf
355540,Ubatuba,2026,Res SS 111/2026,2026-06-09,1,variavel,280390.73,E_RS-SS-111_090626.pdf
355540,Ubatuba,2026,Res SS 185/2026,2026-09-08,2,fixo,386745.83,E_RS-SS-185_080926.pdf
355540,Ubatuba,2026,Res SS 185/2026,2026-09-08,2,variavel,242683.01,E_RS-SS-185_080926.pdf
355550,Ubirajara,2024,Res SS 18/2024,2024-02-08,1,fixo,38624.0,E_R-SS-18_080224.pdf
355550,Ubirajara,2024,Res SS 140/2024,2024-06-20,2,fixo,38624.0,E_R-SS-140_200624.pdf
355550,Ubirajara,2024,Res SS 140/2024,2024-06-20,2,variavel,10763.22,E_R-SS-140_200624.pdf
355550,Ubirajara,2024,Res SS 140/2024,2024-06-20,3,fixo,38624.0,E_R-SS-140_200624.pdf
355550,Ubirajara,2024,Res SS 140/2024,2024-06-20,3,variavel,10763.22,E_R-SS-140_200624.pdf
355550,Ubirajara,2025,Res SS 13/2025,2025-01-24,1,fixo,32186.67,E_R-SS-13_240125.pdf
355550,Ubirajara,2025,Res SS 97/2025,2025-05-30,2,fixo,32186.67,E_R-SS-97_300525.pdf
355550,Ubirajara,2025,Res SS 180/2025,2025-10-08,1+2,variavel,27680.53,E_RS-SS-180_081025.pdf
355550,Ubirajara,2025,Res SS 230/2025,2025-12-09,2,ajuste,3331.32,E_RS-SS-230_091225.pdf
355550,Ubirajara,2025,Res SS 230/2025,2025-12-09,2025,bonus,0.0,E_RS-SS-230_091225.pdf
355550,Ubirajara,2025,Res SS 230/2025,2025-12-09,3,fixo,32186.67,E_RS-SS-230_091225.pdf
355550,Ubirajara,2025,Res SS 230/2025,2025-12-09,3,variavel,14805.87,E_RS-SS-230_091225.pdf
355550,Ubirajara,2026,Res SS 111/2026,2026-06-09,1,fixo,32186.67,E_RS-SS-111_090626.pdf
355550,Ubirajara,2026,Res SS 111/2026,2026-06-09,1,variavel,26554.0,E_RS-SS-111_090626.pdf
355550,Ubirajara,2026,Res SS 185/2026,2026-09-08,2,fixo,32186.67,E_RS-SS-185_080926.pdf
355550,Ubirajara,2026,Res SS 185/2026,2026-09-08,2,variavel,23174.4,E_RS-SS-185_080926.pdf
355560,Uchoa,2024,Res SS 18/2024,2024-02-08,1,fixo,61146.0,E_R-SS-18_080224.pdf
355560,Uchoa,2024,Res SS 140/2024,2024-06-20,2,fixo,61146.0,E_R-SS-140_200624.pdf
355560,Uchoa,2024,Res SS 140/2024,2024-06-20,2,variavel,38562.74,E_R-SS-140_200624.pdf
355560,Uchoa,2024,Res SS 140/2024,2024-06-20,3,fixo,61146.0,E_R-SS-140_200624.pdf
355560,Uchoa,2024,Res SS 140/2024,2024-06-20,3,variavel,38562.74,E_R-SS-140_200624.pdf
355560,Uchoa,2025,Res SS 13/2025,2025-01-24,1,fixo,50955.0,E_R-SS-13_240125.pdf
355560,Uchoa,2025,Res SS 97/2025,2025-05-30,2,fixo,50955.0,E_R-SS-97_300525.pdf
355560,Uchoa,2025,Res SS 180/2025,2025-10-08,1+2,variavel,44840.4,E_RS-SS-180_081025.pdf
355560,Uchoa,2025,Res SS 230/2025,2025-12-09,2,ajuste,23541.21,E_RS-SS-230_091225.pdf
355560,Uchoa,2025,Res SS 230/2025,2025-12-09,2025,bonus,0.0,E_RS-SS-230_091225.pdf
355560,Uchoa,2025,Res SS 230/2025,2025-12-09,3,fixo,50955.0,E_RS-SS-230_091225.pdf
355560,Uchoa,2025,Res SS 230/2025,2025-12-09,3,variavel,43311.75,E_RS-SS-230_091225.pdf
355560,Uchoa,2026,Res SS 111/2026,2026-06-09,1,fixo,50955.0,E_RS-SS-111_090626.pdf
355560,Uchoa,2026,Res SS 111/2026,2026-06-09,1,variavel,50955.0,E_RS-SS-111_090626.pdf
355560,Uchoa,2026,Res SS 185/2026,2026-09-08,2,fixo,50955.0,E_RS-SS-185_080926.pdf
355560,Uchoa,2026,Res SS 185/2026,2026-09-08,2,variavel,32101.65,E_RS-SS-185_080926.pdf
355570,União Paulista,2024,Res SS 18/2024,2024-02-08,1,fixo,11316.0,E_R-SS-18_080224.pdf
355570,União Paulista,2024,Res SS 140/2024,2024-06-20,2,fixo,11316.0,E_R-SS-140_200624.pdf
355570,União Paulista,2024,Res SS 140/2024,2024-06-20,2,variavel,7544.0,E_R-SS-140_200624.pdf
355570,União Paulista,2024,Res SS 140/2024,2024-06-20,3,fixo,11316.0,E_R-SS-140_200624.pdf
355570,União Paulista,2024,Res SS 140/2024,2024-06-20,3,variavel,7544.0,E_R-SS-140_200624.pdf
355570,União Paulista,2025,Res SS 13/2025,2025-01-24,1,fixo,9430.0,E_R-SS-13_240125.pdf
355570,União Paulista,2025,Res SS 97/2025,2025-05-30,2,fixo,9430.0,E_R-SS-97_300525.pdf
355570,União Paulista,2025,Res SS 180/2025,2025-10-08,1+2,variavel,18860.0,E_RS-SS-180_081025.pdf
355570,União Paulista,2025,Res SS 230/2025,2025-12-09,2,ajuste,0.0,E_RS-SS-230_091225.pdf
355570,União Paulista,2025,Res SS 230/2025,2025-12-09,2025,bonus,28290.0,E_RS-SS-230_091225.pdf
355570,União Paulista,2025,Res SS 230/2025,2025-12-09,3,fixo,9430.0,E_RS-SS-230_091225.pdf
355570,União Paulista,2025,Res SS 230/2025,2025-12-09,3,variavel,9430.0,E_RS-SS-230_091225.pdf
355570,União Paulista,2026,Res SS 111/2026,2026-06-09,1,fixo,9430.0,E_RS-SS-111_090626.pdf
355570,União Paulista,2026,Res SS 111/2026,2026-06-09,1,variavel,8156.95,E_RS-SS-111_090626.pdf
355570,União Paulista,2026,Res SS 185/2026,2026-09-08,2,fixo,9430.0,E_RS-SS-185_080926.pdf
355570,União Paulista,2026,Res SS 185/2026,2026-09-08,2,variavel,6318.1,E_RS-SS-185_080926.pdf
355580,Urânia,2024,Res SS 18/2024,2024-02-08,1,fixo,63875.0,E_R-SS-18_080224.pdf
355580,Urânia,2024,Res SS 140/2024,2024-06-20,2,fixo,63875.0,E_R-SS-140_200624.pdf
355580,Urânia,2024,Res SS 140/2024,2024-06-20,2,variavel,42583.33,E_R-SS-140_200624.pdf
355580,Urânia,2024,Res SS 140/2024,2024-06-20,3,fixo,63875.0,E_R-SS-140_200624.pdf
355580,Urânia,2024,Res SS 140/2024,2024-06-20,3,variavel,42583.33,E_R-SS-140_200624.pdf
355580,Urânia,2025,Res SS 13/2025,2025-01-24,1,fixo,53229.17,E_R-SS-13_240125.pdf
355580,Urânia,2025,Res SS 97/2025,2025-05-30,2,fixo,53229.17,E_R-SS-97_300525.pdf
355580,Urânia,2025,Res SS 180/2025,2025-10-08,1+2,variavel,60681.25,E_RS-SS-180_081025.pdf
355580,Urânia,2025,Res SS 230/2025,2025-12-09,2,ajuste,21185.21,E_RS-SS-230_091225.pdf
355580,Urânia,2025,Res SS 230/2025,2025-12-09,2025,bonus,0.0,E_RS-SS-230_091225.pdf
355580,Urânia,2025,Res SS 230/2025,2025-12-09,3,fixo,53229.17,E_RS-SS-230_091225.pdf
355580,Urânia,2025,Res SS 230/2025,2025-12-09,3,variavel,41518.75,E_RS-SS-230_091225.pdf
355580,Urânia,2026,Res SS 111/2026,2026-06-09,1,fixo,53229.17,E_RS-SS-111_090626.pdf
355580,Urânia,2026,Res SS 111/2026,2026-06-09,1,variavel,52164.58,E_RS-SS-111_090626.pdf
355580,Urânia,2026,Res SS 185/2026,2026-09-08,2,fixo,53229.17,E_RS-SS-185_080926.pdf
355580,Urânia,2026,Res SS 185/2026,2026-09-08,2,variavel,24485.42,E_RS-SS-185_080926.pdf
355590,Uru,2024,Res SS 18/2024,2024-02-08,1,fixo,6852.0,E_R-SS-18_080224.pdf
355590,Uru,2024,Res SS 140/2024,2024-06-20,2,fixo,6852.0,E_R-SS-140_200624.pdf
355590,Uru,2024,Res SS 140/2024,2024-06-20,2,variavel,4568.0,E_R-SS-140_200624.pdf
355590,Uru,2024,Res SS 140/2024,2024-06-20,3,fixo,6852.0,E_R-SS-140_200624.pdf
355590,Uru,2024,Res SS 140/2024,2024-06-20,3,variavel,4568.0,E_R-SS-140_200624.pdf
355590,Uru,2025,Res SS 13/2025,2025-01-24,1,fixo,5710.0,E_R-SS-13_240125.pdf
355590,Uru,2025,Res SS 97/2025,2025-05-30,2,fixo,5710.0,E_R-SS-97_300525.pdf
355590,Uru,2025,Res SS 180/2025,2025-10-08,1+2,variavel,5481.6,E_RS-SS-180_081025.pdf
355590,Uru,2025,Res SS 230/2025,2025-12-09,2,ajuste,2969.2,E_RS-SS-230_091225.pdf
355590,Uru,2025,Res SS 230/2025,2025-12-09,2025,bonus,0.0,E_RS-SS-230_091225.pdf
355590,Uru,2025,Res SS 230/2025,2025-12-09,3,fixo,5710.0,E_RS-SS-230_091225.pdf
355590,Uru,2025,Res SS 230/2025,2025-12-09,3,variavel,5081.9,E_RS-SS-230_091225.pdf
355590,Uru,2026,Res SS 111/2026,2026-06-09,1,fixo,5710.0,E_RS-SS-111_090626.pdf
355590,Uru,2026,Res SS 111/2026,2026-06-09,1,variavel,3597.3,E_RS-SS-111_090626.pdf
355590,Uru,2026,Res SS 185/2026,2026-09-08,2,fixo,5710.0,E_RS-SS-185_080926.pdf
355590,Uru,2026,Res SS 185/2026,2026-09-08,2,variavel,5710.0,E_RS-SS-185_080926.pdf
355600,Urupês,2024,Res SS 18/2024,2024-02-08,1,fixo,83790.0,E_R-SS-18_080224.pdf
355600,Urupês,2024,Res SS 140/2024,2024-06-20,2,fixo,83790.0,E_R-SS-140_200624.pdf
355600,Urupês,2024,Res SS 140/2024,2024-06-20,2,variavel,51614.64,E_R-SS-140_200624.pdf
355600,Urupês,2024,Res SS 140/2024,2024-06-20,3,fixo,83790.0,E_R-SS-140_200624.pdf
355600,Urupês,2024,Res SS 140/2024,2024-06-20,3,variavel,51614.64,E_R-SS-140_200624.pdf
355600,Urupês,2025,Res SS 13/2025,2025-01-24,1,fixo,69825.0,E_R-SS-13_240125.pdf
355600,Urupês,2025,Res SS 97/2025,2025-05-30,2,fixo,69825.0,E_R-SS-97_300525.pdf
355600,Urupês,2025,Res SS 180/2025,2025-10-08,1+2,variavel,136857.0,E_RS-SS-180_081025.pdf
355600,Urupês,2025,Res SS 230/2025,2025-12-09,2,ajuste,698.25,E_RS-SS-230_091225.pdf
355600,Urupês,2025,Res SS 230/2025,2025-12-09,2025,bonus,209475.0,E_RS-SS-230_091225.pdf
355600,Urupês,2025,Res SS 230/2025,2025-12-09,3,fixo,69825.0,E_RS-SS-230_091225.pdf
355600,Urupês,2025,Res SS 230/2025,2025-12-09,3,variavel,66682.88,E_RS-SS-230_091225.pdf
355600,Urupês,2026,Res SS 111/2026,2026-06-09,1,fixo,69825.0,E_RS-SS-111_090626.pdf
355600,Urupês,2026,Res SS 111/2026,2026-06-09,1,variavel,67730.25,E_RS-SS-111_090626.pdf
355600,Urupês,2026,Res SS 185/2026,2026-09-08,2,fixo,69825.0,E_RS-SS-185_080926.pdf
355600,Urupês,2026,Res SS 185/2026,2026-09-08,2,variavel,67730.25,E_RS-SS-185_080926.pdf
355610,Valentim Gentil,2024,Res SS 18/2024,2024-02-08,1,fixo,96124.0,E_R-SS-18_080224.pdf
355610,Valentim Gentil,2024,Res SS 140/2024,2024-06-20,2,fixo,96124.0,E_R-SS-140_200624.pdf
355610,Valentim Gentil,2024,Res SS 140/2024,2024-06-20,2,variavel,56392.75,E_R-SS-140_200624.pdf
355610,Valentim Gentil,2024,Res SS 140/2024,2024-06-20,3,fixo,96124.0,E_R-SS-140_200624.pdf
355610,Valentim Gentil,2024,Res SS 140/2024,2024-06-20,3,variavel,56392.75,E_R-SS-140_200624.pdf
355610,Valentim Gentil,2025,Res SS 13/2025,2025-01-24,1,fixo,80103.33,E_R-SS-13_240125.pdf
355610,Valentim Gentil,2025,Res SS 97/2025,2025-05-30,2,fixo,80103.33,E_R-SS-97_300525.pdf
355610,Valentim Gentil,2025,Res SS 180/2025,2025-10-08,1+2,variavel,76899.2,E_RS-SS-180_081025.pdf
355610,Valentim Gentil,2025,Res SS 230/2025,2025-12-09,2,ajuste,40852.7,E_RS-SS-230_091225.pdf
355610,Valentim Gentil,2025,Res SS 230/2025,2025-12-09,2025,bonus,0.0,E_RS-SS-230_091225.pdf
355610,Valentim Gentil,2025,Res SS 230/2025,2025-12-09,3,fixo,80103.33,E_RS-SS-230_091225.pdf
355610,Valentim Gentil,2025,Res SS 230/2025,2025-12-09,3,variavel,74496.1,E_RS-SS-230_091225.pdf
355610,Valentim Gentil,2026,Res SS 111/2026,2026-06-09,1,fixo,80103.33,E_RS-SS-111_090626.pdf
355610,Valentim Gentil,2026,Res SS 111/2026,2026-06-09,1,variavel,80103.33,E_RS-SS-111_090626.pdf
355610,Valentim Gentil,2026,Res SS 185/2026,2026-09-08,2,fixo,80103.33,E_RS-SS-185_080926.pdf
355610,Valentim Gentil,2026,Res SS 185/2026,2026-09-08,2,variavel,80103.33,E_RS-SS-185_080926.pdf
355620,Valinhos,2024,Res SS 18/2024,2024-02-08,1,fixo,399507.0,E_R-SS-18_080224.pdf
355620,Valinhos,2024,Res SS 140/2024,2024-06-20,2,fixo,399507.0,E_R-SS-140_200624.pdf
355620,Valinhos,2024,Res SS 140/2024,2024-06-20,2,variavel,169923.64,E_R-SS-140_200624.pdf
355620,Valinhos,2024,Res SS 140/2024,2024-06-20,3,fixo,399507.0,E_R-SS-140_200624.pdf
355620,Valinhos,2024,Res SS 140/2024,2024-06-20,3,variavel,169923.64,E_R-SS-140_200624.pdf
355620,Valinhos,2025,Res SS 13/2025,2025-01-24,1,fixo,332922.5,E_R-SS-13_240125.pdf
355620,Valinhos,2025,Res SS 97/2025,2025-05-30,2,fixo,332922.5,E_R-SS-97_300525.pdf
355620,Valinhos,2025,Res SS 180/2025,2025-10-08,1+2,variavel,239704.2,E_RS-SS-180_081025.pdf
355620,Valinhos,2025,Res SS 230/2025,2025-12-09,2,ajuste,44944.54,E_RS-SS-230_091225.pdf
355620,Valinhos,2025,Res SS 230/2025,2025-12-09,2025,bonus,0.0,E_RS-SS-230_091225.pdf
355620,Valinhos,2025,Res SS 230/2025,2025-12-09,3,fixo,332922.5,E_RS-SS-230_091225.pdf
355620,Valinhos,2025,Res SS 230/2025,2025-12-09,3,variavel,242201.12,E_RS-SS-230_091225.pdf
355620,Valinhos,2026,Res SS 111/2026,2026-06-09,1,fixo,332922.5,E_RS-SS-111_090626.pdf
355620,Valinhos,2026,Res SS 111/2026,2026-06-09,1,variavel,233045.75,E_RS-SS-111_090626.pdf
355620,Valinhos,2026,Res SS 185/2026,2026-09-08,2,fixo,332922.5,E_RS-SS-185_080926.pdf
355620,Valinhos,2026,Res SS 185/2026,2026-09-08,2,variavel,146485.9,E_RS-SS-185_080926.pdf
355630,Valparaíso,2024,Res SS 18/2024,2024-02-08,1,fixo,162924.0,E_R-SS-18_080224.pdf
355630,Valparaíso,2024,Res SS 140/2024,2024-06-20,2,fixo,162924.0,E_R-SS-140_200624.pdf
355630,Valparaíso,2024,Res SS 140/2024,2024-06-20,2,variavel,105140.29,E_R-SS-140_200624.pdf
355630,Valparaíso,2024,Res SS 140/2024,2024-06-20,3,fixo,162924.0,E_R-SS-140_200624.pdf
355630,Valparaíso,2024,Res SS 140/2024,2024-06-20,3,variavel,105140.29,E_R-SS-140_200624.pdf
355630,Valparaíso,2025,Res SS 13/2025,2025-01-24,1,fixo,135770.0,E_R-SS-13_240125.pdf
355630,Valparaíso,2025,Res SS 97/2025,2025-05-30,2,fixo,135770.0,E_R-SS-97_300525.pdf
355630,Valparaíso,2025,Res SS 180/2025,2025-10-08,1+2,variavel,165639.4,E_RS-SS-180_081025.pdf
355630,Valparaíso,2025,Res SS 230/2025,2025-12-09,2,ajuste,51592.6,E_RS-SS-230_091225.pdf
355630,Valparaíso,2025,Res SS 230/2025,2025-12-09,2025,bonus,0.0,E_RS-SS-230_091225.pdf
355630,Valparaíso,2025,Res SS 230/2025,2025-12-09,3,fixo,135770.0,E_RS-SS-230_091225.pdf
355630,Valparaíso,2025,Res SS 230/2025,2025-12-09,3,variavel,94360.15,E_RS-SS-230_091225.pdf
355630,Valparaíso,2026,Res SS 111/2026,2026-06-09,1,fixo,135770.0,E_RS-SS-111_090626.pdf
355630,Valparaíso,2026,Res SS 111/2026,2026-06-09,1,variavel,103864.05,E_RS-SS-111_090626.pdf
355630,Valparaíso,2026,Res SS 185/2026,2026-09-08,2,fixo,135770.0,E_RS-SS-185_080926.pdf
355630,Valparaíso,2026,Res SS 185/2026,2026-09-08,2,variavel,59738.8,E_RS-SS-185_080926.pdf
355635,Vargem,2024,Res SS 18/2024,2024-02-08,1,fixo,65052.0,E_R-SS-18_080224.pdf
355635,Vargem,2024,Res SS 140/2024,2024-06-20,2,fixo,65052.0,E_R-SS-140_200624.pdf
355635,Vargem,2024,Res SS 140/2024,2024-06-20,2,variavel,41980.22,E_R-SS-140_200624.pdf
355635,Vargem,2024,Res SS 140/2024,2024-06-20,3,fixo,65052.0,E_R-SS-140_200624.pdf
355635,Vargem,2024,Res SS 140/2024,2024-06-20,3,variavel,41980.22,E_R-SS-140_200624.pdf
355635,Vargem,2025,Res SS 13/2025,2025-01-24,1,fixo,54210.0,E_R-SS-13_240125.pdf
355635,Vargem,2025,Res SS 97/2025,2025-05-30,2,fixo,54210.0,E_R-SS-97_300525.pdf
355635,Vargem,2025,Res SS 180/2025,2025-10-08,1+2,variavel,43368.0,E_RS-SS-180_081025.pdf
355635,Vargem,2025,Res SS 230/2025,2025-12-09,2,ajuste,21250.32,E_RS-SS-230_091225.pdf
355635,Vargem,2025,Res SS 230/2025,2025-12-09,2025,bonus,0.0,E_RS-SS-230_091225.pdf
355635,Vargem,2025,Res SS 230/2025,2025-12-09,3,fixo,54210.0,E_RS-SS-230_091225.pdf
355635,Vargem,2025,Res SS 230/2025,2025-12-09,3,variavel,41741.7,E_RS-SS-230_091225.pdf
355635,Vargem,2026,Res SS 111/2026,2026-06-09,1,fixo,54210.0,E_RS-SS-111_090626.pdf
355635,Vargem,2026,Res SS 111/2026,2026-06-09,1,variavel,52854.75,E_RS-SS-111_090626.pdf
355635,Vargem,2026,Res SS 185/2026,2026-09-08,2,fixo,54210.0,E_RS-SS-185_080926.pdf
355635,Vargem,2026,Res SS 185/2026,2026-09-08,2,variavel,54210.0,E_RS-SS-185_080926.pdf
355640,Vargem Grande Do Sul,2024,Res SS 18/2024,2024-02-08,1,fixo,260208.0,E_R-SS-18_080224.pdf
355640,Vargem Grande Do Sul,2024,Res SS 140/2024,2024-06-20,2,fixo,260208.0,E_R-SS-140_200624.pdf
355640,Vargem Grande Do Sul,2024,Res SS 140/2024,2024-06-20,2,variavel,117093.6,E_R-SS-140_200624.pdf
355640,Vargem Grande Do Sul,2024,Res SS 140/2024,2024-06-20,3,fixo,260208.0,E_R-SS-140_200624.pdf
355640,Vargem Grande Do Sul,2024,Res SS 140/2024,2024-06-20,3,variavel,117093.6,E_R-SS-140_200624.pdf
355640,Vargem Grande Do Sul,2025,Res SS 13/2025,2025-01-24,1,fixo,216840.0,E_R-SS-13_240125.pdf
355640,Vargem Grande Do Sul,2025,Res SS 97/2025,2025-05-30,2,fixo,216840.0,E_R-SS-97_300525.pdf
355640,Vargem Grande Do Sul,2025,Res SS 180/2025,2025-10-08,1+2,variavel,151788.0,E_RS-SS-180_081025.pdf
355640,Vargem Grande Do Sul,2025,Res SS 230/2025,2025-12-09,2,ajuste,54101.58,E_RS-SS-230_091225.pdf
355640,Vargem Grande Do Sul,2025,Res SS 230/2025,2025-12-09,2025,bonus,0.0,E_RS-SS-230_091225.pdf
355640,Vargem Grande Do Sul,2025,Res SS 230/2025,2025-12-09,3,fixo,216840.0,E_RS-SS-230_091225.pdf
355640,Vargem Grande Do Sul,2025,Res SS 230/2025,2025-12-09,3,variavel,144740.7,E_RS-SS-230_091225.pdf
355640,Vargem Grande Do Sul,2026,Res SS 111/2026,2026-06-09,1,fixo,216840.0,E_RS-SS-111_090626.pdf
355640,Vargem Grande Do Sul,2026,Res SS 111/2026,2026-06-09,1,variavel,117093.6,E_RS-SS-111_090626.pdf
355640,Vargem Grande Do Sul,2026,Res SS 185/2026,2026-09-08,2,fixo,216840.0,E_RS-SS-185_080926.pdf
355640,Vargem Grande Do Sul,2026,Res SS 185/2026,2026-09-08,2,variavel,216840.0,E_RS-SS-185_080926.pdf
355645,Vargem Grande Paulista,2024,Res SS 18/2024,2024-02-08,1,fixo,162945.0,E_R-SS-18_080224.pdf
355645,Vargem Grande Paulista,2024,Res SS 140/2024,2024-06-20,2,fixo,162945.0,E_R-SS-140_200624.pdf
355645,Vargem Grande Paulista,2024,Res SS 140/2024,2024-06-20,2,variavel,83047.64,E_R-SS-140_200624.pdf
355645,Vargem Grande Paulista,2024,Res SS 140/2024,2024-06-20,3,fixo,162945.0,E_R-SS-140_200624.pdf
355645,Vargem Grande Paulista,2024,Res SS 140/2024,2024-06-20,3,variavel,83047.64,E_R-SS-140_200624.pdf
355645,Vargem Grande Paulista,2025,Res SS 13/2025,2025-01-24,1,fixo,135787.5,E_R-SS-13_240125.pdf
355645,Vargem Grande Paulista,2025,Res SS 97/2025,2025-05-30,2,fixo,135787.5,E_R-SS-97_300525.pdf
355645,Vargem Grande Paulista,2025,Res SS 180/2025,2025-10-08,1+2,variavel,160229.25,E_RS-SS-180_081025.pdf
355645,Vargem Grande Paulista,2025,Res SS 230/2025,2025-12-09,2,ajuste,30416.4,E_RS-SS-230_091225.pdf
355645,Vargem Grande Paulista,2025,Res SS 230/2025,2025-12-09,2025,bonus,0.0,E_RS-SS-230_091225.pdf
355645,Vargem Grande Paulista,2025,Res SS 230/2025,2025-12-09,3,fixo,135787.5,E_RS-SS-230_091225.pdf
355645,Vargem Grande Paulista,2025,Res SS 230/2025,2025-12-09,3,variavel,135787.5,E_RS-SS-230_091225.pdf
355645,Vargem Grande Paulista,2026,Res SS 111/2026,2026-06-09,1,fixo,135787.5,E_RS-SS-111_090626.pdf
355645,Vargem Grande Paulista,2026,Res SS 111/2026,2026-06-09,1,variavel,135787.5,E_RS-SS-111_090626.pdf
355645,Vargem Grande Paulista,2026,Res SS 185/2026,2026-09-08,2,fixo,135787.5,E_RS-SS-185_080926.pdf
355645,Vargem Grande Paulista,2026,Res SS 185/2026,2026-09-08,2,variavel,135787.5,E_RS-SS-185_080926.pdf
355650,Várzea Paulista,2024,Res SS 18/2024,2024-02-08,1,fixo,372807.0,E_R-SS-18_080224.pdf
355650,Várzea Paulista,2024,Res SS 140/2024,2024-06-20,2,fixo,372807.0,E_R-SS-140_200624.pdf
355650,Várzea Paulista,2024,Res SS 140/2024,2024-06-20,2,variavel,202309.93,E_R-SS-140_200624.pdf
355650,Várzea Paulista,2024,Res SS 140/2024,2024-06-20,3,fixo,372807.0,E_R-SS-140_200624.pdf
355650,Várzea Paulista,2024,Res SS 140/2024,2024-06-20,3,variavel,202309.93,E_R-SS-140_200624.pdf
355650,Várzea Paulista,2025,Res SS 13/2025,2025-01-24,1,fixo,310672.5,E_R-SS-13_240125.pdf
355650,Várzea Paulista,2025,Res SS 97/2025,2025-05-30,2,fixo,310672.5,E_R-SS-97_300525.pdf
355650,Várzea Paulista,2025,Res SS 180/2025,2025-10-08,1+2,variavel,211257.3,E_RS-SS-180_081025.pdf
355650,Várzea Paulista,2025,Res SS 230/2025,2025-12-09,2,ajuste,188267.54,E_RS-SS-230_091225.pdf
355650,Várzea Paulista,2025,Res SS 230/2025,2025-12-09,2025,bonus,0.0,E_RS-SS-230_091225.pdf
355650,Várzea Paulista,2025,Res SS 230/2025,2025-12-09,3,fixo,310672.5,E_RS-SS-230_091225.pdf
355650,Várzea Paulista,2025,Res SS 230/2025,2025-12-09,3,variavel,175529.96,E_RS-SS-230_091225.pdf
355650,Várzea Paulista,2026,Res SS 111/2026,2026-06-09,1,fixo,310672.5,E_RS-SS-111_090626.pdf
355650,Várzea Paulista,2026,Res SS 111/2026,2026-06-09,1,variavel,111842.1,E_RS-SS-111_090626.pdf
355650,Várzea Paulista,2026,Res SS 185/2026,2026-09-08,2,fixo,310672.5,E_RS-SS-185_080926.pdf
355650,Várzea Paulista,2026,Res SS 185/2026,2026-09-08,2,variavel,233004.38,E_RS-SS-185_080926.pdf
355660,Vera Cruz,2024,Res SS 18/2024,2024-02-08,1,fixo,64824.0,E_R-SS-18_080224.pdf
355660,Vera Cruz,2024,Res SS 140/2024,2024-06-20,2,fixo,64824.0,E_R-SS-140_200624.pdf
355660,Vera Cruz,2024,Res SS 140/2024,2024-06-20,2,variavel,33989.38,E_R-SS-140_200624.pdf
355660,Vera Cruz,2024,Res SS 140/2024,2024-06-20,3,fixo,64824.0,E_R-SS-140_200624.pdf
355660,Vera Cruz,2024,Res SS 140/2024,2024-06-20,3,variavel,33989.38,E_R-SS-140_200624.pdf
355660,Vera Cruz,2025,Res SS 13/2025,2025-01-24,1,fixo,54020.0,E_R-SS-13_240125.pdf
355660,Vera Cruz,2025,Res SS 97/2025,2025-05-30,2,fixo,54020.0,E_R-SS-97_300525.pdf
355660,Vera Cruz,2025,Res SS 180/2025,2025-10-08,1+2,variavel,71306.4,E_RS-SS-180_081025.pdf
355660,Vera Cruz,2025,Res SS 230/2025,2025-12-09,2,ajuste,0.0,E_RS-SS-230_091225.pdf
355660,Vera Cruz,2025,Res SS 230/2025,2025-12-09,2025,bonus,0.0,E_RS-SS-230_091225.pdf
355660,Vera Cruz,2025,Res SS 230/2025,2025-12-09,3,fixo,54020.0,E_RS-SS-230_091225.pdf
355660,Vera Cruz,2025,Res SS 230/2025,2025-12-09,3,variavel,52264.35,E_RS-SS-230_091225.pdf
355660,Vera Cruz,2026,Res SS 111/2026,2026-06-09,1,fixo,54020.0,E_RS-SS-111_090626.pdf
355660,Vera Cruz,2026,Res SS 111/2026,2026-06-09,1,variavel,28360.5,E_RS-SS-111_090626.pdf
355660,Vera Cruz,2026,Res SS 185/2026,2026-09-08,2,fixo,54020.0,E_RS-SS-185_080926.pdf
355660,Vera Cruz,2026,Res SS 185/2026,2026-09-08,2,variavel,31871.8,E_RS-SS-185_080926.pdf
355670,Vinhedo,2024,Res SS 18/2024,2024-02-08,1,fixo,244548.0,E_R-SS-18_080224.pdf
355670,Vinhedo,2024,Res SS 140/2024,2024-06-20,2,fixo,244548.0,E_R-SS-140_200624.pdf
355670,Vinhedo,2024,Res SS 140/2024,2024-06-20,2,variavel,132708.05,E_R-SS-140_200624.pdf
355670,Vinhedo,2024,Res SS 140/2024,2024-06-20,3,fixo,244548.0,E_R-SS-140_200624.pdf
355670,Vinhedo,2024,Res SS 140/2024,2024-06-20,3,variavel,132708.05,E_R-SS-140_200624.pdf
355670,Vinhedo,2025,Res SS 13/2025,2025-01-24,1,fixo,203790.0,E_R-SS-13_240125.pdf
355670,Vinhedo,2025,Res SS 97/2025,2025-05-30,2,fixo,203790.0,E_R-SS-97_300525.pdf
355670,Vinhedo,2025,Res SS 180/2025,2025-10-08,1+2,variavel,146728.8,E_RS-SS-180_081025.pdf
355670,Vinhedo,2025,Res SS 230/2025,2025-12-09,2,ajuste,53291.09,E_RS-SS-230_091225.pdf
355670,Vinhedo,2025,Res SS 230/2025,2025-12-09,2025,bonus,0.0,E_RS-SS-230_091225.pdf
355670,Vinhedo,2025,Res SS 230/2025,2025-12-09,3,fixo,203790.0,E_RS-SS-230_091225.pdf
355670,Vinhedo,2025,Res SS 230/2025,2025-12-09,3,variavel,168126.75,E_RS-SS-230_091225.pdf
355670,Vinhedo,2026,Res SS 111/2026,2026-06-09,1,fixo,203790.0,E_RS-SS-111_090626.pdf
355670,Vinhedo,2026,Res SS 111/2026,2026-06-09,1,variavel,187486.8,E_RS-SS-111_090626.pdf
355670,Vinhedo,2026,Res SS 185/2026,2026-09-08,2,fixo,203790.0,E_RS-SS-185_080926.pdf
355670,Vinhedo,2026,Res SS 185/2026,2026-09-08,2,variavel,180863.63,E_RS-SS-185_080926.pdf
355680,Viradouro,2024,Res SS 18/2024,2024-02-08,1,fixo,114798.0,E_R-SS-18_080224.pdf
355680,Viradouro,2024,Res SS 140/2024,2024-06-20,2,fixo,114798.0,E_R-SS-140_200624.pdf
355680,Viradouro,2024,Res SS 140/2024,2024-06-20,2,variavel,58929.64,E_R-SS-140_200624.pdf
355680,Viradouro,2024,Res SS 140/2024,2024-06-20,3,fixo,114798.0,E_R-SS-140_200624.pdf
355680,Viradouro,2024,Res SS 140/2024,2024-06-20,3,variavel,58929.64,E_R-SS-140_200624.pdf
355680,Viradouro,2025,Res SS 13/2025,2025-01-24,1,fixo,95665.0,E_R-SS-13_240125.pdf
355680,Viradouro,2025,Res SS 97/2025,2025-05-30,2,fixo,95665.0,E_R-SS-97_300525.pdf
355680,Viradouro,2025,Res SS 180/2025,2025-10-08,1+2,variavel,95665.0,E_RS-SS-180_081025.pdf
355680,Viradouro,2025,Res SS 230/2025,2025-12-09,2,ajuste,38457.33,E_RS-SS-230_091225.pdf
355680,Viradouro,2025,Res SS 230/2025,2025-12-09,2025,bonus,0.0,E_RS-SS-230_091225.pdf
355680,Viradouro,2025,Res SS 230/2025,2025-12-09,3,fixo,95665.0,E_RS-SS-230_091225.pdf
355680,Viradouro,2025,Res SS 230/2025,2025-12-09,3,variavel,92795.05,E_RS-SS-230_091225.pdf
355680,Viradouro,2026,Res SS 111/2026,2026-06-09,1,fixo,95665.0,E_RS-SS-111_090626.pdf
355680,Viradouro,2026,Res SS 111/2026,2026-06-09,1,variavel,95186.68,E_RS-SS-111_090626.pdf
355680,Viradouro,2026,Res SS 185/2026,2026-09-08,2,fixo,95665.0,E_RS-SS-185_080926.pdf
355680,Viradouro,2026,Res SS 185/2026,2026-09-08,2,variavel,82750.23,E_RS-SS-185_080926.pdf
355690,Vista Alegre Do Alto,2024,Res SS 18/2024,2024-02-08,1,fixo,27489.0,E_R-SS-18_080224.pdf
355690,Vista Alegre Do Alto,2024,Res SS 140/2024,2024-06-20,2,fixo,27489.0,E_R-SS-140_200624.pdf
355690,Vista Alegre Do Alto,2024,Res SS 140/2024,2024-06-20,2,variavel,18326.0,E_R-SS-140_200624.pdf
355690,Vista Alegre Do Alto,2024,Res SS 140/2024,2024-06-20,3,fixo,27489.0,E_R-SS-140_200624.pdf
355690,Vista Alegre Do Alto,2024,Res SS 140/2024,2024-06-20,3,variavel,18326.0,E_R-SS-140_200624.pdf
355690,Vista Alegre Do Alto,2025,Res SS 13/2025,2025-01-24,1,fixo,22907.5,E_R-SS-13_240125.pdf
355690,Vista Alegre Do Alto,2025,Res SS 97/2025,2025-05-30,2,fixo,22907.5,E_R-SS-97_300525.pdf
355690,Vista Alegre Do Alto,2025,Res SS 180/2025,2025-10-08,1+2,variavel,45815.0,E_RS-SS-180_081025.pdf
355690,Vista Alegre Do Alto,2025,Res SS 230/2025,2025-12-09,2,ajuste,0.0,E_RS-SS-230_091225.pdf
355690,Vista Alegre Do Alto,2025,Res SS 230/2025,2025-12-09,2025,bonus,0.0,E_RS-SS-230_091225.pdf
355690,Vista Alegre Do Alto,2025,Res SS 230/2025,2025-12-09,3,fixo,22907.5,E_RS-SS-230_091225.pdf
355690,Vista Alegre Do Alto,2025,Res SS 230/2025,2025-12-09,3,variavel,22907.5,E_RS-SS-230_091225.pdf
355690,Vista Alegre Do Alto,2026,Res SS 111/2026,2026-06-09,1,fixo,22907.5,E_RS-SS-111_090626.pdf
355690,Vista Alegre Do Alto,2026,Res SS 111/2026,2026-06-09,1,variavel,22449.35,E_RS-SS-111_090626.pdf
355690,Vista Alegre Do Alto,2026,Res SS 185/2026,2026-09-08,2,fixo,22907.5,E_RS-SS-185_080926.pdf
355690,Vista Alegre Do Alto,2026,Res SS 185/2026,2026-09-08,2,variavel,14832.61,E_RS-SS-185_080926.pdf
355695,Vitória Brasil,2024,Res SS 18/2024,2024-02-08,1,fixo,11112.0,E_R-SS-18_080224.pdf
355695,Vitória Brasil,2024,Res SS 140/2024,2024-06-20,2,fixo,11112.0,E_R-SS-140_200624.pdf
355695,Vitória Brasil,2024,Res SS 140/2024,2024-06-20,2,variavel,5867.14,E_R-SS-140_200624.pdf
355695,Vitória Brasil,2024,Res SS 140/2024,2024-06-20,3,fixo,11112.0,E_R-SS-140_200624.pdf
355695,Vitória Brasil,2024,Res SS 140/2024,2024-06-20,3,variavel,5867.14,E_R-SS-140_200624.pdf
355695,Vitória Brasil,2025,Res SS 13/2025,2025-01-24,1,fixo,9260.0,E_R-SS-13_240125.pdf
355695,Vitória Brasil,2025,Res SS 97/2025,2025-05-30,2,fixo,9260.0,E_R-SS-97_300525.pdf
355695,Vitória Brasil,2025,Res SS 180/2025,2025-10-08,1+2,variavel,9445.2,E_RS-SS-180_081025.pdf
355695,Vitória Brasil,2025,Res SS 230/2025,2025-12-09,2,ajuste,3833.64,E_RS-SS-230_091225.pdf
355695,Vitória Brasil,2025,Res SS 230/2025,2025-12-09,2025,bonus,0.0,E_RS-SS-230_091225.pdf
355695,Vitória Brasil,2025,Res SS 230/2025,2025-12-09,3,fixo,9260.0,E_RS-SS-230_091225.pdf
355695,Vitória Brasil,2025,Res SS 230/2025,2025-12-09,3,variavel,8611.8,E_RS-SS-230_091225.pdf
355695,Vitória Brasil,2026,Res SS 111/2026,2026-06-09,1,fixo,9260.0,E_RS-SS-111_090626.pdf
355695,Vitória Brasil,2026,Res SS 111/2026,2026-06-09,1,variavel,7871.0,E_RS-SS-111_090626.pdf
355695,Vitória Brasil,2026,Res SS 185/2026,2026-09-08,2,fixo,9260.0,E_RS-SS-185_080926.pdf
355695,Vitória Brasil,2026,Res SS 185/2026,2026-09-08,2,variavel,9260.0,E_RS-SS-185_080926.pdf
355700,Votorantim,2024,Res SS 18/2024,2024-02-08,1,fixo,373404.0,E_R-SS-18_080224.pdf
355700,Votorantim,2024,Res SS 140/2024,2024-06-20,2,fixo,373404.0,E_R-SS-140_200624.pdf
355700,Votorantim,2024,Res SS 140/2024,2024-06-20,2,variavel,176122.22,E_R-SS-140_200624.pdf
355700,Votorantim,2024,Res SS 140/2024,2024-06-20,3,fixo,373404.0,E_R-SS-140_200624.pdf
355700,Votorantim,2024,Res SS 140/2024,2024-06-20,3,variavel,176122.22,E_R-SS-140_200624.pdf
355700,Votorantim,2025,Res SS 13/2025,2025-01-24,1,fixo,311170.0,E_R-SS-13_240125.pdf
355700,Votorantim,2025,Res SS 97/2025,2025-05-30,2,fixo,311170.0,E_R-SS-97_300525.pdf
355700,Votorantim,2025,Res SS 180/2025,2025-10-08,1+2,variavel,161808.4,E_RS-SS-180_081025.pdf
355700,Votorantim,2025,Res SS 230/2025,2025-12-09,2,ajuste,56010.6,E_RS-SS-230_091225.pdf
355700,Votorantim,2025,Res SS 230/2025,2025-12-09,2025,bonus,0.0,E_RS-SS-230_091225.pdf
355700,Votorantim,2025,Res SS 230/2025,2025-12-09,3,fixo,311170.0,E_RS-SS-230_091225.pdf
355700,Votorantim,2025,Res SS 230/2025,2025-12-09,3,variavel,239600.9,E_RS-SS-230_091225.pdf
355700,Votorantim,2026,Res SS 111/2026,2026-06-09,1,fixo,311170.0,E_RS-SS-111_090626.pdf
355700,Votorantim,2026,Res SS 111/2026,2026-06-09,1,variavel,280053.0,E_RS-SS-111_090626.pdf
355700,Votorantim,2026,Res SS 185/2026,2026-09-08,2,fixo,311170.0,E_RS-SS-185_080926.pdf
355700,Votorantim,2026,Res SS 185/2026,2026-09-08,2,variavel,269939.98,E_RS-SS-185_080926.pdf
355710,Votuporanga,2024,Res SS 18/2024,2024-02-08,1,fixo,480530.0,E_R-SS-18_080224.pdf
355710,Votuporanga,2024,Res SS 140/2024,2024-06-20,2,fixo,480530.0,E_R-SS-140_200624.pdf
355710,Votuporanga,2024,Res SS 140/2024,2024-06-20,2,variavel,287196.76,E_R-SS-140_200624.pdf
355710,Votuporanga,2024,Res SS 140/2024,2024-06-20,3,fixo,480530.0,E_R-SS-140_200624.pdf
355710,Votuporanga,2024,Res SS 140/2024,2024-06-20,3,variavel,287196.76,E_R-SS-140_200624.pdf
355710,Votuporanga,2025,Res SS 13/2025,2025-01-24,1,fixo,400441.67,E_R-SS-13_240125.pdf
355710,Votuporanga,2025,Res SS 97/2025,2025-05-30,2,fixo,400441.67,E_R-SS-97_300525.pdf
355710,Votuporanga,2025,Res SS 180/2025,2025-10-08,1+2,variavel,368406.33,E_RS-SS-180_081025.pdf
355710,Votuporanga,2025,Res SS 230/2025,2025-12-09,2,ajuste,194614.65,E_RS-SS-230_091225.pdf
355710,Votuporanga,2025,Res SS 230/2025,2025-12-09,2025,bonus,0.0,E_RS-SS-230_091225.pdf
355710,Votuporanga,2025,Res SS 230/2025,2025-12-09,3,fixo,400441.67,E_RS-SS-230_091225.pdf
355710,Votuporanga,2025,Res SS 230/2025,2025-12-09,3,variavel,260287.08,E_RS-SS-230_091225.pdf
355710,Votuporanga,2026,Res SS 111/2026,2026-06-09,1,fixo,400441.67,E_RS-SS-111_090626.pdf
355710,Votuporanga,2026,Res SS 111/2026,2026-06-09,1,variavel,400441.67,E_RS-SS-111_090626.pdf
355710,Votuporanga,2026,Res SS 185/2026,2026-09-08,2,fixo,400441.67,E_RS-SS-185_080926.pdf
355710,Votuporanga,2026,Res SS 185/2026,2026-09-08,2,variavel,346382.04,E_RS-SS-185_080926.pdf
355715,Zacarias,2024,Res SS 18/2024,2024-02-08,1,fixo,16704.0,E_R-SS-18_080224.pdf
355715,Zacarias,2024,Res SS 140/2024,2024-06-20,2,fixo,16704.0,E_R-SS-140_200624.pdf
355715,Zacarias,2024,Res SS 140/2024,2024-06-20,2,variavel,11136.0,E_R-SS-140_200624.pdf
355715,Zacarias,2024,Res SS 140/2024,2024-06-20,3,fixo,16704.0,E_R-SS-140_200624.pdf
355715,Zacarias,2024,Res SS 140/2024,2024-06-20,3,variavel,11136.0,E_R-SS-140_200624.pdf
355715,Zacarias,2025,Res SS 13/2025,2025-01-24,1,fixo,13920.0,E_R-SS-13_240125.pdf
355715,Zacarias,2025,Res SS 97/2025,2025-05-30,2,fixo,13920.0,E_R-SS-97_300525.pdf
355715,Zacarias,2025,Res SS 180/2025,2025-10-08,1+2,variavel,15590.4,E_RS-SS-180_081025.pdf
355715,Zacarias,2025,Res SS 230/2025,2025-12-09,2,ajuste,1698.24,E_RS-SS-230_091225.pdf
355715,Zacarias,2025,Res SS 230/2025,2025-12-09,2025,bonus,0.0,E_RS-SS-230_091225.pdf
355715,Zacarias,2025,Res SS 230/2025,2025-12-09,3,fixo,13920.0,E_RS-SS-230_091225.pdf
355715,Zacarias,2025,Res SS 230/2025,2025-12-09,3,variavel,9604.8,E_RS-SS-230_091225.pdf
355715,Zacarias,2026,Res SS 111/2026,2026-06-09,1,fixo,13920.0,E_RS-SS-111_090626.pdf
355715,Zacarias,2026,Res SS 111/2026,2026-06-09,1,variavel,11275.2,E_RS-SS-111_090626.pdf
355715,Zacarias,2026,Res SS 185/2026,2026-09-08,2,fixo,13920.0,E_RS-SS-185_080926.pdf
355715,Zacarias,2026,Res SS 185/2026,2026-09-08,2,variavel,13084.8,E_RS-SS-185_080926.pdf
355720,Chavantes,2024,Res SS 18/2024,2024-02-08,1,fixo,74508.0,E_R-SS-18_080224.pdf
355720,Chavantes,2024,Res SS 140/2024,2024-06-20,2,fixo,74508.0,E_R-SS-140_200624.pdf
355720,Chavantes,2024,Res SS 140/2024,2024-06-20,2,variavel,34422.7,E_R-SS-140_200624.pdf
355720,Chavantes,2024,Res SS 140/2024,2024-06-20,3,fixo,74508.0,E_R-SS-140_200624.pdf
355720,Chavantes,2024,Res SS 140/2024,2024-06-20,3,variavel,34422.7,E_R-SS-140_200624.pdf
355720,Chavantes,2025,Res SS 13/2025,2025-01-24,1,fixo,62090.0,E_R-SS-13_240125.pdf
355720,Chavantes,2025,Res SS 97/2025,2025-05-30,2,fixo,62090.0,E_R-SS-97_300525.pdf
355720,Chavantes,2025,Res SS 180/2025,2025-10-08,1+2,variavel,114245.6,E_RS-SS-180_081025.pdf
355720,Chavantes,2025,Res SS 230/2025,2025-12-09,2,ajuste,0.0,E_RS-SS-230_091225.pdf
355720,Chavantes,2025,Res SS 230/2025,2025-12-09,2025,bonus,0.0,E_RS-SS-230_091225.pdf
355720,Chavantes,2025,Res SS 230/2025,2025-12-09,3,fixo,62090.0,E_RS-SS-230_091225.pdf
355720,Chavantes,2025,Res SS 230/2025,2025-12-09,3,variavel,60848.2,E_RS-SS-230_091225.pdf
355720,Chavantes,2026,Res SS 111/2026,2026-06-09,1,fixo,62090.0,E_RS-SS-111_090626.pdf
355720,Chavantes,2026,Res SS 111/2026,2026-06-09,1,variavel,52466.05,E_RS-SS-111_090626.pdf
355720,Chavantes,2026,Res SS 185/2026,2026-09-08,2,fixo,62090.0,E_RS-SS-185_080926.pdf
355720,Chavantes,2026,Res SS 185/2026,2026-09-08,2,variavel,32286.8,E_RS-SS-185_080926.pdf
355730,Estiva Gerbi,2024,Res SS 18/2024,2024-02-08,1,fixo,80549.0,E_R-SS-18_080224.pdf
355730,Estiva Gerbi,2024,Res SS 140/2024,2024-06-20,2,fixo,80549.0,E_R-SS-140_200624.pdf
355730,Estiva Gerbi,2024,Res SS 140/2024,2024-06-20,2,variavel,38690.37,E_R-SS-140_200624.pdf
355730,Estiva Gerbi,2024,Res SS 140/2024,2024-06-20,3,fixo,80549.0,E_R-SS-140_200624.pdf
355730,Estiva Gerbi,2024,Res SS 140/2024,2024-06-20,3,variavel,38690.37,E_R-SS-140_200624.pdf
355730,Estiva Gerbi,2025,Res SS 13/2025,2025-01-24,1,fixo,67124.17,E_R-SS-13_240125.pdf
355730,Estiva Gerbi,2025,Res SS 97/2025,2025-05-30,2,fixo,67124.17,E_R-SS-97_300525.pdf
355730,Estiva Gerbi,2025,Res SS 180/2025,2025-10-08,1+2,variavel,126193.43,E_RS-SS-180_081025.pdf
355730,Estiva Gerbi,2025,Res SS 230/2025,2025-12-09,2,ajuste,0.0,E_RS-SS-230_091225.pdf
355730,Estiva Gerbi,2025,Res SS 230/2025,2025-12-09,2025,bonus,0.0,E_RS-SS-230_091225.pdf
355730,Estiva Gerbi,2025,Res SS 230/2025,2025-12-09,3,fixo,67124.17,E_RS-SS-230_091225.pdf
355730,Estiva Gerbi,2025,Res SS 230/2025,2025-12-09,3,variavel,62928.91,E_RS-SS-230_091225.pdf
355730,Estiva Gerbi,2026,Res SS 111/2026,2026-06-09,1,fixo,67124.17,E_RS-SS-111_090626.pdf
355730,Estiva Gerbi,2026,Res SS 111/2026,2026-06-09,1,variavel,51014.37,E_RS-SS-111_090626.pdf
355730,Estiva Gerbi,2026,Res SS 185/2026,2026-09-08,2,fixo,67124.17,E_RS-SS-185_080926.pdf
355730,Estiva Gerbi,2026,Res SS 185/2026,2026-09-08,2,variavel,33562.08,E_RS-SS-185_080926.pdf
